{
"type": "FeatureCollection",
"name": "victoria_sa2",
"crs": { "type": "name", "properties": { "name": "urn:ogc:def:crs:OGC:1.3:CRS84" } },
"features": [
{ "type": "Feature", "properties": { "objectid": 645, "sa2_code_2021": "201011001", "sa2_name_2021": "Alfredton", "change_flag_2021": "0", "change_label_2021": "No change", "sa3_code_2021": "20101", "sa3_name_2021": "Ballarat", "sa4_code_2021": "201", "sa4_name_2021": "Ballarat", "gccsa_code_2021": "2RVIC", "gccsa_name_2021": "Rest of Vic.", "state_code_2021": "2", "state_name_2021": "Victoria", "aus_code_2021": "AUS", "aus_name_2021": "Australia", "area_albers_sqkm": 52.7109, "asgs_loci_uri_2021": "http://linked.data.gov.au/dataset/asgsed3/SA2/201011001", "shape_Length": 0.37335761666812101, "shape_Area": 0.0053739320216585054 }, "geometry": { "type": "Polygon", "coordinates": [ [ [ 143.815870742000016, -37.570438886999966 ], [ 143.685929142000077, -37.560130366999942 ], [ 143.692966812, -37.516260946999978 ], [ 143.741581932000031, -37.52394096699993 ], [ 143.74465800300004, -37.507245996999984 ], [ 143.812338022000063, -37.541365026999983 ], [ 143.815870742000016, -37.570438886999966 ] ] ] } },
{ "type": "Feature", "properties": { "objectid": 646, "sa2_code_2021": "201011002", "sa2_name_2021": "Ballarat", "change_flag_2021": "0", "change_label_2021": "No change", "sa3_code_2021": "20101", "sa3_name_2021": "Ballarat", "sa4_code_2021": "201", "sa4_name_2021": "Ballarat", "gccsa_code_2021": "2RVIC", "gccsa_name_2021": "Rest of Vic.", "state_code_2021": "2", "state_name_2021": "Victoria", "aus_code_2021": "AUS", "aus_name_2021": "Australia", "area_albers_sqkm": 12.3787, "asgs_loci_uri_2021": "http://linked.data.gov.au/dataset/asgsed3/SA2/201011002", "shape_Length": 0.16933887988865684, "shape_Area": 0.0012622619983866012 }, "geometry": { "type": "Polygon", "coordinates": [ [ [ 143.816212462000067, -37.568618336999975 ], [ 143.813427002000026, -37.540628036999976 ], [ 143.850130562000118, -37.542473355999959 ], [ 143.868496083000082, -37.564223716999948 ], [ 143.816212462000067, -37.568618336999975 ] ] ] } },
{ "type": "Feature", "properties": { "objectid": 647, "sa2_code_2021": "201011005", "sa2_name_2021": "Buninyong", "change_flag_2021": "0", "change_label_2021": "No change", "sa3_code_2021": "20101", "sa3_name_2021": "Ballarat", "sa4_code_2021": "201", "sa4_name_2021": "Ballarat", "gccsa_code_2021": "2RVIC", "gccsa_name_2021": "Rest of Vic.", "state_code_2021": "2", "state_name_2021": "Victoria", "aus_code_2021": "AUS", "aus_name_2021": "Australia", "area_albers_sqkm": 51.5855, "asgs_loci_uri_2021": "http://linked.data.gov.au/dataset/asgsed3/SA2/201011005", "shape_Length": 0.4117418428966621, "shape_Area": 0.0052662530566758362 }, "geometry": { "type": "Polygon", "coordinates": [ [ [ 143.841701832000012, -37.615974815999948 ], [ 143.897698342000012, -37.613172056999929 ], [ 143.950631993000115, -37.641394005999985 ], [ 143.911521003000075, -37.658368996999968 ], [ 143.908817013000089, -37.67600800699995 ], [ 143.858756023000069, -37.668922005999946 ], [ 143.853306972000041, -37.681228536999981 ], [ 143.834425232000058, -37.66502862599998 ], [ 143.841701832000012, -37.615974815999948 ] ] ] } },
{ "type": "Feature", "properties": { "objectid": 648, "sa2_code_2021": "201011006", "sa2_name_2021": "Delacombe", "change_flag_2021": "0", "change_label_2021": "No change", "sa3_code_2021": "20101", "sa3_name_2021": "Ballarat", "sa4_code_2021": "201", "sa4_name_2021": "Ballarat", "gccsa_code_2021": "2RVIC", "gccsa_name_2021": "Rest of Vic.", "state_code_2021": "2", "state_name_2021": "Victoria", "aus_code_2021": "AUS", "aus_name_2021": "Australia", "area_albers_sqkm": 34.1607, "asgs_loci_uri_2021": "http://linked.data.gov.au/dataset/asgsed3/SA2/201011006", "shape_Length": 0.30520865554555621, "shape_Area": 0.0034845890705264906 }, "geometry": { "type": "Polygon", "coordinates": [ [ [ 143.750494432000096, -37.591204136999977 ], [ 143.707238282000048, -37.557878036999966 ], [ 143.829190843000106, -37.570179535999955 ], [ 143.820677902000057, -37.613850026999955 ], [ 143.750494432000096, -37.591204136999977 ] ] ] } },
{ "type": "Feature", "properties": { "objectid": 649, "sa2_code_2021": "201011007", "sa2_name_2021": "Smythes Creek", "change_flag_2021": "0", "change_label_2021": "No change", "sa3_code_2021": "20101", "sa3_name_2021": "Ballarat", "sa4_code_2021": "201", "sa4_name_2021": "Ballarat", "gccsa_code_2021": "2RVIC", "gccsa_name_2021": "Rest of Vic.", "state_code_2021": "2", "state_name_2021": "Victoria", "aus_code_2021": "AUS", "aus_name_2021": "Australia", "area_albers_sqkm": 104.7274, "asgs_loci_uri_2021": "http://linked.data.gov.au/dataset/asgsed3/SA2/201011007", "shape_Length": 0.65096407103412657, "shape_Area": 0.010688081104915299 }, "geometry": { "type": "Polygon", "coordinates": [ [ [ 143.732948982000039, -37.623344996999947 ], [ 143.6552949820001, -37.609755656999937 ], [ 143.662188223000044, -37.572407286999976 ], [ 143.707238282000048, -37.557878036999966 ], [ 143.756956063000075, -37.594468695999979 ], [ 143.83196027200006, -37.618730285999959 ], [ 143.838287663000074, -37.652516376999984 ], [ 143.786252022000099, -37.658584005999955 ], [ 143.765222032000111, -37.683459986999935 ], [ 143.756185003000041, -37.66777600599994 ], [ 143.731748972000105, -37.679554995999979 ], [ 143.717858023000076, -37.641605995999953 ], [ 143.732948982000039, -37.623344996999947 ] ] ] } },
{ "type": "Feature", "properties": { "objectid": 650, "sa2_code_2021": "201011008", "sa2_name_2021": "Wendouree - Miners Rest", "change_flag_2021": "0", "change_label_2021": "No change", "sa3_code_2021": "20101", "sa3_name_2021": "Ballarat", "sa4_code_2021": "201", "sa4_name_2021": "Ballarat", "gccsa_code_2021": "2RVIC", "gccsa_name_2021": "Rest of Vic.", "state_code_2021": "2", "state_name_2021": "Victoria", "aus_code_2021": "AUS", "aus_name_2021": "Australia", "area_albers_sqkm": 67.5736, "asgs_loci_uri_2021": "http://linked.data.gov.au/dataset/asgsed3/SA2/201011008", "shape_Length": 0.38487086563793838, "shape_Area": 0.0068851713801670166 }, "geometry": { "type": "Polygon", "coordinates": [ [ [ 143.800909142000023, -37.539902856999959 ], [ 143.74465800300004, -37.507245996999984 ], [ 143.751785833000099, -37.46865147699998 ], [ 143.764701103000107, -37.46813730599996 ], [ 143.754192503000013, -37.454818546999945 ], [ 143.819952142000034, -37.455070946999967 ], [ 143.833552002000033, -37.480038006999962 ], [ 143.853036982000049, -37.48238598599994 ], [ 143.850130562000118, -37.542473355999959 ], [ 143.800909142000023, -37.539902856999959 ] ] ] } },
{ "type": "Feature", "properties": { "objectid": 651, "sa2_code_2021": "201011481", "sa2_name_2021": "Ballarat East - Warrenheip", "change_flag_2021": "1", "change_label_2021": "New", "sa3_code_2021": "20101", "sa3_name_2021": "Ballarat", "sa4_code_2021": "201", "sa4_name_2021": "Ballarat", "gccsa_code_2021": "2RVIC", "gccsa_name_2021": "Rest of Vic.", "state_code_2021": "2", "state_name_2021": "Victoria", "aus_code_2021": "AUS", "aus_name_2021": "Australia", "area_albers_sqkm": 19.2159, "asgs_loci_uri_2021": "http://linked.data.gov.au/dataset/asgsed3/SA2/201011481", "shape_Length": 0.25841410158946987, "shape_Area": 0.0019598033087128066 }, "geometry": { "type": "Polygon", "coordinates": [ [ [ 143.860973393000108, -37.560097785999972 ], [ 143.941298582000059, -37.562178556999982 ], [ 143.945610032000104, -37.584370996999951 ], [ 143.902572842000041, -37.596992935999936 ], [ 143.905802513000026, -37.576644745999943 ], [ 143.860973393000108, -37.560097785999972 ] ] ] } },
{ "type": "Feature", "properties": { "objectid": 652, "sa2_code_2021": "201011482", "sa2_name_2021": "Ballarat North - Invermay", "change_flag_2021": "1", "change_label_2021": "New", "sa3_code_2021": "20101", "sa3_name_2021": "Ballarat", "sa4_code_2021": "201", "sa4_name_2021": "Ballarat", "gccsa_code_2021": "2RVIC", "gccsa_name_2021": "Rest of Vic.", "state_code_2021": "2", "state_name_2021": "Victoria", "aus_code_2021": "AUS", "aus_name_2021": "Australia", "area_albers_sqkm": 73.1419, "asgs_loci_uri_2021": "http://linked.data.gov.au/dataset/asgsed3/SA2/201011482", "shape_Length": 0.4094309032476327, "shape_Area": 0.007454340724000183 }, "geometry": { "type": "Polygon", "coordinates": [ [ [ 143.859798023000053, -37.559951196999975 ], [ 143.856795602000034, -37.468472936999945 ], [ 143.94392899200011, -37.49004700699993 ], [ 143.936705202000098, -37.538215455999932 ], [ 143.95069550300002, -37.559861636999983 ], [ 143.900913992000028, -37.54828400699995 ], [ 143.859798023000053, -37.559951196999975 ] ] ] } },
{ "type": "Feature", "properties": { "objectid": 653, "sa2_code_2021": "201011483", "sa2_name_2021": "Canadian - Mount Clear", "change_flag_2021": "1", "change_label_2021": "New", "sa3_code_2021": "20101", "sa3_name_2021": "Ballarat", "sa4_code_2021": "201", "sa4_name_2021": "Ballarat", "gccsa_code_2021": "2RVIC", "gccsa_name_2021": "Rest of Vic.", "state_code_2021": "2", "state_name_2021": "Victoria", "aus_code_2021": "AUS", "aus_name_2021": "Australia", "area_albers_sqkm": 22.2728, "asgs_loci_uri_2021": "http://linked.data.gov.au/dataset/asgsed3/SA2/201011483", "shape_Length": 0.22436820339957678, "shape_Area": 0.0022721918163851702 }, "geometry": { "type": "Polygon", "coordinates": [ [ [ 143.850077782000085, -37.574463116999937 ], [ 143.867503943000088, -37.564982916999952 ], [ 143.905802513000026, -37.576644745999943 ], [ 143.897698342000012, -37.613172056999929 ], [ 143.847109232000093, -37.609001706999948 ], [ 143.850077782000085, -37.574463116999937 ] ] ] } },
{ "type": "Feature", "properties": { "objectid": 654, "sa2_code_2021": "201011484", "sa2_name_2021": "Sebastopol - Redan", "change_flag_2021": "1", "change_label_2021": "New", "sa3_code_2021": "20101", "sa3_name_2021": "Ballarat", "sa4_code_2021": "201", "sa4_name_2021": "Ballarat", "gccsa_code_2021": "2RVIC", "gccsa_name_2021": "Rest of Vic.", "state_code_2021": "2", "state_name_2021": "Victoria", "aus_code_2021": "AUS", "aus_name_2021": "Australia", "area_albers_sqkm": 10.5813, "asgs_loci_uri_2021": "http://linked.data.gov.au/dataset/asgsed3/SA2/201011484", "shape_Length": 0.16702767185264006, "shape_Area": 0.0010795800058523062 }, "geometry": { "type": "Polygon", "coordinates": [ [ [ 143.817777362000015, -37.613535205999938 ], [ 143.829190843000106, -37.570179535999955 ], [ 143.849145133000093, -37.571845035999957 ], [ 143.835085003000017, -37.623600996999983 ], [ 143.817777362000015, -37.613535205999938 ] ] ] } },
{ "type": "Feature", "properties": { "objectid": 655, "sa2_code_2021": "201021009", "sa2_name_2021": "Bacchus Marsh Surrounds", "change_flag_2021": "3", "change_label_2021": "Name change", "sa3_code_2021": "20102", "sa3_name_2021": "Creswick - Daylesford - Ballan", "sa4_code_2021": "201", "sa4_name_2021": "Ballarat", "gccsa_code_2021": "2RVIC", "gccsa_name_2021": "Rest of Vic.", "state_code_2021": "2", "state_name_2021": "Victoria", "aus_code_2021": "AUS", "aus_name_2021": "Australia", "area_albers_sqkm": 1038.8122, "asgs_loci_uri_2021": "http://linked.data.gov.au/dataset/asgsed3/SA2/201021009", "shape_Length": 2.5515466900068402, "shape_Area": 0.10603196708752816 }, "geometry": { "type": "Polygon", "coordinates": [ [ [ 144.143656993000036, -37.566650986999946 ], [ 144.198795972000084, -37.539979906999974 ], [ 144.158280973000046, -37.478855166999949 ], [ 144.179335993000109, -37.451281996999967 ], [ 144.173933342000055, -37.436052236999956 ], [ 144.263532992000023, -37.446290986999941 ], [ 144.268699232000017, -37.427590506999934 ], [ 144.300312982000037, -37.436412986999983 ], [ 144.342047332000107, -37.420649156999957 ], [ 144.426395702000036, -37.458880736999959 ], [ 144.470467442000086, -37.428795726999965 ], [ 144.452952992000064, -37.58714798699998 ], [ 144.420726003000027, -37.592830986999957 ], [ 144.423197022000068, -37.613633996999965 ], [ 144.384799022000038, -37.606741986999964 ], [ 144.402111992000073, -37.639664996999954 ], [ 144.337715992000085, -37.618654986999957 ], [ 144.333634052000093, -37.637426066999979 ], [ 144.35664401300005, -37.64776399699997 ], [ 144.345720992000111, -37.658115985999984 ], [ 144.392624002000048, -37.696225986999934 ], [ 144.402728992000107, -37.727779996999971 ], [ 144.46274699200012, -37.706029985999976 ], [ 144.464823013000114, -37.691978996999978 ], [ 144.487188012000047, -37.696013996999966 ], [ 144.466844052000056, -37.839094776999957 ], [ 144.448984892000112, -37.83706114599994 ], [ 144.444061002000012, -37.864033995999932 ], [ 144.421809002000032, -37.846586995999985 ], [ 144.406357012000058, -37.800933986999951 ], [ 144.399118552000118, -37.815232236999975 ], [ 144.361987762000012, -37.810829526999953 ], [ 144.354366083000059, -37.844957776999934 ], [ 144.330447962000108, -37.846288975999983 ], [ 144.296015872000112, -37.819564726999943 ], [ 144.176389822000033, -37.802879486999984 ], [ 144.190341252000053, -37.777852006999979 ], [ 144.164531012000111, -37.759903985999983 ], [ 144.18051516200012, -37.729525326999976 ], [ 144.151892992000057, -37.723301995999975 ], [ 144.178879012000039, -37.661525006999966 ], [ 144.152598032000014, -37.652768985999955 ], [ 144.156249273000071, -37.629975606999949 ], [ 144.133416983000075, -37.624444986999947 ], [ 144.130124982000098, -37.592258006999941 ], [ 144.143656993000036, -37.566650986999946 ] ] ] } },
{ "type": "Feature", "properties": { "objectid": 656, "sa2_code_2021": "201021010", "sa2_name_2021": "Creswick - Clunes", "change_flag_2021": "0", "change_label_2021": "No change", "sa3_code_2021": "20102", "sa3_name_2021": "Creswick - Daylesford - Ballan", "sa4_code_2021": "201", "sa4_name_2021": "Ballarat", "gccsa_code_2021": "2RVIC", "gccsa_name_2021": "Rest of Vic.", "state_code_2021": "2", "state_name_2021": "Victoria", "aus_code_2021": "AUS", "aus_name_2021": "Australia", "area_albers_sqkm": 856.7892, "asgs_loci_uri_2021": "http://linked.data.gov.au/dataset/asgsed3/SA2/201021010", "shape_Length": 1.9247660869971517, "shape_Area": 0.087135178450931147 }, "geometry": { "type": "Polygon", "coordinates": [ [ [ 143.639490013000113, -37.416429996999966 ], [ 143.67534877200012, -37.325206715999968 ], [ 143.649572153, -37.314122495999982 ], [ 143.667379222000022, -37.316475005999962 ], [ 143.674899022000091, -37.280023166999968 ], [ 143.693588153000064, -37.282500886999969 ], [ 143.702071012000033, -37.238568996999959 ], [ 143.670531102000041, -37.234813975999941 ], [ 143.671591762000048, -37.233286686999975 ], [ 143.713857952000012, -37.230301875999942 ], [ 143.727011242000117, -37.213670896999929 ], [ 143.758895052000071, -37.233106555999939 ], [ 143.858436932000018, -37.235347056999956 ], [ 143.875002022000103, -37.186401986999954 ], [ 143.94941140200001, -37.194460056999958 ], [ 143.958867852000026, -37.22049502699997 ], [ 144.000448512000048, -37.240354666999963 ], [ 143.977450702000056, -37.268902516999958 ], [ 144.022949002000018, -37.328442996999968 ], [ 143.988750002000074, -37.32467500599995 ], [ 143.978704002000086, -37.361360006999973 ], [ 143.990759472000036, -37.405221635999965 ], [ 144.016358022000077, -37.416191306999963 ], [ 144.034849102000067, -37.455072915999949 ], [ 144.017246172000114, -37.453065926999955 ], [ 144.011059092000096, -37.482477435999954 ], [ 143.965284853000071, -37.477286706999962 ], [ 143.94864300200004, -37.506242996999958 ], [ 143.922123672000112, -37.474391546999982 ], [ 143.856795602000034, -37.468472936999945 ], [ 143.855464012000084, -37.482670996999957 ], [ 143.833552002000033, -37.480038006999962 ], [ 143.819952142000034, -37.455070946999967 ], [ 143.754192503000013, -37.454818546999945 ], [ 143.764701103000107, -37.46813730599996 ], [ 143.751785833000099, -37.46865147699998 ], [ 143.741581932000031, -37.52394096699993 ], [ 143.688632992000066, -37.515678995999963 ], [ 143.68871204200002, -37.454433636999966 ], [ 143.651832012000114, -37.449865006999971 ], [ 143.656074332000117, -37.419959366999933 ], [ 143.639490013000113, -37.416429996999966 ] ] ] } },
{ "type": "Feature", "properties": { "objectid": 657, "sa2_code_2021": "201021011", "sa2_name_2021": "Daylesford", "change_flag_2021": "0", "change_label_2021": "No change", "sa3_code_2021": "20102", "sa3_name_2021": "Creswick - Daylesford - Ballan", "sa4_code_2021": "201", "sa4_name_2021": "Ballarat", "gccsa_code_2021": "2RVIC", "gccsa_name_2021": "Rest of Vic.", "state_code_2021": "2", "state_name_2021": "Victoria", "aus_code_2021": "AUS", "aus_name_2021": "Australia", "area_albers_sqkm": 920.7579, "asgs_loci_uri_2021": "http://linked.data.gov.au/dataset/asgsed3/SA2/201021011", "shape_Length": 1.9652189325294376, "shape_Area": 0.093595633669777814 }, "geometry": { "type": "Polygon", "coordinates": [ [ [ 144.021912993000115, -37.32611598699998 ], [ 143.977450702000056, -37.268902516999958 ], [ 143.983445642000106, -37.249154766999936 ], [ 144.038617362000082, -37.270241476999956 ], [ 144.062699802000111, -37.252110086999949 ], [ 144.07434111200007, -37.147659766999936 ], [ 144.190446012000052, -37.166139346999955 ], [ 144.185147562000111, -37.195357616999956 ], [ 144.276629992000039, -37.20906324699996 ], [ 144.292161842000041, -37.163570046999951 ], [ 144.337491482000019, -37.165646336999941 ], [ 144.380378872000051, -37.174952066999936 ], [ 144.360332632000109, -37.19404753699996 ], [ 144.376615462000018, -37.200467776999972 ], [ 144.343986472000097, -37.226225796999984 ], [ 144.310399542000027, -37.292785926999954 ], [ 144.395736462000059, -37.33158059699997 ], [ 144.392764672000112, -37.358149056999935 ], [ 144.419031352000047, -37.36050748699995 ], [ 144.417469472000107, -37.389909186999944 ], [ 144.381966842000111, -37.393327266999961 ], [ 144.379278032000116, -37.438788596999984 ], [ 144.342047332000107, -37.420649156999957 ], [ 144.300312982000037, -37.436412986999983 ], [ 144.268699232000017, -37.427590506999934 ], [ 144.263532992000023, -37.446290986999941 ], [ 144.173933342000055, -37.436052236999956 ], [ 144.164549002000058, -37.466932995999969 ], [ 144.128461272000095, -37.474074585999972 ], [ 144.124625852, -37.453788555999949 ], [ 144.083560072000068, -37.450330036999958 ], [ 144.070619982000039, -37.465417745999957 ], [ 144.047214022000048, -37.437440996999953 ], [ 144.01894302200003, -37.444273986999974 ], [ 144.019663022000032, -37.420237995999969 ], [ 143.990759472000036, -37.405221635999965 ], [ 143.978704002000086, -37.361360006999973 ], [ 143.988750002000074, -37.32467500599995 ], [ 144.021912993000115, -37.32611598699998 ] ] ] } },
{ "type": "Feature", "properties": { "objectid": 658, "sa2_code_2021": "201021012", "sa2_name_2021": "Gordon (Vic.)", "change_flag_2021": "0", "change_label_2021": "No change", "sa3_code_2021": "20102", "sa3_name_2021": "Creswick - Daylesford - Ballan", "sa4_code_2021": "201", "sa4_name_2021": "Ballarat", "gccsa_code_2021": "2RVIC", "gccsa_name_2021": "Rest of Vic.", "state_code_2021": "2", "state_name_2021": "Victoria", "aus_code_2021": "AUS", "aus_name_2021": "Australia", "area_albers_sqkm": 850.3137, "asgs_loci_uri_2021": "http://linked.data.gov.au/dataset/asgsed3/SA2/201021012", "shape_Length": 2.0504897135643967, "shape_Area": 0.08681111768885201 }, "geometry": { "type": "Polygon", "coordinates": [ [ [ 143.943308012000102, -37.588081996999961 ], [ 143.938442892000012, -37.518135016999963 ], [ 143.960351832000015, -37.503117905999943 ], [ 143.965284853000071, -37.477286706999962 ], [ 144.011059092000096, -37.482477435999954 ], [ 144.038134032000016, -37.436416005999945 ], [ 144.070619982000039, -37.465417745999957 ], [ 144.083560072000068, -37.450330036999958 ], [ 144.124625852, -37.453788555999949 ], [ 144.128461272000095, -37.474074585999972 ], [ 144.164549002000058, -37.466932995999969 ], [ 144.166715973, -37.506684496999981 ], [ 144.198483022000119, -37.550694996999937 ], [ 144.143656993000036, -37.566650986999946 ], [ 144.130124982000098, -37.592258006999941 ], [ 144.133416983000075, -37.624444986999947 ], [ 144.156249273000071, -37.629975606999949 ], [ 144.152598032000014, -37.652768985999955 ], [ 144.178879012000039, -37.661525006999966 ], [ 144.151892992000057, -37.723301995999975 ], [ 144.18051516200012, -37.729525326999976 ], [ 144.164531012000111, -37.759903985999983 ], [ 144.190341252000053, -37.777852006999979 ], [ 144.176389822000033, -37.802879486999984 ], [ 144.060211672000037, -37.795770655999945 ], [ 144.05459002200007, -37.832294986999955 ], [ 143.958061533000091, -37.827451275999977 ], [ 143.8925727620001, -37.787294886999973 ], [ 143.883036693, -37.774418476999983 ], [ 143.901883803000032, -37.766357635999952 ], [ 143.898585113000081, -37.723781516999964 ], [ 143.850521542000024, -37.685028605999946 ], [ 143.858756023000069, -37.668922005999946 ], [ 143.908817013000089, -37.67600800699995 ], [ 143.911521003000075, -37.658368996999968 ], [ 143.950631993000115, -37.641394005999985 ], [ 143.895836262000103, -37.607554066999967 ], [ 143.943308012000102, -37.588081996999961 ] ] ] } },
{ "type": "Feature", "properties": { "objectid": 659, "sa2_code_2021": "201031013", "sa2_name_2021": "Avoca", "change_flag_2021": "0", "change_label_2021": "No change", "sa3_code_2021": "20103", "sa3_name_2021": "Maryborough - Pyrenees", "sa4_code_2021": "201", "sa4_name_2021": "Ballarat", "gccsa_code_2021": "2RVIC", "gccsa_name_2021": "Rest of Vic.", "state_code_2021": "2", "state_name_2021": "Victoria", "aus_code_2021": "AUS", "aus_name_2021": "Australia", "area_albers_sqkm": 1714.2397, "asgs_loci_uri_2021": "http://linked.data.gov.au/dataset/asgsed3/SA2/201031013", "shape_Length": 2.6930235401708464, "shape_Area": 0.17378136027126598 }, "geometry": { "type": "Polygon", "coordinates": [ [ [ 143.101062303000049, -37.100840526999946 ], [ 143.102696372000082, -37.001516766999941 ], [ 143.087083312000118, -36.977237636999973 ], [ 143.105196403000036, -36.978784745999974 ], [ 143.089912432000119, -36.962932756999976 ], [ 143.106985632000033, -36.904392136999945 ], [ 143.239286702000072, -36.901829496999937 ], [ 143.353417683000089, -36.914591816999973 ], [ 143.373505752000028, -36.934078566999972 ], [ 143.581954333000112, -36.94511734699995 ], [ 143.593522562000089, -36.956181056999981 ], [ 143.575794732000077, -36.98152973699996 ], [ 143.603659092000044, -36.989932486999976 ], [ 143.562525492000077, -37.033617336999953 ], [ 143.552014223000015, -37.094151776999979 ], [ 143.58294395300004, -37.131937285999982 ], [ 143.549836922000054, -37.176318986999945 ], [ 143.585411793000048, -37.184553076999975 ], [ 143.582284102000017, -37.201733455999943 ], [ 143.640639352000107, -37.20831127699995 ], [ 143.636399662000031, -37.230833606999965 ], [ 143.702071012000033, -37.238568996999959 ], [ 143.693588153000064, -37.282500886999969 ], [ 143.674899022000091, -37.280023166999968 ], [ 143.667379222000022, -37.316475005999962 ], [ 143.649572153, -37.314122495999982 ], [ 143.67534877200012, -37.325206715999968 ], [ 143.659068822000108, -37.382777996999948 ], [ 143.646950172000061, -37.395732056999975 ], [ 143.633452143000113, -37.394012045999943 ], [ 143.636491172000092, -37.379815435999944 ], [ 143.526111992000097, -37.374872996999954 ], [ 143.517351992000044, -37.327714995999941 ], [ 143.485195023000074, -37.334279996999953 ], [ 143.456930002000036, -37.320195985999931 ], [ 143.469392012000071, -37.269371995999961 ], [ 143.401727622000067, -37.22994321699997 ], [ 143.350382012000068, -37.232957995999982 ], [ 143.336271992000093, -37.206319995999934 ], [ 143.293611953000095, -37.210623025999951 ], [ 143.276323252000111, -37.195941976999961 ], [ 143.201234033000105, -37.232234006999931 ], [ 143.161917073000041, -37.228698506999933 ], [ 143.145384722000017, -37.185307786999942 ], [ 143.088113162000013, -37.197566995999978 ], [ 143.089823183000021, -37.17753795699997 ], [ 143.062962833000029, -37.167147505999935 ], [ 143.066938272000016, -37.147368006999955 ], [ 143.095530252000117, -37.155571646999931 ], [ 143.086158802000114, -37.124803146999966 ], [ 143.101062303000049, -37.100840526999946 ] ] ] } },
{ "type": "Feature", "properties": { "objectid": 660, "sa2_code_2021": "201031014", "sa2_name_2021": "Beaufort", "change_flag_2021": "0", "change_label_2021": "No change", "sa3_code_2021": "20103", "sa3_name_2021": "Maryborough - Pyrenees", "sa4_code_2021": "201", "sa4_name_2021": "Ballarat", "gccsa_code_2021": "2RVIC", "gccsa_name_2021": "Rest of Vic.", "state_code_2021": "2", "state_name_2021": "Victoria", "aus_code_2021": "AUS", "aus_name_2021": "Australia", "area_albers_sqkm": 1863.0431, "asgs_loci_uri_2021": "http://linked.data.gov.au/dataset/asgsed3/SA2/201031014", "shape_Length": 2.7512896527090449, "shape_Area": 0.18982407661466588 }, "geometry": { "type": "Polygon", "coordinates": [ [ [ 143.197293893000051, -37.426319845999956 ], [ 143.221961832000034, -37.414390236999964 ], [ 143.208978132000084, -37.376437045999978 ], [ 143.255597242000022, -37.35755220599998 ], [ 143.241138973000034, -37.314283996999961 ], [ 143.225588992000098, -37.314382495999951 ], [ 143.226783482000087, -37.290651436999951 ], [ 143.273584112000094, -37.283976005999932 ], [ 143.237374032000048, -37.216872986999931 ], [ 143.276323252000111, -37.195941976999961 ], [ 143.293611953000095, -37.210623025999951 ], [ 143.330491082000094, -37.204618056999948 ], [ 143.350382012000068, -37.232957995999982 ], [ 143.401727622000067, -37.22994321699997 ], [ 143.469392012000071, -37.269371995999961 ], [ 143.456930002000036, -37.320195985999931 ], [ 143.485195023000074, -37.334279996999953 ], [ 143.517351992000044, -37.327714995999941 ], [ 143.526111992000097, -37.374872996999954 ], [ 143.636491172000092, -37.379815435999944 ], [ 143.639490013000113, -37.416429996999966 ], [ 143.656074332000117, -37.419959366999933 ], [ 143.651832012000114, -37.449865006999971 ], [ 143.68871204200002, -37.454433636999966 ], [ 143.685929142000077, -37.560130366999942 ], [ 143.662188223000044, -37.572407286999976 ], [ 143.651641332000054, -37.647052825999936 ], [ 143.536538182000072, -37.648311565999961 ], [ 143.535777483000061, -37.666704595999931 ], [ 143.482933802000048, -37.645976155999961 ], [ 143.446394823000105, -37.669577186999959 ], [ 143.353866993000111, -37.670375606999983 ], [ 143.304138702000046, -37.756601205999971 ], [ 143.271944063000092, -37.75336658599997 ], [ 143.267097773000046, -37.733495515999948 ], [ 143.231886373000066, -37.746436986999981 ], [ 143.072115022000048, -37.719458135999957 ], [ 143.085423983000055, -37.702574005999963 ], [ 143.121318123000037, -37.707477025999935 ], [ 143.156121313000085, -37.63262074599993 ], [ 143.174455993000038, -37.635108005999939 ], [ 143.18314500300005, -37.594023995999976 ], [ 143.153202003000047, -37.573355886999934 ], [ 143.193007443000056, -37.526453396999955 ], [ 143.179330022000045, -37.524551426999949 ], [ 143.197293893000051, -37.426319845999956 ] ] ] } },
{ "type": "Feature", "properties": { "objectid": 661, "sa2_code_2021": "201031015", "sa2_name_2021": "Golden Plains - North", "change_flag_2021": "0", "change_label_2021": "No change", "sa3_code_2021": "20103", "sa3_name_2021": "Maryborough - Pyrenees", "sa4_code_2021": "201", "sa4_name_2021": "Ballarat", "gccsa_code_2021": "2RVIC", "gccsa_name_2021": "Rest of Vic.", "state_code_2021": "2", "state_name_2021": "Victoria", "aus_code_2021": "AUS", "aus_name_2021": "Australia", "area_albers_sqkm": 922.0812, "asgs_loci_uri_2021": "http://linked.data.gov.au/dataset/asgsed3/SA2/201031015", "shape_Length": 2.1873489781913089, "shape_Area": 0.094298349613849614 }, "geometry": { "type": "Polygon", "coordinates": [ [ [ 143.753682993000098, -37.682299005999937 ], [ 143.783296983000014, -37.675540996999985 ], [ 143.786252022000099, -37.658584005999955 ], [ 143.834215322000091, -37.653837026999952 ], [ 143.854068613000095, -37.692081086999963 ], [ 143.898585113000081, -37.723781516999964 ], [ 143.901883803000032, -37.766357635999952 ], [ 143.883036693, -37.774418476999983 ], [ 143.894219023000119, -37.79198899599993 ], [ 143.812693093000121, -37.782382005999978 ], [ 143.808724993000055, -37.802720516999955 ], [ 143.741834002000019, -37.781236005999972 ], [ 143.690438642000117, -37.801624815999958 ], [ 143.690187922000064, -37.82629299599995 ], [ 143.661137753000048, -37.823649475999957 ], [ 143.651741783000034, -37.853981376999968 ], [ 143.663243913000088, -37.870151795999959 ], [ 143.636128033000091, -37.926918066999974 ], [ 143.66507183300007, -37.930452215999935 ], [ 143.65462104300002, -37.988458016999971 ], [ 143.637059873000112, -37.971629015999952 ], [ 143.621823602000063, -37.981859755999949 ], [ 143.610712932000069, -37.95819686599998 ], [ 143.479410462000033, -37.940849986999979 ], [ 143.47711727300009, -37.924366045999932 ], [ 143.443052993000038, -37.906088746999956 ], [ 143.440711922000105, -37.784849475999977 ], [ 143.465998322000019, -37.653899765999938 ], [ 143.489721233000068, -37.646810826999968 ], [ 143.494826422000074, -37.660878536999974 ], [ 143.535777483000061, -37.666704595999931 ], [ 143.536538182000072, -37.648311565999961 ], [ 143.64196452300007, -37.650303436999934 ], [ 143.6552949820001, -37.609755656999937 ], [ 143.671463023000115, -37.608909005999976 ], [ 143.732434012000112, -37.618779995999944 ], [ 143.721374032000085, -37.662174006999976 ], [ 143.731748972000105, -37.679554995999979 ], [ 143.756185003000041, -37.66777600599994 ], [ 143.753682993000098, -37.682299005999937 ] ] ] } },
{ "type": "Feature", "properties": { "objectid": 662, "sa2_code_2021": "201031016", "sa2_name_2021": "Maryborough (Vic.)", "change_flag_2021": "0", "change_label_2021": "No change", "sa3_code_2021": "20103", "sa3_name_2021": "Maryborough - Pyrenees", "sa4_code_2021": "201", "sa4_name_2021": "Ballarat", "gccsa_code_2021": "2RVIC", "gccsa_name_2021": "Rest of Vic.", "state_code_2021": "2", "state_name_2021": "Victoria", "aus_code_2021": "AUS", "aus_name_2021": "Australia", "area_albers_sqkm": 45.5379, "asgs_loci_uri_2021": "http://linked.data.gov.au/dataset/asgsed3/SA2/201031016", "shape_Length": 0.46204108297443741, "shape_Area": 0.0046127571887725404 }, "geometry": { "type": "Polygon", "coordinates": [ [ [ 143.704083982000043, -37.042297996999935 ], [ 143.703804982000065, -37.021216986999946 ], [ 143.730961932000014, -37.031746666999936 ], [ 143.753203022000093, -37.005140986999947 ], [ 143.789132012000096, -37.010428996999963 ], [ 143.762339702000077, -37.059723406999979 ], [ 143.781024012000103, -37.056324996999933 ], [ 143.781760982000037, -37.08992800599998 ], [ 143.71170905200006, -37.076648096999975 ], [ 143.690505332000043, -37.044816665999974 ], [ 143.704083982000043, -37.042297996999935 ] ] ] } },
{ "type": "Feature", "properties": { "objectid": 663, "sa2_code_2021": "201031017", "sa2_name_2021": "Maryborough Surrounds", "change_flag_2021": "3", "change_label_2021": "Name change", "sa3_code_2021": "20103", "sa3_name_2021": "Maryborough - Pyrenees", "sa4_code_2021": "201", "sa4_name_2021": "Ballarat", "gccsa_code_2021": "2RVIC", "gccsa_name_2021": "Rest of Vic.", "state_code_2021": "2", "state_name_2021": "Victoria", "aus_code_2021": "AUS", "aus_name_2021": "Australia", "area_albers_sqkm": 1627.5521, "asgs_loci_uri_2021": "http://linked.data.gov.au/dataset/asgsed3/SA2/201031017", "shape_Length": 3.176689123427582, "shape_Area": 0.16472121951163091 }, "geometry": { "type": "Polygon", "coordinates": [ [ [ 143.603659092000044, -36.989932486999976 ], [ 143.575794732000077, -36.98152973699996 ], [ 143.593522562000089, -36.956181056999981 ], [ 143.581954333000112, -36.94511734699995 ], [ 143.46676587200011, -36.930685756999935 ], [ 143.467380752000054, -36.911483096999973 ], [ 143.510281172000077, -36.868678736999982 ], [ 143.506890362000036, -36.807918206999943 ], [ 143.45958052200001, -36.746589556999936 ], [ 143.487087982000048, -36.698772926999936 ], [ 143.495435162000035, -36.711387976999958 ], [ 143.631532902000117, -36.730012856999963 ], [ 143.635238272000038, -36.704257286999962 ], [ 143.670323022000048, -36.704246996999984 ], [ 143.709994032000054, -36.729353996999976 ], [ 143.69907936200002, -36.776000416999977 ], [ 143.782066092000036, -36.776818986999956 ], [ 143.760245002000033, -36.843123006999974 ], [ 143.895673102000046, -36.860805986999935 ], [ 143.892095882000035, -36.893929516999947 ], [ 143.865668312000025, -36.902022876999979 ], [ 143.846517972000015, -36.928054526999972 ], [ 143.8598821920001, -36.949965436999946 ], [ 143.834557802000063, -36.968383006999943 ], [ 143.886061082000083, -36.975159976999976 ], [ 143.882287602000019, -36.998571636999941 ], [ 143.942893922000053, -36.991424066999969 ], [ 143.960461922000036, -37.013408006999953 ], [ 143.948651032000043, -37.016735026999982 ], [ 143.969898262000015, -37.026883776999966 ], [ 143.965264332000061, -37.110978086999978 ], [ 143.936663042000077, -37.137377966999964 ], [ 143.947462002000066, -37.165724006999938 ], [ 143.906089002000044, -37.159694996999974 ], [ 143.867460612000059, -37.194757976999938 ], [ 143.858436932000018, -37.235347056999956 ], [ 143.758895052000071, -37.233106555999939 ], [ 143.727011242000117, -37.213670896999929 ], [ 143.71366859200009, -37.230349125999965 ], [ 143.636399662000031, -37.230833606999965 ], [ 143.640639352000107, -37.20831127699995 ], [ 143.582284102000017, -37.201733455999943 ], [ 143.585411793000048, -37.184553076999975 ], [ 143.549827902000061, -37.176263546999962 ], [ 143.58294395300004, -37.131937285999982 ], [ 143.552014223000015, -37.094151776999979 ], [ 143.562525492000077, -37.033617336999953 ], [ 143.603659092000044, -36.989932486999976 ] ], [ [ 143.709079992000056, -37.021515006999948 ], [ 143.690502193000043, -37.044784506999974 ], [ 143.71170905200006, -37.076648096999975 ], [ 143.781760982000037, -37.08992800599998 ], [ 143.781024012000103, -37.056324996999933 ], [ 143.762339702000077, -37.059723406999979 ], [ 143.789132012000096, -37.010428996999963 ], [ 143.753203022000093, -37.005140986999947 ], [ 143.730961932000014, -37.031746666999936 ], [ 143.709079992000056, -37.021515006999948 ] ] ] } },
{ "type": "Feature", "properties": { "objectid": 664, "sa2_code_2021": "202011018", "sa2_name_2021": "Bendigo", "change_flag_2021": "0", "change_label_2021": "No change", "sa3_code_2021": "20201", "sa3_name_2021": "Bendigo", "sa4_code_2021": "202", "sa4_name_2021": "Bendigo", "gccsa_code_2021": "2RVIC", "gccsa_name_2021": "Rest of Vic.", "state_code_2021": "2", "state_name_2021": "Victoria", "aus_code_2021": "AUS", "aus_name_2021": "Australia", "area_albers_sqkm": 16.0796, "asgs_loci_uri_2021": "http://linked.data.gov.au/dataset/asgsed3/SA2/202011018", "shape_Length": 0.22161058607486933, "shape_Area": 0.0016225321907117828 }, "geometry": { "type": "Polygon", "coordinates": [ [ [ 144.239424992000068, -36.756536986999947 ], [ 144.279592652000019, -36.725621316999934 ], [ 144.298167841, -36.742399737999961 ], [ 144.289068902000054, -36.769368296999971 ], [ 144.268125022000049, -36.770614986999931 ], [ 144.239424992000068, -36.756536986999947 ] ] ] } },
{ "type": "Feature", "properties": { "objectid": 665, "sa2_code_2021": "202011019", "sa2_name_2021": "California Gully - Eaglehawk", "change_flag_2021": "0", "change_label_2021": "No change", "sa3_code_2021": "20201", "sa3_name_2021": "Bendigo", "sa4_code_2021": "202", "sa4_name_2021": "Bendigo", "gccsa_code_2021": "2RVIC", "gccsa_name_2021": "Rest of Vic.", "state_code_2021": "2", "state_name_2021": "Victoria", "aus_code_2021": "AUS", "aus_name_2021": "Australia", "area_albers_sqkm": 32.9308, "asgs_loci_uri_2021": "http://linked.data.gov.au/dataset/asgsed3/SA2/202011019", "shape_Length": 0.33400404253696281, "shape_Area": 0.003321091007149416 }, "geometry": { "type": "Polygon", "coordinates": [ [ [ 144.240628952000066, -36.739417426999978 ], [ 144.214163011000096, -36.701643996999962 ], [ 144.240517072000102, -36.698097417999975 ], [ 144.244033011000056, -36.67920199799994 ], [ 144.30293602200004, -36.687061976999985 ], [ 144.28691996200007, -36.731267136999975 ], [ 144.240628952000066, -36.739417426999978 ] ] ] } },
{ "type": "Feature", "properties": { "objectid": 666, "sa2_code_2021": "202011020", "sa2_name_2021": "East Bendigo - Kennington", "change_flag_2021": "0", "change_label_2021": "No change", "sa3_code_2021": "20201", "sa3_name_2021": "Bendigo", "sa4_code_2021": "202", "sa4_name_2021": "Bendigo", "gccsa_code_2021": "2RVIC", "gccsa_name_2021": "Rest of Vic.", "state_code_2021": "2", "state_name_2021": "Victoria", "aus_code_2021": "AUS", "aus_name_2021": "Australia", "area_albers_sqkm": 17.1489, "asgs_loci_uri_2021": "http://linked.data.gov.au/dataset/asgsed3/SA2/202011020", "shape_Length": 0.25367581568873293, "shape_Area": 0.0017304739318187369 }, "geometry": { "type": "Polygon", "coordinates": [ [ [ 144.290479702000084, -36.761605826999983 ], [ 144.310578092000014, -36.727565486999936 ], [ 144.34786241200004, -36.725766146999945 ], [ 144.316387802, -36.783465666999973 ], [ 144.290479702000084, -36.761605826999983 ] ] ] } },
{ "type": "Feature", "properties": { "objectid": 667, "sa2_code_2021": "202011021", "sa2_name_2021": "Flora Hill - Spring Gully", "change_flag_2021": "0", "change_label_2021": "No change", "sa3_code_2021": "20201", "sa3_name_2021": "Bendigo", "sa4_code_2021": "202", "sa4_name_2021": "Bendigo", "gccsa_code_2021": "2RVIC", "gccsa_name_2021": "Rest of Vic.", "state_code_2021": "2", "state_name_2021": "Victoria", "aus_code_2021": "AUS", "aus_name_2021": "Australia", "area_albers_sqkm": 13.2029, "asgs_loci_uri_2021": "http://linked.data.gov.au/dataset/asgsed3/SA2/202011021", "shape_Length": 0.17156880373309116, "shape_Area": 0.0013329782229269389 }, "geometry": { "type": "Polygon", "coordinates": [ [ [ 144.274893872000121, -36.771387046999962 ], [ 144.30271899100012, -36.777434476999929 ], [ 144.302074032000064, -36.811866997999971 ], [ 144.267210032000094, -36.808331996999982 ], [ 144.274893872000121, -36.771387046999962 ] ] ] } },
{ "type": "Feature", "properties": { "objectid": 668, "sa2_code_2021": "202011022", "sa2_name_2021": "Kangaroo Flat - Golden Square", "change_flag_2021": "0", "change_label_2021": "No change", "sa3_code_2021": "20201", "sa3_name_2021": "Bendigo", "sa4_code_2021": "202", "sa4_name_2021": "Bendigo", "gccsa_code_2021": "2RVIC", "gccsa_name_2021": "Rest of Vic.", "state_code_2021": "2", "state_name_2021": "Victoria", "aus_code_2021": "AUS", "aus_name_2021": "Australia", "area_albers_sqkm": 40.9147, "asgs_loci_uri_2021": "http://linked.data.gov.au/dataset/asgsed3/SA2/202011022", "shape_Length": 0.36761771343031741, "shape_Area": 0.0041315527236890394 }, "geometry": { "type": "Polygon", "coordinates": [ [ [ 144.233625361, -36.773486056999957 ], [ 144.260859002000075, -36.757043006999936 ], [ 144.277373352000041, -36.793415706999951 ], [ 144.254216002000021, -36.845106996999959 ], [ 144.231581691000088, -36.852859086999956 ], [ 144.203939002000084, -36.830691996999974 ], [ 144.233625361, -36.773486056999957 ] ] ] } },
{ "type": "Feature", "properties": { "objectid": 669, "sa2_code_2021": "202011023", "sa2_name_2021": "Maiden Gully", "change_flag_2021": "0", "change_label_2021": "No change", "sa3_code_2021": "20201", "sa3_name_2021": "Bendigo", "sa4_code_2021": "202", "sa4_name_2021": "Bendigo", "gccsa_code_2021": "2RVIC", "gccsa_name_2021": "Rest of Vic.", "state_code_2021": "2", "state_name_2021": "Victoria", "aus_code_2021": "AUS", "aus_name_2021": "Australia", "area_albers_sqkm": 42.9757, "asgs_loci_uri_2021": "http://linked.data.gov.au/dataset/asgsed3/SA2/202011023", "shape_Length": 0.33554174434287115, "shape_Area": 0.0043367696071091857 }, "geometry": { "type": "Polygon", "coordinates": [ [ [ 144.174031011000011, -36.739772996999932 ], [ 144.215458222000052, -36.708889946999932 ], [ 144.244484002000036, -36.730913986999951 ], [ 144.244004982000092, -36.761011986999961 ], [ 144.218091982000033, -36.795049996999978 ], [ 144.178835032000052, -36.790222956999969 ], [ 144.174031011000011, -36.739772996999932 ] ] ] } },
{ "type": "Feature", "properties": { "objectid": 670, "sa2_code_2021": "202011024", "sa2_name_2021": "Strathfieldsaye", "change_flag_2021": "0", "change_label_2021": "No change", "sa3_code_2021": "20201", "sa3_name_2021": "Bendigo", "sa4_code_2021": "202", "sa4_name_2021": "Bendigo", "gccsa_code_2021": "2RVIC", "gccsa_name_2021": "Rest of Vic.", "state_code_2021": "2", "state_name_2021": "Victoria", "aus_code_2021": "AUS", "aus_name_2021": "Australia", "area_albers_sqkm": 56.4142, "asgs_loci_uri_2021": "http://linked.data.gov.au/dataset/asgsed3/SA2/202011024", "shape_Length": 0.48736232792776302, "shape_Area": 0.0056954282521494565 }, "geometry": { "type": "Polygon", "coordinates": [ [ [ 144.302655002000051, -36.808212006999952 ], [ 144.325065602000109, -36.754496456999959 ], [ 144.344292012000096, -36.764032006999969 ], [ 144.376747991000116, -36.739699996999946 ], [ 144.379728991000093, -36.762739006999936 ], [ 144.399212982000108, -36.767350996999937 ], [ 144.38768321200007, -36.799466946999985 ], [ 144.423978852000118, -36.803977906999933 ], [ 144.373794012000076, -36.826009006999982 ], [ 144.302655002000051, -36.808212006999952 ] ] ] } },
{ "type": "Feature", "properties": { "objectid": 671, "sa2_code_2021": "202011025", "sa2_name_2021": "White Hills - Ascot", "change_flag_2021": "0", "change_label_2021": "No change", "sa3_code_2021": "20201", "sa3_name_2021": "Bendigo", "sa4_code_2021": "202", "sa4_name_2021": "Bendigo", "gccsa_code_2021": "2RVIC", "gccsa_name_2021": "Rest of Vic.", "state_code_2021": "2", "state_name_2021": "Victoria", "aus_code_2021": "AUS", "aus_name_2021": "Australia", "area_albers_sqkm": 67.7769, "asgs_loci_uri_2021": "http://linked.data.gov.au/dataset/asgsed3/SA2/202011025", "shape_Length": 0.46676892141672865, "shape_Area": 0.0068326950992660864 }, "geometry": { "type": "Polygon", "coordinates": [ [ [ 144.296863292000012, -36.745126896999977 ], [ 144.30293602200004, -36.687061976999985 ], [ 144.271146232000092, -36.652889887999947 ], [ 144.289982132000091, -36.627717416999928 ], [ 144.363995302000035, -36.627127286999951 ], [ 144.34786241200004, -36.725766146999945 ], [ 144.310578092000014, -36.727565486999936 ], [ 144.296863292000012, -36.745126896999977 ] ] ] } },
{ "type": "Feature", "properties": { "objectid": 672, "sa2_code_2021": "202021026", "sa2_name_2021": "Bendigo Surrounds - South", "change_flag_2021": "3", "change_label_2021": "Name change", "sa3_code_2021": "20202", "sa3_name_2021": "Heathcote - Castlemaine - Kyneton", "sa4_code_2021": "202", "sa4_name_2021": "Bendigo", "gccsa_code_2021": "2RVIC", "gccsa_name_2021": "Rest of Vic.", "state_code_2021": "2", "state_name_2021": "Victoria", "aus_code_2021": "AUS", "aus_name_2021": "Australia", "area_albers_sqkm": 796.8536, "asgs_loci_uri_2021": "http://linked.data.gov.au/dataset/asgsed3/SA2/202021026", "shape_Length": 2.6586607938105264, "shape_Area": 0.080504390621440269 }, "geometry": { "type": "Polygon", "coordinates": [ [ [ 144.42191222200006, -36.81476383699993 ], [ 144.423978852000118, -36.803977906999933 ], [ 144.529420052000091, -36.826170936999972 ], [ 144.529414942000017, -36.858731026999976 ], [ 144.512592022000035, -36.84657498699994 ], [ 144.494504002000099, -36.885673997999959 ], [ 144.504288012000075, -36.89637199699996 ], [ 144.504936982000117, -36.87694599699995 ], [ 144.523883002000048, -36.883230006999952 ], [ 144.522771032000037, -36.872687996999957 ], [ 144.529870021000079, -36.869257987999958 ], [ 144.524278002000074, -36.892833996999968 ], [ 144.532109002000084, -36.88579498699994 ], [ 144.541616012000077, -36.886125996999965 ], [ 144.530815011000072, -36.907717986999955 ], [ 144.546173002000046, -36.905788996999945 ], [ 144.549838002000115, -36.920609996999929 ], [ 144.528940002000013, -36.923917996999933 ], [ 144.534352332000026, -36.947918696999977 ], [ 144.517575982000039, -36.970488266999951 ], [ 144.438057232000119, -36.949329046999935 ], [ 144.423002002000089, -36.971151676999966 ], [ 144.385824052000089, -36.966932016999976 ], [ 144.379633322000018, -36.952710936999949 ], [ 144.300214612000104, -36.942617256999938 ], [ 144.265943012000093, -36.881929986999978 ], [ 144.235671992000107, -36.920671006999953 ], [ 144.194550872000036, -36.918274516999929 ], [ 144.190595182000038, -36.940171946999953 ], [ 144.110089072000051, -36.930946946999939 ], [ 144.114329892000114, -36.908852506999949 ], [ 143.97839999200005, -36.879574996999963 ], [ 144.006876892000037, -36.829250646999981 ], [ 144.024828972000023, -36.831496656999946 ], [ 144.031384991000095, -36.796777006999946 ], [ 144.046643381000081, -36.798698246999948 ], [ 144.071279312000115, -36.766439466999941 ], [ 144.06206722200011, -36.719409596999981 ], [ 143.99607526200009, -36.711229046999961 ], [ 143.996176992000073, -36.676789006999968 ], [ 144.050316122000027, -36.676730966999969 ], [ 144.050522052000019, -36.647264966999956 ], [ 144.144065902000079, -36.662122976999967 ], [ 144.141289932000063, -36.718714976999934 ], [ 144.175471992000098, -36.731980996999937 ], [ 144.178835032000052, -36.790222956999969 ], [ 144.217838162000021, -36.795105996999951 ], [ 144.209707022000089, -36.845488006999972 ], [ 144.24657396200007, -36.849659906999932 ], [ 144.273399012000027, -36.812600996999947 ], [ 144.309239022000042, -36.806998996999937 ], [ 144.386866012000041, -36.827288996999982 ], [ 144.385834012000032, -36.812436996999963 ], [ 144.42191222200006, -36.81476383699993 ] ] ] } },
{ "type": "Feature", "properties": { "objectid": 673, "sa2_code_2021": "202021027", "sa2_name_2021": "Castlemaine", "change_flag_2021": "0", "change_label_2021": "No change", "sa3_code_2021": "20202", "sa3_name_2021": "Heathcote - Castlemaine - Kyneton", "sa4_code_2021": "202", "sa4_name_2021": "Bendigo", "gccsa_code_2021": "2RVIC", "gccsa_name_2021": "Rest of Vic.", "state_code_2021": "2", "state_name_2021": "Victoria", "aus_code_2021": "AUS", "aus_name_2021": "Australia", "area_albers_sqkm": 83.9291, "asgs_loci_uri_2021": "http://linked.data.gov.au/dataset/asgsed3/SA2/202021027", "shape_Length": 0.53309828997124231, "shape_Area": 0.0085054988625708934 }, "geometry": { "type": "Polygon", "coordinates": [ [ [ 144.171391992000054, -37.071505006999985 ], [ 144.199380002000112, -37.05280999699994 ], [ 144.200818362000064, -37.034882146999962 ], [ 144.248626022000053, -37.042440006999982 ], [ 144.247295602, -37.056763406999949 ], [ 144.284264992000089, -37.047870996999961 ], [ 144.302290002000063, -37.078075996999985 ], [ 144.300859532000118, -37.11918125699998 ], [ 144.245047022000108, -37.108121996999955 ], [ 144.21245186200008, -37.135519426999963 ], [ 144.186953072000051, -37.12143104699993 ], [ 144.19015003200002, -37.078772006999941 ], [ 144.171391992000054, -37.071505006999985 ] ] ] } },
{ "type": "Feature", "properties": { "objectid": 674, "sa2_code_2021": "202021028", "sa2_name_2021": "Castlemaine Surrounds", "change_flag_2021": "3", "change_label_2021": "Name change", "sa3_code_2021": "20202", "sa3_name_2021": "Heathcote - Castlemaine - Kyneton", "sa4_code_2021": "202", "sa4_name_2021": "Bendigo", "gccsa_code_2021": "2RVIC", "gccsa_name_2021": "Rest of Vic.", "state_code_2021": "2", "state_name_2021": "Victoria", "aus_code_2021": "AUS", "aus_name_2021": "Australia", "area_albers_sqkm": 1514.9804, "asgs_loci_uri_2021": "http://linked.data.gov.au/dataset/asgsed3/SA2/202021028", "shape_Length": 3.7402760591687128, "shape_Area": 0.15345755990641233 }, "geometry": { "type": "Polygon", "coordinates": [ [ [ 143.848597052000059, -36.934068516999957 ], [ 143.866395252000075, -36.90125577699996 ], [ 143.892095882000035, -36.893929516999947 ], [ 143.895673102000046, -36.860805986999935 ], [ 143.943834962000096, -36.866672986999959 ], [ 143.946550012000102, -36.853064996999933 ], [ 143.982639032000066, -36.857450976999985 ], [ 143.97839999200005, -36.879574996999963 ], [ 144.012492852000037, -36.89643581699994 ], [ 144.114329892000114, -36.908852506999949 ], [ 144.110089072000051, -36.930946946999939 ], [ 144.190595182000038, -36.940171946999953 ], [ 144.194550872000036, -36.918274516999929 ], [ 144.235671992000107, -36.920671006999953 ], [ 144.265943012000093, -36.881929986999978 ], [ 144.300214612000104, -36.942617256999938 ], [ 144.379633322000018, -36.952710936999949 ], [ 144.385824052000089, -36.966932016999976 ], [ 144.423002002000089, -36.971151676999966 ], [ 144.438057232000119, -36.949329046999935 ], [ 144.517575982000039, -36.970488266999951 ], [ 144.544824002000041, -36.927472996999938 ], [ 144.522526002000063, -37.005353996999929 ], [ 144.545364342000084, -37.013154026999985 ], [ 144.550454412000022, -37.054812416999937 ], [ 144.530426862000013, -37.100300026999946 ], [ 144.545024892000015, -37.121921816999929 ], [ 144.52727363200006, -37.177301696999962 ], [ 144.464059282000107, -37.168560906999971 ], [ 144.478475502000038, -37.155167366999933 ], [ 144.43636326100011, -37.165330746999985 ], [ 144.418052892000105, -37.136250546999975 ], [ 144.393117082000117, -37.135098496999944 ], [ 144.390149632000089, -37.159926756999937 ], [ 144.36734041200009, -37.157269406999944 ], [ 144.374470212000119, -37.173176356999932 ], [ 144.292161842000041, -37.163570046999951 ], [ 144.276629992000039, -37.20906324699996 ], [ 144.185147562000111, -37.195357616999956 ], [ 144.190446012000052, -37.166139346999955 ], [ 144.07434111200007, -37.147659766999936 ], [ 144.063561792000087, -37.249508066999965 ], [ 144.036783382000067, -37.269844496999951 ], [ 143.958867852000026, -37.22049502699997 ], [ 143.94941140200001, -37.194460056999958 ], [ 143.889355032000026, -37.188091905999954 ], [ 143.906089002000044, -37.159694996999974 ], [ 143.947462002000066, -37.165724006999938 ], [ 143.936663042000077, -37.137377966999964 ], [ 143.965240942000037, -37.111050526999975 ], [ 143.973717112000031, -37.034210986999938 ], [ 143.948651032000043, -37.016735026999982 ], [ 143.960461922000036, -37.013408006999953 ], [ 143.942893922000053, -36.991424066999969 ], [ 143.882287602000019, -36.998571636999941 ], [ 143.886061082000083, -36.975159976999976 ], [ 143.834627912000087, -36.968650426999943 ], [ 143.8598821920001, -36.949965436999946 ], [ 143.848597052000059, -36.934068516999957 ] ], [ [ 144.284264992000089, -37.047870996999961 ], [ 144.200818362000064, -37.034882146999962 ], [ 144.191305152000041, -37.061687666999944 ], [ 144.173078032000035, -37.059456986999976 ], [ 144.167985262000116, -37.074484996999956 ], [ 144.19015003200002, -37.078772006999941 ], [ 144.186953072000051, -37.12143104699993 ], [ 144.21245186200008, -37.135519426999963 ], [ 144.245047022000108, -37.108121996999955 ], [ 144.300859532000118, -37.11918125699998 ], [ 144.302290002000063, -37.078075996999985 ], [ 144.284264992000089, -37.047870996999961 ] ] ] } },
{ "type": "Feature", "properties": { "objectid": 675, "sa2_code_2021": "202021029", "sa2_name_2021": "Heathcote", "change_flag_2021": "0", "change_label_2021": "No change", "sa3_code_2021": "20202", "sa3_name_2021": "Heathcote - Castlemaine - Kyneton", "sa4_code_2021": "202", "sa4_name_2021": "Bendigo", "gccsa_code_2021": "2RVIC", "gccsa_name_2021": "Rest of Vic.", "state_code_2021": "2", "state_name_2021": "Victoria", "aus_code_2021": "AUS", "aus_name_2021": "Australia", "area_albers_sqkm": 756.8174, "asgs_loci_uri_2021": "http://linked.data.gov.au/dataset/asgsed3/SA2/202021029", "shape_Length": 1.9599998333335424, "shape_Area": 0.07647686212155809 }, "geometry": { "type": "Polygon", "coordinates": [ [ [ 144.545510012000022, -36.927782996999952 ], [ 144.525564992000113, -36.933738996999978 ], [ 144.533259992000012, -36.91788799699998 ], [ 144.541302001000076, -36.92745399699993 ], [ 144.549838002000115, -36.920609996999929 ], [ 144.546173002000046, -36.905788996999945 ], [ 144.530815011000072, -36.907717986999955 ], [ 144.54149403200006, -36.885944986999959 ], [ 144.526075992000074, -36.894321996999963 ], [ 144.523078032000058, -36.890770996999947 ], [ 144.53026203200011, -36.869387986999982 ], [ 144.523883002000048, -36.883230006999952 ], [ 144.504936982000117, -36.87694599699995 ], [ 144.504288012000075, -36.89637199699996 ], [ 144.494524992000038, -36.885843996999938 ], [ 144.512592022000035, -36.84657498699994 ], [ 144.529414942000017, -36.858731026999976 ], [ 144.529420052000091, -36.826170936999972 ], [ 144.464942872000051, -36.80256598699998 ], [ 144.465320972000086, -36.770356986999957 ], [ 144.447668742000019, -36.751383496999949 ], [ 144.47537891200011, -36.720454936999943 ], [ 144.667105572000082, -36.72540259699997 ], [ 144.666159121000078, -36.762611856999968 ], [ 144.79468526200003, -36.750722936999978 ], [ 144.784766531000059, -36.780526067999972 ], [ 144.798546962000046, -36.832621306999954 ], [ 144.852979332000018, -36.875031467999975 ], [ 144.804266622000114, -36.925888316999931 ], [ 144.796572751000099, -36.965539446999969 ], [ 144.71826554200004, -36.974714036999956 ], [ 144.688207311000042, -36.994565776999934 ], [ 144.688437012, -37.010982866999939 ], [ 144.525624012000094, -37.013570996999931 ], [ 144.545510012000022, -36.927782996999952 ] ] ] } },
{ "type": "Feature", "properties": { "objectid": 676, "sa2_code_2021": "202021030", "sa2_name_2021": "Kyneton", "change_flag_2021": "0", "change_label_2021": "No change", "sa3_code_2021": "20202", "sa3_name_2021": "Heathcote - Castlemaine - Kyneton", "sa4_code_2021": "202", "sa4_name_2021": "Bendigo", "gccsa_code_2021": "2RVIC", "gccsa_name_2021": "Rest of Vic.", "state_code_2021": "2", "state_name_2021": "Victoria", "aus_code_2021": "AUS", "aus_name_2021": "Australia", "area_albers_sqkm": 556.4897, "asgs_loci_uri_2021": "http://linked.data.gov.au/dataset/asgsed3/SA2/202021030", "shape_Length": 1.6534327912873452, "shape_Area": 0.056496771368473475 }, "geometry": { "type": "Polygon", "coordinates": [ [ [ 144.310399542000027, -37.292785926999954 ], [ 144.376615462000018, -37.200467776999972 ], [ 144.360332632000109, -37.19404753699996 ], [ 144.380503412000053, -37.175258696999947 ], [ 144.36734041200009, -37.157269406999944 ], [ 144.390149632000089, -37.159926756999937 ], [ 144.393117082000117, -37.135098496999944 ], [ 144.418052892000105, -37.136250546999975 ], [ 144.43636326100011, -37.165330746999985 ], [ 144.478475502000038, -37.155167366999933 ], [ 144.464059282000107, -37.168560906999971 ], [ 144.521806702000049, -37.178449656999931 ], [ 144.541924002000087, -37.113581516999943 ], [ 144.57372014200007, -37.099164496999947 ], [ 144.715362842000104, -37.100336846999937 ], [ 144.735217562000116, -37.12651406699996 ], [ 144.711807412000098, -37.176440646999936 ], [ 144.658756012000026, -37.180767006999929 ], [ 144.649707001000024, -37.207147006999946 ], [ 144.627710972000045, -37.215343116999975 ], [ 144.648930032000067, -37.221276376999981 ], [ 144.597150692000014, -37.24056887699993 ], [ 144.56459554200012, -37.299493966999933 ], [ 144.494115172000079, -37.29221593699998 ], [ 144.501005492000104, -37.307086866999953 ], [ 144.460570352000104, -37.338599066999961 ], [ 144.446387952, -37.386072476999971 ], [ 144.415104822000103, -37.382348166999975 ], [ 144.419031352000047, -37.36050748699995 ], [ 144.392764672000112, -37.358149056999935 ], [ 144.395736462000059, -37.33158059699997 ], [ 144.310399542000027, -37.292785926999954 ] ] ] } },
{ "type": "Feature", "properties": { "objectid": 677, "sa2_code_2021": "202021031", "sa2_name_2021": "Woodend", "change_flag_2021": "0", "change_label_2021": "No change", "sa3_code_2021": "20202", "sa3_name_2021": "Heathcote - Castlemaine - Kyneton", "sa4_code_2021": "202", "sa4_name_2021": "Bendigo", "gccsa_code_2021": "2RVIC", "gccsa_name_2021": "Rest of Vic.", "state_code_2021": "2", "state_name_2021": "Victoria", "aus_code_2021": "AUS", "aus_name_2021": "Australia", "area_albers_sqkm": 211.8678, "asgs_loci_uri_2021": "http://linked.data.gov.au/dataset/asgsed3/SA2/202021031", "shape_Length": 0.98555552165976135, "shape_Area": 0.02154745104492212 }, "geometry": { "type": "Polygon", "coordinates": [ [ [ 144.446387952, -37.386072476999971 ], [ 144.460570352000104, -37.338599066999961 ], [ 144.501005492000104, -37.307086866999953 ], [ 144.494115172000079, -37.29221593699998 ], [ 144.56459554200012, -37.299493966999933 ], [ 144.569456132000028, -37.273565846999929 ], [ 144.597331982000014, -37.255464986999982 ], [ 144.660166002000096, -37.292971996999938 ], [ 144.634292982000034, -37.336322996999968 ], [ 144.604399012000044, -37.335476986999936 ], [ 144.60028228200008, -37.359553226999935 ], [ 144.575919002000091, -37.358936006999954 ], [ 144.561632982000106, -37.385539006999977 ], [ 144.545499792000101, -37.382763336999972 ], [ 144.512884532000044, -37.415095606999955 ], [ 144.478199342000039, -37.414226106999934 ], [ 144.450203042000112, -37.450650236999934 ], [ 144.425909732000036, -37.45886874699994 ], [ 144.379278032000116, -37.438788596999984 ], [ 144.381966842000111, -37.393327266999961 ], [ 144.446387952, -37.386072476999971 ] ] ] } },
{ "type": "Feature", "properties": { "objectid": 678, "sa2_code_2021": "202031032", "sa2_name_2021": "Bendigo Surrounds - North", "change_flag_2021": "3", "change_label_2021": "Name change", "sa3_code_2021": "20203", "sa3_name_2021": "Loddon - Elmore", "sa4_code_2021": "202", "sa4_name_2021": "Bendigo", "gccsa_code_2021": "2RVIC", "gccsa_name_2021": "Rest of Vic.", "state_code_2021": "2", "state_name_2021": "Victoria", "aus_code_2021": "AUS", "aus_name_2021": "Australia", "area_albers_sqkm": 1440.2175, "asgs_loci_uri_2021": "http://linked.data.gov.au/dataset/asgsed3/SA2/202031032", "shape_Length": 2.8577690785461352, "shape_Area": 0.14498038800108123 }, "geometry": { "type": "Polygon", "coordinates": [ [ [ 144.363995302000035, -36.627127286999951 ], [ 144.289982132000091, -36.627717416999928 ], [ 144.271146232000092, -36.652889887999947 ], [ 144.283030852000024, -36.652276186999984 ], [ 144.291446112000017, -36.685821076999957 ], [ 144.244033011000056, -36.67920199799994 ], [ 144.240517072000102, -36.698097417999975 ], [ 144.220514011000091, -36.696836986999983 ], [ 144.174616942000057, -36.731796826999982 ], [ 144.141289932000063, -36.718714976999934 ], [ 144.144065902000079, -36.662122976999967 ], [ 144.098315262000028, -36.662039456999935 ], [ 144.092435042000034, -36.632589026999938 ], [ 144.058579942000051, -36.632569046999947 ], [ 144.047431022000069, -36.603824006999957 ], [ 144.086265012000013, -36.603855986999974 ], [ 144.08628099200007, -36.574705006999977 ], [ 144.104117562000056, -36.574711957999966 ], [ 144.076711822000107, -36.560120456999982 ], [ 144.10425710200002, -36.545567036999955 ], [ 144.074849522000022, -36.545538886999964 ], [ 144.074924821000081, -36.530971266999984 ], [ 144.095222032000038, -36.524362766999957 ], [ 144.094855611000071, -36.495064336999974 ], [ 144.12199307100002, -36.495177556999977 ], [ 144.121844882000119, -36.47336607699998 ], [ 144.266268012000069, -36.458488006999971 ], [ 144.301107001000105, -36.370868986999938 ], [ 144.358321302000036, -36.385183257999984 ], [ 144.369398871000044, -36.407849397999939 ], [ 144.415702072000045, -36.396324266999954 ], [ 144.43021082100006, -36.411304237999957 ], [ 144.668177641000057, -36.40659263799995 ], [ 144.674261281000099, -36.425500287999967 ], [ 144.658719002000112, -36.440483306999965 ], [ 144.671546521000096, -36.457117816999983 ], [ 144.620616611000059, -36.481335746999946 ], [ 144.610254741000062, -36.516765686999975 ], [ 144.626024892000032, -36.527385057999936 ], [ 144.608433462000107, -36.528969786999937 ], [ 144.610535171000038, -36.55593044699998 ], [ 144.587219041000026, -36.557899386999964 ], [ 144.598403881000081, -36.574521926999978 ], [ 144.589719222000099, -36.59483501699998 ], [ 144.525438742000119, -36.659801597999945 ], [ 144.534764162000101, -36.688034877999939 ], [ 144.518464791000042, -36.724875476999955 ], [ 144.47537891200011, -36.720454936999943 ], [ 144.447804992000101, -36.751051996999934 ], [ 144.465320972000086, -36.770356986999957 ], [ 144.467574012000114, -36.809787996999944 ], [ 144.38768321200007, -36.799466946999985 ], [ 144.399212982000108, -36.767350996999937 ], [ 144.379728991000093, -36.762739006999936 ], [ 144.384875012000066, -36.744604986999946 ], [ 144.376747991000116, -36.739699996999946 ], [ 144.344292012000096, -36.764032006999969 ], [ 144.325065602000109, -36.754496456999959 ], [ 144.344917001000113, -36.740037006999955 ], [ 144.363995302000035, -36.627127286999951 ] ] ] } },
{ "type": "Feature", "properties": { "objectid": 679, "sa2_code_2021": "202031033", "sa2_name_2021": "Loddon", "change_flag_2021": "0", "change_label_2021": "No change", "sa3_code_2021": "20203", "sa3_name_2021": "Loddon - Elmore", "sa4_code_2021": "202", "sa4_name_2021": "Bendigo", "gccsa_code_2021": "2RVIC", "gccsa_name_2021": "Rest of Vic.", "state_code_2021": "2", "state_name_2021": "Victoria", "aus_code_2021": "AUS", "aus_name_2021": "Australia", "area_albers_sqkm": 6193.3066, "asgs_loci_uri_2021": "http://linked.data.gov.au/dataset/asgsed3/SA2/202031033", "shape_Length": 4.9668301561269912, "shape_Area": 0.62170433108449141 }, "geometry": { "type": "Polygon", "coordinates": [ [ [ 143.441123422000032, -36.460202136999953 ], [ 143.438858921000019, -36.368417816999965 ], [ 143.478501722000033, -36.37613525699993 ], [ 143.482129272000066, -36.29504888699995 ], [ 143.5139557010001, -36.295086626999932 ], [ 143.508029632000103, -36.26498653699997 ], [ 143.5687319110001, -36.222247996999954 ], [ 143.531716532000019, -36.203338906999932 ], [ 143.536652282000091, -36.174039757999935 ], [ 143.513541352000061, -36.173277536999933 ], [ 143.511591962000011, -36.10134674699998 ], [ 143.482198732000029, -36.101702407999937 ], [ 143.47568845100011, -35.975299487999962 ], [ 143.618054402000098, -35.969410976999939 ], [ 143.617818972, -35.934851067999944 ], [ 143.728244281000116, -35.932481467999935 ], [ 143.728389372000038, -35.905865306999942 ], [ 143.873990641000091, -35.91607408699997 ], [ 143.861709602000019, -35.934886347999964 ], [ 143.918466841000054, -35.937409957999932 ], [ 143.922565102000021, -35.952809486999968 ], [ 144.184996451000075, -35.946696766999935 ], [ 144.187286751000102, -35.907569366999951 ], [ 144.263117511000019, -35.931389387999957 ], [ 144.260050302000082, -35.949007256999948 ], [ 144.291402381000012, -35.984427487999938 ], [ 144.279941022000116, -36.013283637999962 ], [ 144.317841852000015, -36.049839556999984 ], [ 144.303933232000077, -36.061304396999958 ], [ 144.318668031000016, -36.101198517999933 ], [ 144.2892366210001, -36.129187707999961 ], [ 144.266784841000117, -36.224796506999951 ], [ 144.281728791000091, -36.327723286999969 ], [ 144.331833612000082, -36.327718167999933 ], [ 144.331888332000062, -36.370854986999973 ], [ 144.301107001000105, -36.370868986999938 ], [ 144.266268012000069, -36.458488006999971 ], [ 144.121844882000119, -36.47336607699998 ], [ 144.12199307100002, -36.495177556999977 ], [ 144.094855611000071, -36.495064336999974 ], [ 144.095222032000038, -36.524362766999957 ], [ 144.074924821000081, -36.530971266999984 ], [ 144.074849522000022, -36.545538886999964 ], [ 144.10425710200002, -36.545567036999955 ], [ 144.076711822000107, -36.560120456999982 ], [ 144.104117562000056, -36.574711957999966 ], [ 144.08628099200007, -36.574705006999977 ], [ 144.086265012000013, -36.603855986999974 ], [ 144.047431022000069, -36.603824006999957 ], [ 144.058579942000051, -36.632569046999947 ], [ 144.092435042000034, -36.632589026999938 ], [ 144.094283982000093, -36.647309976999964 ], [ 144.050522052000019, -36.647264966999956 ], [ 144.050316122000027, -36.676730966999969 ], [ 143.996176992000073, -36.676789006999968 ], [ 143.99607526200009, -36.711229046999961 ], [ 144.06206722200011, -36.719409596999981 ], [ 144.075654712000073, -36.743137916999956 ], [ 144.046643381000081, -36.798698246999948 ], [ 144.031384991000095, -36.796777006999946 ], [ 144.024828972000023, -36.831496656999946 ], [ 144.006876892000037, -36.829250646999981 ], [ 144.000977062000061, -36.859675046999939 ], [ 143.851182122000068, -36.863656026999934 ], [ 143.760245002000033, -36.843123006999974 ], [ 143.782066092000036, -36.776818986999956 ], [ 143.69907936200002, -36.776000416999977 ], [ 143.709994032000054, -36.729353996999976 ], [ 143.670323022000048, -36.704246996999984 ], [ 143.635238272000038, -36.704257286999962 ], [ 143.631532902000117, -36.730012856999963 ], [ 143.495435162000035, -36.711387976999958 ], [ 143.487087982000048, -36.698772926999936 ], [ 143.502989932000105, -36.663655816999949 ], [ 143.486344222000071, -36.625735826999971 ], [ 143.43850589200008, -36.614586026999973 ], [ 143.421237162000011, -36.557122866999975 ], [ 143.333900222000011, -36.512403106999955 ], [ 143.316280022000115, -36.483219966999968 ], [ 143.406783232000066, -36.499938656999973 ], [ 143.412164432000054, -36.467662616999974 ], [ 143.441123422000032, -36.460202136999953 ] ] ] } },
{ "type": "Feature", "properties": { "objectid": 680, "sa2_code_2021": "203011034", "sa2_name_2021": "Bannockburn", "change_flag_2021": "0", "change_label_2021": "No change", "sa3_code_2021": "20301", "sa3_name_2021": "Barwon - West", "sa4_code_2021": "203", "sa4_name_2021": "Geelong", "gccsa_code_2021": "2RVIC", "gccsa_name_2021": "Rest of Vic.", "state_code_2021": "2", "state_name_2021": "Victoria", "aus_code_2021": "AUS", "aus_name_2021": "Australia", "area_albers_sqkm": 192.052, "asgs_loci_uri_2021": "http://linked.data.gov.au/dataset/asgsed3/SA2/203011034", "shape_Length": 0.93065614948503939, "shape_Area": 0.019717934624894292 }, "geometry": { "type": "Polygon", "coordinates": [ [ [ 144.10410734300001, -38.123992165999937 ], [ 144.097164752000026, -38.009767855999939 ], [ 144.113334102000067, -38.000157036999951 ], [ 144.134143013000084, -38.002603986999929 ], [ 144.163369803000023, -37.976628955999956 ], [ 144.195339672000046, -37.988879656999984 ], [ 144.189729593000038, -38.018893815999945 ], [ 144.28586989300004, -38.075744705999966 ], [ 144.268149002000087, -38.09283200699997 ], [ 144.263261143000022, -38.140783745999954 ], [ 144.187291062000099, -38.145909415999938 ], [ 144.140338992000011, -38.110391006999976 ], [ 144.140326223000102, -38.122180736999951 ], [ 144.119396503000075, -38.111295685999949 ], [ 144.10410734300001, -38.123992165999937 ] ] ] } },
{ "type": "Feature", "properties": { "objectid": 681, "sa2_code_2021": "203011035", "sa2_name_2021": "Golden Plains - South", "change_flag_2021": "0", "change_label_2021": "No change", "sa3_code_2021": "20301", "sa3_name_2021": "Barwon - West", "sa4_code_2021": "203", "sa4_name_2021": "Geelong", "gccsa_code_2021": "2RVIC", "gccsa_name_2021": "Rest of Vic.", "state_code_2021": "2", "state_name_2021": "Victoria", "aus_code_2021": "AUS", "aus_name_2021": "Australia", "area_albers_sqkm": 1484.5293, "asgs_loci_uri_2021": "http://linked.data.gov.au/dataset/asgsed3/SA2/203011035", "shape_Length": 2.8278648391002275, "shape_Area": 0.15215570833458625 }, "geometry": { "type": "Polygon", "coordinates": [ [ [ 143.66507183300007, -37.930452215999935 ], [ 143.636128033000091, -37.926918066999974 ], [ 143.663243913000088, -37.870151795999959 ], [ 143.651741783000034, -37.853981376999968 ], [ 143.661137753000048, -37.823649475999957 ], [ 143.690187922000064, -37.82629299599995 ], [ 143.690438642000117, -37.801624815999958 ], [ 143.741834002000019, -37.781236005999972 ], [ 143.808724993000055, -37.802720516999955 ], [ 143.812693093000121, -37.782382005999978 ], [ 143.90019936300007, -37.783447646999946 ], [ 143.92019231300003, -37.81210634699994 ], [ 143.958061533000091, -37.827451275999977 ], [ 144.05459002200007, -37.832294986999955 ], [ 144.060211672000037, -37.795770655999945 ], [ 144.218272882000065, -37.807005305999951 ], [ 144.210676282, -37.824993905999975 ], [ 144.230208092000112, -37.833862875999955 ], [ 144.248460502000057, -37.873782996999978 ], [ 144.213431343000025, -37.90144739599998 ], [ 144.202519882000047, -37.938257806999957 ], [ 144.236834373000079, -37.942382516999942 ], [ 144.240710012000022, -38.008557995999979 ], [ 144.262784153000098, -38.055264385999976 ], [ 144.216331013000058, -38.040286986999945 ], [ 144.189729593000038, -38.018893815999945 ], [ 144.195339672000046, -37.988879656999984 ], [ 144.163369803000023, -37.976628955999956 ], [ 144.134143013000084, -38.002603986999929 ], [ 144.097164752000026, -38.009767855999939 ], [ 144.094004982000115, -38.078774005999946 ], [ 144.106936022000014, -38.099007986999936 ], [ 144.089044193000063, -38.109615575999953 ], [ 143.997311193000087, -38.115993415999981 ], [ 143.979362272000117, -38.130281275999948 ], [ 143.908468942000013, -38.104500065999957 ], [ 143.900686413000017, -38.138542005999966 ], [ 143.809865362000096, -38.12769884599993 ], [ 143.828410463000068, -38.092193926999983 ], [ 143.818591563000041, -38.080150385999957 ], [ 143.829714612000089, -38.022363085999984 ], [ 143.628913113000067, -38.023406595999973 ], [ 143.65624756200009, -38.00748935699994 ], [ 143.647074713000052, -37.987219885999934 ], [ 143.622072353000021, -37.982024365999962 ], [ 143.637059873000112, -37.971629015999952 ], [ 143.65462104300002, -37.988458016999971 ], [ 143.66507183300007, -37.930452215999935 ] ] ] } },
{ "type": "Feature", "properties": { "objectid": 682, "sa2_code_2021": "203011036", "sa2_name_2021": "Winchelsea", "change_flag_2021": "0", "change_label_2021": "No change", "sa3_code_2021": "20301", "sa3_name_2021": "Barwon - West", "sa4_code_2021": "203", "sa4_name_2021": "Geelong", "gccsa_code_2021": "2RVIC", "gccsa_name_2021": "Rest of Vic.", "state_code_2021": "2", "state_name_2021": "Victoria", "aus_code_2021": "AUS", "aus_name_2021": "Australia", "area_albers_sqkm": 903.2574, "asgs_loci_uri_2021": "http://linked.data.gov.au/dataset/asgsed3/SA2/203011036", "shape_Length": 2.0831488297161171, "shape_Area": 0.092969832982253517 }, "geometry": { "type": "Polygon", "coordinates": [ [ [ 143.881480412000087, -38.242087615999935 ], [ 143.889225423000084, -38.20013853599994 ], [ 143.923662033000028, -38.172733025999946 ], [ 143.899639562000061, -38.144460135999964 ], [ 143.9071581930001, -38.104994165999983 ], [ 143.979362272000117, -38.130281275999948 ], [ 144.106019283000023, -38.100519995999946 ], [ 144.10536155200009, -38.124746816999959 ], [ 144.119396503000075, -38.111295685999949 ], [ 144.140326223000102, -38.122180736999951 ], [ 144.140338992000011, -38.110391006999976 ], [ 144.187291062000099, -38.145909415999938 ], [ 144.260083452000117, -38.137609165999947 ], [ 144.241325002000053, -38.237772995999933 ], [ 144.296120012000074, -38.244367005999948 ], [ 144.283428773000082, -38.310786715999939 ], [ 144.210504003000096, -38.302272005999953 ], [ 144.184944293000058, -38.338634495999941 ], [ 144.165370002000031, -38.342720995999969 ], [ 144.150669952000044, -38.321372036999946 ], [ 144.080445993000012, -38.338056795999933 ], [ 144.082648003000031, -38.325416005999955 ], [ 144.040016952000087, -38.316983096999934 ], [ 144.033793013000036, -38.351303996999945 ], [ 143.99713401300005, -38.346950005999929 ], [ 144.003265983000119, -38.39671300599997 ], [ 143.972295982000105, -38.384116005999942 ], [ 143.935908883000025, -38.392026545999954 ], [ 143.937134002000107, -38.460450995999963 ], [ 143.843338973000073, -38.465879525999981 ], [ 143.878780393000056, -38.276204965999966 ], [ 143.833953283000028, -38.282396175999963 ], [ 143.841323473000102, -38.242912795999985 ], [ 143.881480412000087, -38.242087615999935 ] ] ] } },
{ "type": "Feature", "properties": { "objectid": 683, "sa2_code_2021": "203021037", "sa2_name_2021": "Belmont", "change_flag_2021": "0", "change_label_2021": "No change", "sa3_code_2021": "20302", "sa3_name_2021": "Geelong", "sa4_code_2021": "203", "sa4_name_2021": "Geelong", "gccsa_code_2021": "2RVIC", "gccsa_name_2021": "Rest of Vic.", "state_code_2021": "2", "state_name_2021": "Victoria", "aus_code_2021": "AUS", "aus_name_2021": "Australia", "area_albers_sqkm": 9.3677, "asgs_loci_uri_2021": "http://linked.data.gov.au/dataset/asgsed3/SA2/203021037", "shape_Length": 0.15396386745346291, "shape_Area": 0.00096323808845211081 }, "geometry": { "type": "Polygon", "coordinates": [ [ [ 144.325156672000048, -38.176441926999985 ], [ 144.352429653000058, -38.164326735999964 ], [ 144.365080733000013, -38.184157255999935 ], [ 144.320600013000103, -38.195503985999949 ], [ 144.325156672000048, -38.176441926999985 ] ] ] } },
{ "type": "Feature", "properties": { "objectid": 684, "sa2_code_2021": "203021039", "sa2_name_2021": "Geelong", "change_flag_2021": "0", "change_label_2021": "No change", "sa3_code_2021": "20302", "sa3_name_2021": "Geelong", "sa4_code_2021": "203", "sa4_name_2021": "Geelong", "gccsa_code_2021": "2RVIC", "gccsa_name_2021": "Rest of Vic.", "state_code_2021": "2", "state_name_2021": "Victoria", "aus_code_2021": "AUS", "aus_name_2021": "Australia", "area_albers_sqkm": 12.8171, "asgs_loci_uri_2021": "http://linked.data.gov.au/dataset/asgsed3/SA2/203021039", "shape_Length": 0.19061579126127257, "shape_Area": 0.0013175299610268716 }, "geometry": { "type": "Polygon", "coordinates": [ [ [ 144.350385692000032, -38.164066736999985 ], [ 144.350960053000108, -38.132245926999929 ], [ 144.39076801200008, -38.149253306999981 ], [ 144.379988613000023, -38.193042915999968 ], [ 144.350385692000032, -38.164066736999985 ] ] ] } },
{ "type": "Feature", "properties": { "objectid": 685, "sa2_code_2021": "203021040", "sa2_name_2021": "Geelong West - Hamlyn Heights", "change_flag_2021": "0", "change_label_2021": "No change", "sa3_code_2021": "20302", "sa3_name_2021": "Geelong", "sa4_code_2021": "203", "sa4_name_2021": "Geelong", "gccsa_code_2021": "2RVIC", "gccsa_name_2021": "Rest of Vic.", "state_code_2021": "2", "state_name_2021": "Victoria", "aus_code_2021": "AUS", "aus_name_2021": "Australia", "area_albers_sqkm": 32.0375, "asgs_loci_uri_2021": "http://linked.data.gov.au/dataset/asgsed3/SA2/203021040", "shape_Length": 0.29929493911460453, "shape_Area": 0.0032918265965625505 }, "geometry": { "type": "Polygon", "coordinates": [ [ [ 144.296322872000019, -38.095179436999956 ], [ 144.352753923000023, -38.147437155999967 ], [ 144.318250763000037, -38.139326775999962 ], [ 144.291012013000113, -38.157029005999959 ], [ 144.261105122000117, -38.130341405999957 ], [ 144.26484834300004, -38.110566236999944 ], [ 144.296322872000019, -38.095179436999956 ] ] ] } },
{ "type": "Feature", "properties": { "objectid": 686, "sa2_code_2021": "203021042", "sa2_name_2021": "Highton", "change_flag_2021": "0", "change_label_2021": "No change", "sa3_code_2021": "20302", "sa3_name_2021": "Geelong", "sa4_code_2021": "203", "sa4_name_2021": "Geelong", "gccsa_code_2021": "2RVIC", "gccsa_name_2021": "Rest of Vic.", "state_code_2021": "2", "state_name_2021": "Victoria", "aus_code_2021": "AUS", "aus_name_2021": "Australia", "area_albers_sqkm": 40.587, "asgs_loci_uri_2021": "http://linked.data.gov.au/dataset/asgsed3/SA2/203021042", "shape_Length": 0.31795387809944503, "shape_Area": 0.0041731632268376213 }, "geometry": { "type": "Polygon", "coordinates": [ [ [ 144.261979182000118, -38.141486635999968 ], [ 144.322045012000103, -38.144997986999954 ], [ 144.326304962000108, -38.190588946999981 ], [ 144.246168002000104, -38.211608996999985 ], [ 144.261979182000118, -38.141486635999968 ] ] ] } },
{ "type": "Feature", "properties": { "objectid": 687, "sa2_code_2021": "203021043", "sa2_name_2021": "Lara", "change_flag_2021": "0", "change_label_2021": "No change", "sa3_code_2021": "20302", "sa3_name_2021": "Geelong", "sa4_code_2021": "203", "sa4_name_2021": "Geelong", "gccsa_code_2021": "2RVIC", "gccsa_name_2021": "Rest of Vic.", "state_code_2021": "2", "state_name_2021": "Victoria", "aus_code_2021": "AUS", "aus_name_2021": "Australia", "area_albers_sqkm": 588.6012, "asgs_loci_uri_2021": "http://linked.data.gov.au/dataset/asgsed3/SA2/203021043", "shape_Length": 1.790243834424357, "shape_Area": 0.060332776813043248 }, "geometry": { "type": "Polygon", "coordinates": [ [ [ 144.352013193000062, -38.017776356999946 ], [ 144.240756992000115, -38.00868199599995 ], [ 144.236834373000079, -37.942382516999942 ], [ 144.202519882000047, -37.938257806999957 ], [ 144.213431343000025, -37.90144739599998 ], [ 144.248460502000057, -37.873782996999978 ], [ 144.230208092000112, -37.833862875999955 ], [ 144.210676282, -37.824993905999975 ], [ 144.222486113000059, -37.810117355999978 ], [ 144.353307292000068, -37.845303706999971 ], [ 144.361987762000012, -37.810829526999953 ], [ 144.399118552000118, -37.815232236999975 ], [ 144.406357012000058, -37.800933986999951 ], [ 144.429763992000062, -37.85753000699998 ], [ 144.480115812, -37.88894907599996 ], [ 144.474018492000027, -37.935681476999946 ], [ 144.495638642000017, -37.974275176999981 ], [ 144.547547413000075, -37.971871286999942 ], [ 144.591926992000026, -38.005213966999975 ], [ 144.558663262000096, -38.037540996999951 ], [ 144.515168992000099, -38.046054956999967 ], [ 144.506635842000037, -38.091541966999955 ], [ 144.478738993000093, -38.07669689599993 ], [ 144.444941533000019, -38.091816186999949 ], [ 144.412682283000095, -38.084222845999932 ], [ 144.399325332000103, -38.074762946999954 ], [ 144.414480532000084, -38.054612285999951 ], [ 144.357924002000118, -38.048004986999956 ], [ 144.358655052000017, -38.066605466999931 ], [ 144.340517623000096, -38.064411696999969 ], [ 144.352013193000062, -38.017776356999946 ] ] ] } },
{ "type": "Feature", "properties": { "objectid": 688, "sa2_code_2021": "203021044", "sa2_name_2021": "Leopold", "change_flag_2021": "0", "change_label_2021": "No change", "sa3_code_2021": "20302", "sa3_name_2021": "Geelong", "sa4_code_2021": "203", "sa4_name_2021": "Geelong", "gccsa_code_2021": "2RVIC", "gccsa_name_2021": "Rest of Vic.", "state_code_2021": "2", "state_name_2021": "Victoria", "aus_code_2021": "AUS", "aus_name_2021": "Australia", "area_albers_sqkm": 27.9287, "asgs_loci_uri_2021": "http://linked.data.gov.au/dataset/asgsed3/SA2/203021044", "shape_Length": 0.30346255882162371, "shape_Area": 0.0028721871160875753 }, "geometry": { "type": "Polygon", "coordinates": [ [ [ 144.425470572000108, -38.234263315999954 ], [ 144.456738003000055, -38.158121225999935 ], [ 144.497783862000119, -38.161114045999966 ], [ 144.498544002000017, -38.205573005999952 ], [ 144.486919163000039, -38.21700024699993 ], [ 144.45663679200004, -38.210289056999954 ], [ 144.425470572000108, -38.234263315999954 ] ] ] } },
{ "type": "Feature", "properties": { "objectid": 689, "sa2_code_2021": "203021045", "sa2_name_2021": "Newcomb - Moolap", "change_flag_2021": "0", "change_label_2021": "No change", "sa3_code_2021": "20302", "sa3_name_2021": "Geelong", "sa4_code_2021": "203", "sa4_name_2021": "Geelong", "gccsa_code_2021": "2RVIC", "gccsa_name_2021": "Rest of Vic.", "state_code_2021": "2", "state_name_2021": "Victoria", "aus_code_2021": "AUS", "aus_name_2021": "Australia", "area_albers_sqkm": 43.2941, "asgs_loci_uri_2021": "http://linked.data.gov.au/dataset/asgsed3/SA2/203021045", "shape_Length": 0.34117123450216774, "shape_Area": 0.0044515970239520789 }, "geometry": { "type": "Polygon", "coordinates": [ [ [ 144.387435672000038, -38.207921135999982 ], [ 144.39076801200008, -38.149253306999981 ], [ 144.416900912000074, -38.155140986999982 ], [ 144.425598103000084, -38.123812976999943 ], [ 144.456738003000055, -38.158121225999935 ], [ 144.422702593000054, -38.232900335999943 ], [ 144.421400423000023, -38.21955935699998 ], [ 144.387435672000038, -38.207921135999982 ] ] ] } },
{ "type": "Feature", "properties": { "objectid": 690, "sa2_code_2021": "203021046", "sa2_name_2021": "Newtown (Vic.)", "change_flag_2021": "0", "change_label_2021": "No change", "sa3_code_2021": "20302", "sa3_name_2021": "Geelong", "sa4_code_2021": "203", "sa4_name_2021": "Geelong", "gccsa_code_2021": "2RVIC", "gccsa_name_2021": "Rest of Vic.", "state_code_2021": "2", "state_name_2021": "Victoria", "aus_code_2021": "AUS", "aus_name_2021": "Australia", "area_albers_sqkm": 5.8078, "asgs_loci_uri_2021": "http://linked.data.gov.au/dataset/asgsed3/SA2/203021046", "shape_Length": 0.11789348515254949, "shape_Area": 0.00059690531399877198 }, "geometry": { "type": "Polygon", "coordinates": [ [ [ 144.318142763000083, -38.139823896999985 ], [ 144.352753923000023, -38.147437155999967 ], [ 144.350385692000032, -38.164066736999985 ], [ 144.327976992000117, -38.167261006999979 ], [ 144.318142763000083, -38.139823896999985 ] ] ] } },
{ "type": "Feature", "properties": { "objectid": 691, "sa2_code_2021": "203021047", "sa2_name_2021": "North Geelong - Bell Park", "change_flag_2021": "0", "change_label_2021": "No change", "sa3_code_2021": "20302", "sa3_name_2021": "Geelong", "sa4_code_2021": "203", "sa4_name_2021": "Geelong", "gccsa_code_2021": "2RVIC", "gccsa_name_2021": "Rest of Vic.", "state_code_2021": "2", "state_name_2021": "Victoria", "aus_code_2021": "AUS", "aus_name_2021": "Australia", "area_albers_sqkm": 21.9321, "asgs_loci_uri_2021": "http://linked.data.gov.au/dataset/asgsed3/SA2/203021047", "shape_Length": 0.37016813448736224, "shape_Area": 0.002252881760903771 }, "geometry": { "type": "Polygon", "coordinates": [ [ [ 144.26484834300004, -38.110566236999944 ], [ 144.308448983000062, -38.076850005999972 ], [ 144.350635752000017, -38.10422136699998 ], [ 144.368166993000045, -38.096914996999942 ], [ 144.376689702000021, -38.10076408599997 ], [ 144.350960053000108, -38.132245926999929 ], [ 144.305252312000107, -38.097394385999962 ], [ 144.26484834300004, -38.110566236999944 ] ] ] } },
{ "type": "Feature", "properties": { "objectid": 692, "sa2_code_2021": "203021485", "sa2_name_2021": "Charlemont", "change_flag_2021": "1", "change_label_2021": "New", "sa3_code_2021": "20302", "sa3_name_2021": "Geelong", "sa4_code_2021": "203", "sa4_name_2021": "Geelong", "gccsa_code_2021": "2RVIC", "gccsa_name_2021": "Rest of Vic.", "state_code_2021": "2", "state_name_2021": "Victoria", "aus_code_2021": "AUS", "aus_name_2021": "Australia", "area_albers_sqkm": 18.1166, "asgs_loci_uri_2021": "http://linked.data.gov.au/dataset/asgsed3/SA2/203021485", "shape_Length": 0.24404073212858213, "shape_Area": 0.001863676982167966 }, "geometry": { "type": "Polygon", "coordinates": [ [ [ 144.332328013000051, -38.248649995999983 ], [ 144.362825003000012, -38.185474496999973 ], [ 144.399384783000073, -38.219639665999978 ], [ 144.356373842000039, -38.221751065999968 ], [ 144.3507602520001, -38.250537756999961 ], [ 144.332328013000051, -38.248649995999983 ] ] ] } },
{ "type": "Feature", "properties": { "objectid": 693, "sa2_code_2021": "203021486", "sa2_name_2021": "Corio - Lovely Banks", "change_flag_2021": "1", "change_label_2021": "New", "sa3_code_2021": "20302", "sa3_name_2021": "Geelong", "sa4_code_2021": "203", "sa4_name_2021": "Geelong", "gccsa_code_2021": "2RVIC", "gccsa_name_2021": "Rest of Vic.", "state_code_2021": "2", "state_name_2021": "Victoria", "aus_code_2021": "AUS", "aus_name_2021": "Australia", "area_albers_sqkm": 74.351, "asgs_loci_uri_2021": "http://linked.data.gov.au/dataset/asgsed3/SA2/203021486", "shape_Length": 0.6065377510271015, "shape_Area": 0.0076317373610706729 }, "geometry": { "type": "Polygon", "coordinates": [ [ [ 144.334765842000024, -38.093947685999979 ], [ 144.259412763000114, -38.065547616999936 ], [ 144.246533002000092, -38.016965006999953 ], [ 144.351415023000072, -38.014716995999947 ], [ 144.340517623000096, -38.064411696999969 ], [ 144.358655052000017, -38.066605466999931 ], [ 144.357924002000118, -38.048004986999956 ], [ 144.41703067200001, -38.057262626999943 ], [ 144.382505832000106, -38.08704479599993 ], [ 144.337192982000033, -38.081548006999981 ], [ 144.334765842000024, -38.093947685999979 ] ] ] } },
{ "type": "Feature", "properties": { "objectid": 694, "sa2_code_2021": "203021487", "sa2_name_2021": "Grovedale - Mount Duneed", "change_flag_2021": "1", "change_label_2021": "New", "sa3_code_2021": "20302", "sa3_name_2021": "Geelong", "sa4_code_2021": "203", "sa4_name_2021": "Geelong", "gccsa_code_2021": "2RVIC", "gccsa_name_2021": "Rest of Vic.", "state_code_2021": "2", "state_name_2021": "Victoria", "aus_code_2021": "AUS", "aus_name_2021": "Australia", "area_albers_sqkm": 37.588, "asgs_loci_uri_2021": "http://linked.data.gov.au/dataset/asgsed3/SA2/203021487", "shape_Length": 0.2974565236862447, "shape_Area": 0.0038671106251563113 }, "geometry": { "type": "Polygon", "coordinates": [ [ [ 144.246168002000104, -38.211608996999985 ], [ 144.352923023000017, -38.194823005999979 ], [ 144.332328013000051, -38.248649995999983 ], [ 144.241325002000053, -38.237772995999933 ], [ 144.246168002000104, -38.211608996999985 ] ] ] } },
{ "type": "Feature", "properties": { "objectid": 695, "sa2_code_2021": "203021488", "sa2_name_2021": "Norlane", "change_flag_2021": "1", "change_label_2021": "New", "sa3_code_2021": "20302", "sa3_name_2021": "Geelong", "sa4_code_2021": "203", "sa4_name_2021": "Geelong", "gccsa_code_2021": "2RVIC", "gccsa_name_2021": "Rest of Vic.", "state_code_2021": "2", "state_name_2021": "Victoria", "aus_code_2021": "AUS", "aus_name_2021": "Australia", "area_albers_sqkm": 6.4625, "asgs_loci_uri_2021": "http://linked.data.gov.au/dataset/asgsed3/SA2/203021488", "shape_Length": 0.15005600115956855, "shape_Area": 0.0006636783041096781 }, "geometry": { "type": "Polygon", "coordinates": [ [ [ 144.336781992000056, -38.083670986999948 ], [ 144.382505832000106, -38.08704479599993 ], [ 144.383236603000114, -38.092253526999968 ], [ 144.350635752000017, -38.10422136699998 ], [ 144.336781992000056, -38.083670986999948 ] ] ] } },
{ "type": "Feature", "properties": { "objectid": 696, "sa2_code_2021": "203031048", "sa2_name_2021": "Clifton Springs", "change_flag_2021": "0", "change_label_2021": "No change", "sa3_code_2021": "20303", "sa3_name_2021": "Surf Coast - Bellarine Peninsula", "sa4_code_2021": "203", "sa4_name_2021": "Geelong", "gccsa_code_2021": "2RVIC", "gccsa_name_2021": "Rest of Vic.", "state_code_2021": "2", "state_name_2021": "Victoria", "aus_code_2021": "AUS", "aus_name_2021": "Australia", "area_albers_sqkm": 65.1496, "asgs_loci_uri_2021": "http://linked.data.gov.au/dataset/asgsed3/SA2/203031048", "shape_Length": 0.40984495236636331, "shape_Area": 0.0066982184924350707 }, "geometry": { "type": "Polygon", "coordinates": [ [ [ 144.497936463000087, -38.16101277599995 ], [ 144.586011002000077, -38.134703995999985 ], [ 144.649196002000053, -38.152607005999982 ], [ 144.640902003000065, -38.19632499599993 ], [ 144.50126139300005, -38.192393546999938 ], [ 144.497936463000087, -38.16101277599995 ] ] ] } },
{ "type": "Feature", "properties": { "objectid": 697, "sa2_code_2021": "203031049", "sa2_name_2021": "Lorne - Anglesea", "change_flag_2021": "0", "change_label_2021": "No change", "sa3_code_2021": "20303", "sa3_name_2021": "Surf Coast - Bellarine Peninsula", "sa4_code_2021": "203", "sa4_name_2021": "Geelong", "gccsa_code_2021": "2RVIC", "gccsa_name_2021": "Rest of Vic.", "state_code_2021": "2", "state_name_2021": "Victoria", "aus_code_2021": "AUS", "aus_name_2021": "Australia", "area_albers_sqkm": 447.9915, "asgs_loci_uri_2021": "http://linked.data.gov.au/dataset/asgsed3/SA2/203031049", "shape_Length": 1.3990088851239244, "shape_Area": 0.046227319507803476 }, "geometry": { "type": "Polygon", "coordinates": [ [ [ 144.003123412000036, -38.396564486999978 ], [ 143.99713401300005, -38.346950005999929 ], [ 144.033793013000036, -38.351303996999945 ], [ 144.040016952000087, -38.316983096999934 ], [ 144.082648003000031, -38.325416005999955 ], [ 144.080445993000012, -38.338056795999933 ], [ 144.150669952000044, -38.321372036999946 ], [ 144.165262293000069, -38.342705385999977 ], [ 144.203102023000042, -38.340929995999943 ], [ 144.204071023000097, -38.380811995999977 ], [ 144.234254002000057, -38.372946995999939 ], [ 144.229338913000106, -38.398384055999941 ], [ 144.182880003000037, -38.416860985999961 ], [ 144.184016173000032, -38.42869894599994 ], [ 144.132302172000095, -38.435300005999977 ], [ 144.104757623000069, -38.469255425999961 ], [ 144.03516150300004, -38.476662085999976 ], [ 143.979728043000023, -38.532275995999953 ], [ 143.986191833000021, -38.551321985999948 ], [ 143.960157003000063, -38.575683005999963 ], [ 143.824532382000029, -38.566587555999945 ], [ 143.851918583000042, -38.544698905999951 ], [ 143.85528436300001, -38.523960855999974 ], [ 143.834937363000108, -38.510573995999948 ], [ 143.843338973000073, -38.465879525999981 ], [ 143.937134002000107, -38.460450995999963 ], [ 143.935908883000025, -38.392026545999954 ], [ 143.972295982000105, -38.384116005999942 ], [ 144.003123412000036, -38.396564486999978 ] ] ] } },
{ "type": "Feature", "properties": { "objectid": 698, "sa2_code_2021": "203031051", "sa2_name_2021": "Portarlington", "change_flag_2021": "0", "change_label_2021": "No change", "sa3_code_2021": "20303", "sa3_name_2021": "Surf Coast - Bellarine Peninsula", "sa4_code_2021": "203", "sa4_name_2021": "Geelong", "gccsa_code_2021": "2RVIC", "gccsa_name_2021": "Rest of Vic.", "state_code_2021": "2", "state_name_2021": "Victoria", "aus_code_2021": "AUS", "aus_name_2021": "Australia", "area_albers_sqkm": 71.8555, "asgs_loci_uri_2021": "http://linked.data.gov.au/dataset/asgsed3/SA2/203031051", "shape_Length": 0.46800987931404558, "shape_Area": 0.0073855964791185629 }, "geometry": { "type": "Polygon", "coordinates": [ [ [ 144.62045966200003, -38.115397266999935 ], [ 144.688677102000042, -38.118677036999941 ], [ 144.720090832000096, -38.146474386999955 ], [ 144.719630243000097, -38.173255575999974 ], [ 144.700743093000028, -38.219754346999935 ], [ 144.69538482300004, -38.194827036999982 ], [ 144.640902003000065, -38.19632499599993 ], [ 144.649196002000053, -38.152607005999982 ], [ 144.585897852000016, -38.13474995699994 ], [ 144.62045966200003, -38.115397266999935 ] ] ] } },
{ "type": "Feature", "properties": { "objectid": 699, "sa2_code_2021": "203031052", "sa2_name_2021": "Point Lonsdale - Queenscliff", "change_flag_2021": "0", "change_label_2021": "No change", "sa3_code_2021": "20303", "sa3_name_2021": "Surf Coast - Bellarine Peninsula", "sa4_code_2021": "203", "sa4_name_2021": "Geelong", "gccsa_code_2021": "2RVIC", "gccsa_name_2021": "Rest of Vic.", "state_code_2021": "2", "state_name_2021": "Victoria", "aus_code_2021": "AUS", "aus_name_2021": "Australia", "area_albers_sqkm": 61.6733, "asgs_loci_uri_2021": "http://linked.data.gov.au/dataset/asgsed3/SA2/203031052", "shape_Length": 0.78686085022591301, "shape_Area": 0.0063460501092935072 }, "geometry": { "type": "MultiPolygon", "coordinates": [ [ [ [ 144.573084742000106, -38.278484015999936 ], [ 144.606462023000063, -38.254492995999954 ], [ 144.57682800200007, -38.237064996999948 ], [ 144.580808982000121, -38.218502005999937 ], [ 144.548881772000072, -38.210743286999957 ], [ 144.55590569200001, -38.202704336999943 ], [ 144.681281912000031, -38.201191475999963 ], [ 144.62317117200007, -38.251465005999933 ], [ 144.632983652000121, -38.269788485999982 ], [ 144.666765092000105, -38.262240146999943 ], [ 144.672246012000073, -38.265267955999946 ], [ 144.659964963000107, -38.273814985999934 ], [ 144.621959052000079, -38.275163006999946 ], [ 144.613879223000026, -38.292252866999945 ], [ 144.573084742000106, -38.278484015999936 ] ] ], [ [ [ 144.687690002000068, -38.245411015999935 ], [ 144.684533772, -38.245135436999931 ], [ 144.684187093000105, -38.244570746999955 ], [ 144.687690002000068, -38.245411015999935 ] ] ], [ [ [ 144.702009462000092, -38.243128665999961 ], [ 144.6676359920001, -38.25595005699995 ], [ 144.663185032000115, -38.25187604599995 ], [ 144.67807765200007, -38.237889766999956 ], [ 144.678827802000114, -38.250630896999951 ], [ 144.702009462000092, -38.243128665999961 ] ] ], [ [ [ 144.666284032000021, -38.257105065999951 ], [ 144.664535092000051, -38.26004811699994 ], [ 144.661919142000102, -38.258875126999953 ], [ 144.666284032000021, -38.257105065999951 ] ] ], [ [ [ 144.638382003000061, -38.267442995999943 ], [ 144.638500013000112, -38.26665199599995 ], [ 144.638933002000044, -38.267369995999957 ], [ 144.638382003000061, -38.267442995999943 ] ] ] ] } },
{ "type": "Feature", "properties": { "objectid": 700, "sa2_code_2021": "203031053", "sa2_name_2021": "Torquay", "change_flag_2021": "0", "change_label_2021": "No change", "sa3_code_2021": "20303", "sa3_name_2021": "Surf Coast - Bellarine Peninsula", "sa4_code_2021": "203", "sa4_name_2021": "Geelong", "gccsa_code_2021": "2RVIC", "gccsa_name_2021": "Rest of Vic.", "state_code_2021": "2", "state_name_2021": "Victoria", "aus_code_2021": "AUS", "aus_name_2021": "Australia", "area_albers_sqkm": 126.3197, "asgs_loci_uri_2021": "http://linked.data.gov.au/dataset/asgsed3/SA2/203031053", "shape_Length": 0.67836470745901756, "shape_Area": 0.013013197790429464 }, "geometry": { "type": "Polygon", "coordinates": [ [ [ 144.283428773000082, -38.310786715999939 ], [ 144.296120012000074, -38.244367005999948 ], [ 144.35997055200005, -38.251638885999967 ], [ 144.352521992000106, -38.28956799599996 ], [ 144.375904192000121, -38.307481625999969 ], [ 144.33228625300012, -38.323257995999938 ], [ 144.253941853000015, -38.395505975999981 ], [ 144.229338913000106, -38.398384055999941 ], [ 144.234254002000057, -38.372946995999939 ], [ 144.204071023000097, -38.380811995999977 ], [ 144.203102023000042, -38.340929995999943 ], [ 144.184747013000106, -38.338787985999943 ], [ 144.210504003000096, -38.302272005999953 ], [ 144.283428773000082, -38.310786715999939 ] ] ] } },
{ "type": "Feature", "properties": { "objectid": 701, "sa2_code_2021": "203031489", "sa2_name_2021": "Barwon Heads - Armstrong Creek", "change_flag_2021": "1", "change_label_2021": "New", "sa3_code_2021": "20303", "sa3_name_2021": "Surf Coast - Bellarine Peninsula", "sa4_code_2021": "203", "sa4_name_2021": "Geelong", "gccsa_code_2021": "2RVIC", "gccsa_name_2021": "Rest of Vic.", "state_code_2021": "2", "state_name_2021": "Victoria", "aus_code_2021": "AUS", "aus_name_2021": "Australia", "area_albers_sqkm": 88.2113, "asgs_loci_uri_2021": "http://linked.data.gov.au/dataset/asgsed3/SA2/203031489", "shape_Length": 0.59481859621501254, "shape_Area": 0.009079447464154098 }, "geometry": { "type": "Polygon", "coordinates": [ [ [ 144.352521992000106, -38.28956799599996 ], [ 144.356373842000039, -38.221751065999968 ], [ 144.412562453000078, -38.214044526999942 ], [ 144.427098583000088, -38.234710315999962 ], [ 144.466027943000086, -38.209704036999938 ], [ 144.487736972000107, -38.217875036999942 ], [ 144.46407600200007, -38.225455006999937 ], [ 144.463150062000068, -38.241153975999964 ], [ 144.508074013000055, -38.267610995999974 ], [ 144.500029192000056, -38.290461735999941 ], [ 144.430255062000015, -38.281326195999952 ], [ 144.376457093000113, -38.302595585999939 ], [ 144.352521992000106, -38.28956799599996 ] ] ] } },
{ "type": "Feature", "properties": { "objectid": 702, "sa2_code_2021": "203031490", "sa2_name_2021": "Ocean Grove", "change_flag_2021": "1", "change_label_2021": "New", "sa3_code_2021": "20303", "sa3_name_2021": "Surf Coast - Bellarine Peninsula", "sa4_code_2021": "203", "sa4_name_2021": "Geelong", "gccsa_code_2021": "2RVIC", "gccsa_name_2021": "Rest of Vic.", "state_code_2021": "2", "state_name_2021": "Victoria", "aus_code_2021": "AUS", "aus_name_2021": "Australia", "area_albers_sqkm": 68.7681, "asgs_loci_uri_2021": "http://linked.data.gov.au/dataset/asgsed3/SA2/203031490", "shape_Length": 0.50879517025376497, "shape_Area": 0.0070765073370167384 }, "geometry": { "type": "Polygon", "coordinates": [ [ [ 144.508251002000065, -38.26591398599993 ], [ 144.461557092000021, -38.228338975999975 ], [ 144.486740892000057, -38.220009035999965 ], [ 144.50126139300005, -38.192393546999938 ], [ 144.556259633000082, -38.200865385999975 ], [ 144.548881772000072, -38.210743286999957 ], [ 144.580808982000121, -38.218502005999937 ], [ 144.57682800200007, -38.237064996999948 ], [ 144.606462023000063, -38.254492995999954 ], [ 144.59111822300008, -38.251494975999947 ], [ 144.573084742000106, -38.278484015999936 ], [ 144.525566452000021, -38.271326295999984 ], [ 144.498463122000089, -38.283577675999936 ], [ 144.508251002000065, -38.26591398599993 ] ] ] } },
{ "type": "Feature", "properties": { "objectid": 703, "sa2_code_2021": "204011054", "sa2_name_2021": "Alexandra", "change_flag_2021": "0", "change_label_2021": "No change", "sa3_code_2021": "20401", "sa3_name_2021": "Upper Goulburn Valley", "sa4_code_2021": "204", "sa4_name_2021": "Hume", "gccsa_code_2021": "2RVIC", "gccsa_name_2021": "Rest of Vic.", "state_code_2021": "2", "state_name_2021": "Victoria", "aus_code_2021": "AUS", "aus_name_2021": "Australia", "area_albers_sqkm": 2118.9554, "asgs_loci_uri_2021": "http://linked.data.gov.au/dataset/asgsed3/SA2/204011054", "shape_Length": 3.4492302496053502, "shape_Area": 0.21539463067662457 }, "geometry": { "type": "Polygon", "coordinates": [ [ [ 145.637993892000054, -37.284182996999959 ], [ 145.560975932000019, -37.206979506999971 ], [ 145.556324522000068, -37.170906296999931 ], [ 145.580154782000022, -37.151295406999964 ], [ 145.550345232000041, -37.137504026999977 ], [ 145.562127621000059, -37.115617756999939 ], [ 145.541522021000105, -37.095800996999969 ], [ 145.54592505200003, -37.065898077999975 ], [ 145.532591011000022, -37.065772996999954 ], [ 145.513747011000078, -37.009001996999984 ], [ 145.518370582000102, -36.992411826999955 ], [ 145.545804301000089, -36.989524637999978 ], [ 145.55799107200005, -36.961557026999969 ], [ 145.61857008100003, -36.938153177999936 ], [ 145.61643889100003, -36.966678026999944 ], [ 145.646786191000047, -36.969090016999985 ], [ 145.662492941000096, -37.010547987999985 ], [ 145.699027072000035, -37.014786606999962 ], [ 145.706544352000037, -37.039249626999947 ], [ 145.759317481000039, -37.055122736999976 ], [ 145.81111751200001, -37.106861037999977 ], [ 145.890452161000098, -37.121203066999954 ], [ 145.882569252000053, -37.154251076999969 ], [ 145.85363855200012, -37.143519656999956 ], [ 145.877073492000022, -37.168233026999928 ], [ 145.845244462000096, -37.17374452699994 ], [ 145.870805491000056, -37.17429416799996 ], [ 145.877484262000053, -37.184653886999968 ], [ 145.865149921000011, -37.189244327999972 ], [ 145.861345091000089, -37.192556167999953 ], [ 145.900952632000099, -37.194239606999929 ], [ 145.96490661200005, -37.23112799699993 ], [ 145.973873901000047, -37.239044577999948 ], [ 145.963428472000032, -37.247883926999975 ], [ 145.964103102000081, -37.253999877999945 ], [ 145.970029091000015, -37.263989066999955 ], [ 145.971473041000081, -37.245016516999954 ], [ 145.999970991000055, -37.229146207999975 ], [ 146.027719901000069, -37.242784757999971 ], [ 146.037543872000015, -37.259618036999939 ], [ 146.022617021000087, -37.275264006999976 ], [ 146.069597551000015, -37.343212287999961 ], [ 146.054330991000029, -37.366816676999974 ], [ 146.102419081000107, -37.425746956999944 ], [ 146.095376042000112, -37.454302087999963 ], [ 146.131267662000027, -37.455628436999973 ], [ 146.153359072000057, -37.527819307999948 ], [ 146.186004961000094, -37.534823646999939 ], [ 145.826320312000121, -37.528136356999937 ], [ 145.80918396200002, -37.564391346999969 ], [ 145.738688771000056, -37.566391766999971 ], [ 145.737341632000039, -37.593991716999938 ], [ 145.667337482000107, -37.62214982699993 ], [ 145.618012112000088, -37.57229594699993 ], [ 145.580042582000033, -37.571218456999929 ], [ 145.561907161000022, -37.547351016999983 ], [ 145.575075951000031, -37.545009926999967 ], [ 145.560366022000039, -37.529954996999948 ], [ 145.564880152000114, -37.466046566999978 ], [ 145.669168652000053, -37.466221686999972 ], [ 145.692383052000082, -37.394841956999983 ], [ 145.658458051000025, -37.367947946999948 ], [ 145.659131622000018, -37.348458566999966 ], [ 145.636871262000113, -37.344917886999951 ], [ 145.637993892000054, -37.284182996999959 ] ] ] } },
{ "type": "Feature", "properties": { "objectid": 704, "sa2_code_2021": "204011055", "sa2_name_2021": "Euroa", "change_flag_2021": "0", "change_label_2021": "No change", "sa3_code_2021": "20401", "sa3_name_2021": "Upper Goulburn Valley", "sa4_code_2021": "204", "sa4_name_2021": "Hume", "gccsa_code_2021": "2RVIC", "gccsa_name_2021": "Rest of Vic.", "state_code_2021": "2", "state_name_2021": "Victoria", "aus_code_2021": "AUS", "aus_name_2021": "Australia", "area_albers_sqkm": 2057.9046, "asgs_loci_uri_2021": "http://linked.data.gov.au/dataset/asgsed3/SA2/204011055", "shape_Length": 2.6907417808369591, "shape_Area": 0.20761095492001397 }, "geometry": { "type": "Polygon", "coordinates": [ [ [ 145.304692532000104, -36.613483377999955 ], [ 145.353585961000022, -36.556102787999976 ], [ 145.631722681000042, -36.563298477999979 ], [ 145.631560321000052, -36.499046317999955 ], [ 145.731870021000077, -36.499036416999957 ], [ 145.724427351000031, -36.424608117999981 ], [ 145.799181721000082, -36.458908097999938 ], [ 145.823315041000114, -36.454039917999978 ], [ 145.80790993100004, -36.618414026999972 ], [ 145.818960012000048, -36.619556996999961 ], [ 145.817482022000036, -36.659869997999976 ], [ 145.839403441000059, -36.666137517999971 ], [ 145.812325701000077, -36.735494407999965 ], [ 145.829968192000024, -36.786346467999977 ], [ 145.872412181000072, -36.799918197999943 ], [ 145.856287791000113, -36.885426467999935 ], [ 145.866321392000032, -36.902252956999973 ], [ 145.790533451000101, -36.932434637999961 ], [ 145.704544592000047, -36.924384506999957 ], [ 145.653311511000084, -36.945533696999973 ], [ 145.6082150310001, -36.940834967999933 ], [ 145.55799107200005, -36.961557026999969 ], [ 145.545804301000089, -36.989524637999978 ], [ 145.499360761000048, -36.992052276999971 ], [ 145.489358181000057, -37.023195956999984 ], [ 145.422927351000112, -37.004739487999984 ], [ 145.411119161000101, -36.995202546999963 ], [ 145.467830012000036, -36.901693996999938 ], [ 145.46103298200012, -36.880992007999964 ], [ 145.431758701000035, -36.870094877999975 ], [ 145.378743992000068, -36.880699996999965 ], [ 145.363126001000069, -36.799689997999963 ], [ 145.31815202100006, -36.799667996999972 ], [ 145.318172021, -36.752286007999942 ], [ 145.336088011000015, -36.752318987999956 ], [ 145.33616900200002, -36.730295997999974 ], [ 145.318210012, -36.730248987999971 ], [ 145.31827601100008, -36.672399986999949 ], [ 145.292225011000028, -36.655612997999981 ], [ 145.304692532000104, -36.613483377999955 ] ] ] } },
{ "type": "Feature", "properties": { "objectid": 705, "sa2_code_2021": "204011056", "sa2_name_2021": "Kilmore - Broadford", "change_flag_2021": "0", "change_label_2021": "No change", "sa3_code_2021": "20401", "sa3_name_2021": "Upper Goulburn Valley", "sa4_code_2021": "204", "sa4_name_2021": "Hume", "gccsa_code_2021": "2RVIC", "gccsa_name_2021": "Rest of Vic.", "state_code_2021": "2", "state_name_2021": "Victoria", "aus_code_2021": "AUS", "aus_name_2021": "Australia", "area_albers_sqkm": 461.5233, "asgs_loci_uri_2021": "http://linked.data.gov.au/dataset/asgsed3/SA2/204011056", "shape_Length": 1.4255840105885071, "shape_Area": 0.046870397224545245 }, "geometry": { "type": "Polygon", "coordinates": [ [ [ 144.825211412000044, -37.284065356999974 ], [ 144.807881612000074, -37.171339736999983 ], [ 144.879813002000105, -37.175041996999937 ], [ 144.913780011000085, -37.154012006999949 ], [ 144.92564500200001, -37.16543399699998 ], [ 144.919484012000112, -37.202334006999934 ], [ 144.962655012000027, -37.214354986999979 ], [ 144.963638031000073, -37.200891006999939 ], [ 144.989885542000025, -37.201097426999979 ], [ 144.99597385200002, -37.163257826999939 ], [ 145.035560582000016, -37.159149476999971 ], [ 145.109999922000043, -37.168555536999975 ], [ 145.174878381000099, -37.204910816999984 ], [ 145.162734032000117, -37.277055006999944 ], [ 145.195549572000118, -37.27829591699998 ], [ 145.195382262000066, -37.294119996999939 ], [ 145.125267442000109, -37.293897036999965 ], [ 145.117602002000012, -37.263218006999978 ], [ 145.05613001200004, -37.263486996999973 ], [ 145.048393001000022, -37.31565399699997 ], [ 145.030431822000082, -37.329578056999935 ], [ 144.892158072000029, -37.345186066999929 ], [ 144.849218262000022, -37.322316386999944 ], [ 144.855793562000031, -37.285474286999943 ], [ 144.825211412000044, -37.284065356999974 ] ] ] } },
{ "type": "Feature", "properties": { "objectid": 706, "sa2_code_2021": "204011057", "sa2_name_2021": "Mansfield (Vic.)", "change_flag_2021": "0", "change_label_2021": "No change", "sa3_code_2021": "20401", "sa3_name_2021": "Upper Goulburn Valley", "sa4_code_2021": "204", "sa4_name_2021": "Hume", "gccsa_code_2021": "2RVIC", "gccsa_name_2021": "Rest of Vic.", "state_code_2021": "2", "state_name_2021": "Victoria", "aus_code_2021": "AUS", "aus_name_2021": "Australia", "area_albers_sqkm": 3927.8774, "asgs_loci_uri_2021": "http://linked.data.gov.au/dataset/asgsed3/SA2/204011057", "shape_Length": 4.0597390878337212, "shape_Area": 0.39865039797284413 }, "geometry": { "type": "Polygon", "coordinates": [ [ [ 146.01265120100004, -36.880117657999961 ], [ 146.063842561000115, -36.885495807999973 ], [ 146.068278992000046, -36.862087367999948 ], [ 146.033122741000057, -36.843584227999941 ], [ 146.035575692000066, -36.832015896999962 ], [ 146.055816981000021, -36.821854997999935 ], [ 146.074002011000061, -36.840643007999972 ], [ 146.104674131000024, -36.831800967999982 ], [ 146.116892171000018, -36.839314976999958 ], [ 146.111098022000078, -36.858604007999929 ], [ 146.150912981000033, -36.859667996999974 ], [ 146.152860881000038, -36.887921957999936 ], [ 146.265039251000076, -36.915915457999972 ], [ 146.303819041000111, -36.948264457999983 ], [ 146.335728541000094, -36.952978227999949 ], [ 146.647045001000038, -37.163158997999972 ], [ 146.434318002000055, -37.619579986999952 ], [ 146.394049011000106, -37.603999997999949 ], [ 146.367906002000041, -37.629427006999947 ], [ 146.298792002000027, -37.591075006999972 ], [ 146.2556740120001, -37.610359997999979 ], [ 146.204433012000095, -37.599146996999934 ], [ 146.189567181000029, -37.585322636999933 ], [ 146.187096601000121, -37.535916186999941 ], [ 146.146798082000032, -37.516415406999954 ], [ 146.143625071000088, -37.467698206999955 ], [ 146.095282822000058, -37.454129996999939 ], [ 146.102419081000107, -37.425746956999944 ], [ 146.054330991000029, -37.366816676999974 ], [ 146.069597551000015, -37.343212287999961 ], [ 146.022617021000087, -37.275264006999976 ], [ 146.037543872000015, -37.259618036999939 ], [ 146.027719901000069, -37.242784757999971 ], [ 145.999970991000055, -37.229146207999975 ], [ 145.971473041000081, -37.245016516999954 ], [ 145.970029091000015, -37.263989066999955 ], [ 145.96490661200005, -37.23112799699993 ], [ 145.900952632000099, -37.194239606999929 ], [ 145.861345091000089, -37.192556167999953 ], [ 145.877484262000053, -37.184653886999968 ], [ 145.870805491000056, -37.17429416799996 ], [ 145.847443332000012, -37.178003966999938 ], [ 145.845244462000096, -37.17374452699994 ], [ 145.877073492000022, -37.168233026999928 ], [ 145.85363855200012, -37.143519656999956 ], [ 145.882569252000053, -37.154251076999969 ], [ 145.890452161000098, -37.121203066999954 ], [ 145.804633582000065, -37.103682517999971 ], [ 145.759317481000039, -37.055122736999976 ], [ 145.706544352000037, -37.039249626999947 ], [ 145.699027072000035, -37.014786606999962 ], [ 145.662492941000096, -37.010547987999985 ], [ 145.646786191000047, -36.969090016999985 ], [ 145.614485881000064, -36.959947026999941 ], [ 145.61857008100003, -36.938153177999936 ], [ 145.650051011000073, -36.945981636999932 ], [ 145.727354871000102, -36.923576307999951 ], [ 145.790533451000101, -36.932434637999961 ], [ 145.862620952000043, -36.906642996999949 ], [ 145.915335672000083, -36.91253041799996 ], [ 145.947488012000122, -36.939620997999953 ], [ 145.966464581000082, -36.874334466999983 ], [ 145.992298001000108, -36.874192996999966 ], [ 146.01027772100008, -36.853176806999954 ], [ 146.01265120100004, -36.880117657999961 ] ] ] } },
{ "type": "Feature", "properties": { "objectid": 707, "sa2_code_2021": "204011058", "sa2_name_2021": "Nagambie", "change_flag_2021": "0", "change_label_2021": "No change", "sa3_code_2021": "20401", "sa3_name_2021": "Upper Goulburn Valley", "sa4_code_2021": "204", "sa4_name_2021": "Hume", "gccsa_code_2021": "2RVIC", "gccsa_name_2021": "Rest of Vic.", "state_code_2021": "2", "state_name_2021": "Victoria", "aus_code_2021": "AUS", "aus_name_2021": "Australia", "area_albers_sqkm": 1294.3498, "asgs_loci_uri_2021": "http://linked.data.gov.au/dataset/asgsed3/SA2/204011058", "shape_Length": 2.5201122843041723, "shape_Area": 0.13072699621887807 }, "geometry": { "type": "Polygon", "coordinates": [ [ [ 144.931938112000012, -36.747921056999985 ], [ 144.932150172000092, -36.699676206999982 ], [ 144.986723251000058, -36.699723896999956 ], [ 145.017065522000053, -36.668804846999933 ], [ 145.020492732000093, -36.68196374799993 ], [ 145.042606432000071, -36.682039437999947 ], [ 145.043467251000038, -36.650672736999979 ], [ 145.08735230100001, -36.67546412799993 ], [ 145.168534061000059, -36.675296806999938 ], [ 145.178447022000114, -36.700559096999939 ], [ 145.185685231000093, -36.686331267999947 ], [ 145.223208002000092, -36.685907006999969 ], [ 145.203865922000091, -36.661403426999982 ], [ 145.212378451000063, -36.647981637999976 ], [ 145.302517791000014, -36.641939036999929 ], [ 145.292225011000028, -36.655612997999981 ], [ 145.31827601100008, -36.672399986999949 ], [ 145.318210012, -36.730248987999971 ], [ 145.33616900200002, -36.730295997999974 ], [ 145.336088011000015, -36.752318987999956 ], [ 145.318172021, -36.752286007999942 ], [ 145.31815202100006, -36.799667996999972 ], [ 145.363126001000069, -36.799689997999963 ], [ 145.378743992000068, -36.880699996999965 ], [ 145.431758701000035, -36.870094877999975 ], [ 145.46103298200012, -36.880992007999964 ], [ 145.467830012000036, -36.901693996999938 ], [ 145.411871021000024, -36.995016996999937 ], [ 145.372916911000061, -36.975284547999934 ], [ 145.362264132000064, -36.992715487999931 ], [ 145.339481521000039, -36.983724206999966 ], [ 145.311273371000084, -37.017200156999934 ], [ 145.292263552, -36.999754377999977 ], [ 145.22039600200003, -36.999893997999948 ], [ 145.222936912000023, -36.985931016999984 ], [ 145.198299011000017, -36.985351996999952 ], [ 145.198315001000083, -36.97079399699993 ], [ 145.130306741000027, -36.970794456999954 ], [ 145.123319181000056, -36.898443536999935 ], [ 145.087009561000059, -36.868994546999943 ], [ 144.987007661000121, -36.836129866999954 ], [ 144.933244191000085, -36.835486196999966 ], [ 144.94402191100005, -36.857149297999968 ], [ 144.856912682000029, -36.881256146999931 ], [ 144.798546962000046, -36.832621306999954 ], [ 144.784766531000059, -36.780526067999972 ], [ 144.79468526200003, -36.750722936999978 ], [ 144.931938112000012, -36.747921056999985 ] ] ] } },
{ "type": "Feature", "properties": { "objectid": 708, "sa2_code_2021": "204011059", "sa2_name_2021": "Seymour", "change_flag_2021": "0", "change_label_2021": "No change", "sa3_code_2021": "20401", "sa3_name_2021": "Upper Goulburn Valley", "sa4_code_2021": "204", "sa4_name_2021": "Hume", "gccsa_code_2021": "2RVIC", "gccsa_name_2021": "Rest of Vic.", "state_code_2021": "2", "state_name_2021": "Victoria", "aus_code_2021": "AUS", "aus_name_2021": "Australia", "area_albers_sqkm": 79.3085, "asgs_loci_uri_2021": "http://linked.data.gov.au/dataset/asgsed3/SA2/204011059", "shape_Length": 0.45165101294294219, "shape_Area": 0.0080302415324057588 }, "geometry": { "type": "Polygon", "coordinates": [ [ [ 145.145412992000047, -37.04418699699994 ], [ 145.099651012000095, -37.02210398699998 ], [ 145.130306741000027, -36.970794456999954 ], [ 145.198315001000083, -36.97079399699993 ], [ 145.198299011000017, -36.985351996999952 ], [ 145.222936912000023, -36.985931016999984 ], [ 145.211899022000011, -37.024600986999928 ], [ 145.143262082000092, -37.091517026999952 ], [ 145.131415421000042, -37.073480596999957 ], [ 145.145412992000047, -37.04418699699994 ] ] ] } },
{ "type": "Feature", "properties": { "objectid": 709, "sa2_code_2021": "204011060", "sa2_name_2021": "Seymour Surrounds", "change_flag_2021": "3", "change_label_2021": "Name change", "sa3_code_2021": "20401", "sa3_name_2021": "Upper Goulburn Valley", "sa4_code_2021": "204", "sa4_name_2021": "Hume", "gccsa_code_2021": "2RVIC", "gccsa_name_2021": "Rest of Vic.", "state_code_2021": "2", "state_name_2021": "Victoria", "aus_code_2021": "AUS", "aus_name_2021": "Australia", "area_albers_sqkm": 1688.8308, "asgs_loci_uri_2021": "http://linked.data.gov.au/dataset/asgsed3/SA2/204011060", "shape_Length": 3.3957123127035609, "shape_Area": 0.17106541155383878 }, "geometry": { "type": "Polygon", "coordinates": [ [ [ 144.735217562000116, -37.12651406699996 ], [ 144.715362842000104, -37.100336846999937 ], [ 144.573923182000044, -37.099129686999959 ], [ 144.541317592000041, -37.114811446999965 ], [ 144.530426862000013, -37.100300026999946 ], [ 144.550498322000067, -37.054509476999954 ], [ 144.541184032000046, -37.015845756999965 ], [ 144.632207521000055, -37.002007166999931 ], [ 144.650472482000055, -37.015257236999958 ], [ 144.688437012, -37.010982866999939 ], [ 144.688207311000042, -36.994565776999934 ], [ 144.71826554200004, -36.974714036999956 ], [ 144.796572751000099, -36.965539446999969 ], [ 144.822385802000099, -36.899709026999972 ], [ 144.88146397200012, -36.866236496999932 ], [ 144.94402191100005, -36.857149297999968 ], [ 144.933244191000085, -36.835486196999966 ], [ 145.043924381000011, -36.853731626999945 ], [ 145.12121138200007, -36.893831296999963 ], [ 145.117782382000087, -36.924016326999947 ], [ 145.132570832000056, -36.928173677999951 ], [ 145.137447121000037, -36.95696389699998 ], [ 145.099775002000115, -37.023442007999961 ], [ 145.140318832000048, -37.035795806999943 ], [ 145.141940161000093, -37.091574006999963 ], [ 145.22039600200003, -36.999893997999948 ], [ 145.292263552, -36.999754377999977 ], [ 145.311273371000084, -37.017200156999934 ], [ 145.339481521000039, -36.983724206999966 ], [ 145.362264132000064, -36.992715487999931 ], [ 145.372916911000061, -36.975284547999934 ], [ 145.425993461000076, -36.999313566999945 ], [ 145.361013132000039, -37.027103046999969 ], [ 145.366206242000089, -37.097633776999942 ], [ 145.288296482000078, -37.099598526999955 ], [ 145.27890200100012, -37.143058986999961 ], [ 145.230435002000036, -37.133253986999932 ], [ 145.241132022000102, -37.176979556999981 ], [ 145.202018652000106, -37.187170056999946 ], [ 145.196380902000101, -37.206096276999972 ], [ 145.163730991000079, -37.204963006999947 ], [ 145.109999922000043, -37.168555536999975 ], [ 145.035560582000016, -37.159149476999971 ], [ 144.99597385200002, -37.163257826999939 ], [ 144.989885542000025, -37.201097426999979 ], [ 144.945502021000038, -37.214307996999935 ], [ 144.919484012000112, -37.202334006999934 ], [ 144.92564500200001, -37.16543399699998 ], [ 144.913780011000085, -37.154012006999949 ], [ 144.879813002000105, -37.175041996999937 ], [ 144.807881612000074, -37.171339736999983 ], [ 144.812352432000012, -37.213925936999942 ], [ 144.731378092000114, -37.220545646999938 ], [ 144.703811431000076, -37.212958296999943 ], [ 144.716097952000041, -37.208795646999931 ], [ 144.710251012000072, -37.159540986999957 ], [ 144.726543372000037, -37.159626426999978 ], [ 144.735217562000116, -37.12651406699996 ] ] ] } },
{ "type": "Feature", "properties": { "objectid": 710, "sa2_code_2021": "204011061", "sa2_name_2021": "Upper Yarra Valley", "change_flag_2021": "0", "change_label_2021": "No change", "sa3_code_2021": "20401", "sa3_name_2021": "Upper Goulburn Valley", "sa4_code_2021": "204", "sa4_name_2021": "Hume", "gccsa_code_2021": "2RVIC", "gccsa_name_2021": "Rest of Vic.", "state_code_2021": "2", "state_name_2021": "Victoria", "aus_code_2021": "AUS", "aus_name_2021": "Australia", "area_albers_sqkm": 856.2714, "asgs_loci_uri_2021": "http://linked.data.gov.au/dataset/asgsed3/SA2/204011061", "shape_Length": 1.6991610110104787, "shape_Area": 0.087427172249999435 }, "geometry": { "type": "Polygon", "coordinates": [ [ [ 145.807004112000072, -37.674910566999984 ], [ 145.792474012000071, -37.659897006999984 ], [ 145.812218022000025, -37.662260986999968 ], [ 145.812526012000035, -37.629592006999985 ], [ 145.76577601200006, -37.617182996999929 ], [ 145.754451012000118, -37.579458006999971 ], [ 145.80918396200002, -37.564391346999969 ], [ 145.826320312000121, -37.528136356999937 ], [ 146.187365641000042, -37.536337186999958 ], [ 146.191923001000077, -37.587529996999933 ], [ 146.161298991000081, -37.596260996999945 ], [ 146.164825002000043, -37.622995996999975 ], [ 146.129749011000058, -37.648073007999983 ], [ 146.13554802200008, -37.702078006999955 ], [ 146.163224002000106, -37.74734899699996 ], [ 146.133761011000047, -37.788026006999985 ], [ 146.08909501200003, -37.753790996999953 ], [ 146.038633002000097, -37.774454996999964 ], [ 145.943614012000012, -37.758231996999939 ], [ 145.917467012000088, -37.777522996999949 ], [ 145.926379992000079, -37.829645986999935 ], [ 145.905466982000121, -37.81638298699994 ], [ 145.892744002000086, -37.825448986999959 ], [ 145.867110992000107, -37.808797986999934 ], [ 145.878412012000013, -37.799351006999984 ], [ 145.846047032000115, -37.755704986999945 ], [ 145.788123022000036, -37.721473996999975 ], [ 145.807004112000072, -37.674910566999984 ] ] ] } },
{ "type": "Feature", "properties": { "objectid": 711, "sa2_code_2021": "204011062", "sa2_name_2021": "Yea", "change_flag_2021": "0", "change_label_2021": "No change", "sa3_code_2021": "20401", "sa3_name_2021": "Upper Goulburn Valley", "sa4_code_2021": "204", "sa4_name_2021": "Hume", "gccsa_code_2021": "2RVIC", "gccsa_name_2021": "Rest of Vic.", "state_code_2021": "2", "state_name_2021": "Victoria", "aus_code_2021": "AUS", "aus_name_2021": "Australia", "area_albers_sqkm": 1474.2972, "asgs_loci_uri_2021": "http://linked.data.gov.au/dataset/asgsed3/SA2/204011062", "shape_Length": 2.2935291693047235, "shape_Area": 0.14975282879440355 }, "geometry": { "type": "Polygon", "coordinates": [ [ [ 145.196380902000101, -37.206096276999972 ], [ 145.202018652000106, -37.187170056999946 ], [ 145.241132022000102, -37.176979556999981 ], [ 145.230435002000036, -37.133253986999932 ], [ 145.27890200100012, -37.143058986999961 ], [ 145.288296482000078, -37.099598526999955 ], [ 145.366206242000089, -37.097633776999942 ], [ 145.354263142000036, -37.048832996999977 ], [ 145.381838062000043, -37.010124976999975 ], [ 145.431055461000028, -37.004996056999971 ], [ 145.48909393100007, -37.023247156999957 ], [ 145.490493592000121, -37.000544127999945 ], [ 145.516687562000016, -36.989475117999973 ], [ 145.532591011000022, -37.065772996999954 ], [ 145.54592505200003, -37.065898077999975 ], [ 145.541243992000091, -37.095158997999931 ], [ 145.562127621000059, -37.115617756999939 ], [ 145.550345232000041, -37.137504026999977 ], [ 145.580154782000022, -37.151295406999964 ], [ 145.556324522000068, -37.170906296999931 ], [ 145.560975932000019, -37.206979506999971 ], [ 145.637993892000054, -37.284182996999959 ], [ 145.636871262000113, -37.344917886999951 ], [ 145.659131622000018, -37.348458566999966 ], [ 145.658458051000025, -37.367947946999948 ], [ 145.692397102000086, -37.394040056999984 ], [ 145.669168652000053, -37.466221686999972 ], [ 145.512946022000051, -37.457074986999942 ], [ 145.516763192000099, -37.437217906999933 ], [ 145.49458681200008, -37.437386586999935 ], [ 145.488607382000055, -37.46131554699997 ], [ 145.395276992000049, -37.468000996999933 ], [ 145.386978022000108, -37.456533996999951 ], [ 145.413148012000079, -37.44539399699994 ], [ 145.40031151200003, -37.434435556999972 ], [ 145.332083012000112, -37.429887006999934 ], [ 145.318208772000048, -37.409761076999985 ], [ 145.279693542000018, -37.417513016999976 ], [ 145.265770941000028, -37.409803806999946 ], [ 145.265820472000087, -37.372703756999954 ], [ 145.226702872000033, -37.327076456999976 ], [ 145.227314172000092, -37.294261816999949 ], [ 145.162734032000117, -37.277055006999944 ], [ 145.177203981000048, -37.235936426999956 ], [ 145.163806552000096, -37.215771016999952 ], [ 145.196380902000101, -37.206096276999972 ] ] ] } },
{ "type": "Feature", "properties": { "objectid": 712, "sa2_code_2021": "204021063", "sa2_name_2021": "Benalla", "change_flag_2021": "0", "change_label_2021": "No change", "sa3_code_2021": "20402", "sa3_name_2021": "Wangaratta - Benalla", "sa4_code_2021": "204", "sa4_name_2021": "Hume", "gccsa_code_2021": "2RVIC", "gccsa_name_2021": "Rest of Vic.", "state_code_2021": "2", "state_name_2021": "Victoria", "aus_code_2021": "AUS", "aus_name_2021": "Australia", "area_albers_sqkm": 315.3043, "asgs_loci_uri_2021": "http://linked.data.gov.au/dataset/asgsed3/SA2/204021063", "shape_Length": 0.94211262064745227, "shape_Area": 0.031747004300473947 }, "geometry": { "type": "Polygon", "coordinates": [ [ [ 145.917518011000084, -36.557483007999963 ], [ 145.899616001000027, -36.555014986999936 ], [ 145.899476021000055, -36.52081699799993 ], [ 145.924924991000012, -36.520838997999931 ], [ 145.931558021000114, -36.487862987999961 ], [ 145.948032811000076, -36.480240547999983 ], [ 145.93525701100009, -36.469558997999968 ], [ 145.988668001000065, -36.449472987999968 ], [ 145.998890011000071, -36.465011987999958 ], [ 146.019078011000033, -36.456494997999982 ], [ 146.020118011000022, -36.482934997999962 ], [ 146.08081393100008, -36.563275607999969 ], [ 146.052962021000099, -36.586900997999976 ], [ 146.114134011000033, -36.608228007999969 ], [ 146.112511991000019, -36.626626987999941 ], [ 146.089980981000053, -36.664416997999979 ], [ 146.066582541000116, -36.653575847999946 ], [ 146.057756011000038, -36.692744997999966 ], [ 145.93092402100001, -36.659577987999967 ], [ 145.923621131000118, -36.628988387999982 ], [ 145.903349141000035, -36.626206946999957 ], [ 145.917518011000084, -36.557483007999963 ] ] ] } },
{ "type": "Feature", "properties": { "objectid": 713, "sa2_code_2021": "204021064", "sa2_name_2021": "Benalla Surrounds", "change_flag_2021": "3", "change_label_2021": "Name change", "sa3_code_2021": "20402", "sa3_name_2021": "Wangaratta - Benalla", "sa4_code_2021": "204", "sa4_name_2021": "Hume", "gccsa_code_2021": "2RVIC", "gccsa_name_2021": "Rest of Vic.", "state_code_2021": "2", "state_name_2021": "Victoria", "aus_code_2021": "AUS", "aus_name_2021": "Australia", "area_albers_sqkm": 2105.3239, "asgs_loci_uri_2021": "http://linked.data.gov.au/dataset/asgsed3/SA2/204021064", "shape_Length": 4.0629003566999922, "shape_Area": 0.21198622043492413 }, "geometry": { "type": "Polygon", "coordinates": [ [ [ 145.823315041000114, -36.454039917999978 ], [ 145.776293261000092, -36.447888407999983 ], [ 145.747511011000029, -36.402184997999939 ], [ 145.729703171000097, -36.399847947999945 ], [ 145.732174031000113, -36.344437997999933 ], [ 145.765300011000022, -36.348876007999934 ], [ 145.780683481000096, -36.299056407999956 ], [ 146.030937811000058, -36.299008627999967 ], [ 146.036903041000073, -36.255063247999942 ], [ 146.131424651000088, -36.255121647999943 ], [ 146.147120011000084, -36.299204007999947 ], [ 146.181049901000051, -36.297496527999954 ], [ 146.181086511000103, -36.337618257999964 ], [ 146.196957221000048, -36.33414500799995 ], [ 146.205208561000063, -36.364536147999956 ], [ 146.219461011000021, -36.357164007999984 ], [ 146.20418587100005, -36.410730587999979 ], [ 146.224648241000068, -36.448951917999977 ], [ 146.175945121000041, -36.472800547999952 ], [ 146.209725221000099, -36.502695457999948 ], [ 146.195248661000051, -36.522972657999958 ], [ 146.194942531000038, -36.587571757999967 ], [ 146.225460291000104, -36.59957051799995 ], [ 146.214255891000107, -36.647959717999981 ], [ 146.231149332000086, -36.716568687999938 ], [ 146.254941201000065, -36.742813687999956 ], [ 146.239730001000112, -36.777207837999981 ], [ 146.243340151000098, -36.872026417999962 ], [ 146.280446411000071, -36.925056377999965 ], [ 146.152860881000038, -36.887921957999936 ], [ 146.143378331000122, -36.853061887999957 ], [ 146.111098022000078, -36.858604007999929 ], [ 146.116892171000018, -36.839314976999958 ], [ 146.074002011000061, -36.840643007999972 ], [ 146.055816981000021, -36.821854997999935 ], [ 146.033122741000057, -36.843584227999941 ], [ 146.068278992000046, -36.862087367999948 ], [ 146.063842561000115, -36.885495807999973 ], [ 146.01265120100004, -36.880117657999961 ], [ 146.009107752000091, -36.853362827999945 ], [ 145.992298001000108, -36.874192996999966 ], [ 145.963582651000024, -36.876813517999949 ], [ 145.955702012000074, -36.927320996999981 ], [ 145.947488012000122, -36.939620997999953 ], [ 145.915335672000083, -36.91253041799996 ], [ 145.861650591000057, -36.906736977999969 ], [ 145.872412181000072, -36.799918197999943 ], [ 145.829968192000024, -36.786346467999977 ], [ 145.812325701000077, -36.735494407999965 ], [ 145.839403441000059, -36.666137517999971 ], [ 145.817482022000036, -36.659869997999976 ], [ 145.818960012000048, -36.619556996999961 ], [ 145.80790993100004, -36.618414026999972 ], [ 145.823315041000114, -36.454039917999978 ] ], [ [ 145.934956101000012, -36.471171047999974 ], [ 145.948032811000076, -36.480240547999983 ], [ 145.931558021000114, -36.487862987999961 ], [ 145.924924991000012, -36.520838997999931 ], [ 145.899476021000055, -36.52081699799993 ], [ 145.899616001000027, -36.555014986999936 ], [ 145.917518011000084, -36.557483007999963 ], [ 145.903349141000035, -36.626206946999957 ], [ 145.923621131000118, -36.628988387999982 ], [ 145.93092402100001, -36.659577987999967 ], [ 146.057756011000038, -36.692744997999966 ], [ 146.066582541000116, -36.653575847999946 ], [ 146.089980981000053, -36.664416997999979 ], [ 146.114134011000033, -36.608228007999969 ], [ 146.052962021000099, -36.586900997999976 ], [ 146.08081393100008, -36.563275607999969 ], [ 146.020118011000022, -36.482934997999962 ], [ 146.019078011000033, -36.456494997999982 ], [ 145.998890011000071, -36.465011987999958 ], [ 145.988668001000065, -36.449472987999968 ], [ 145.934956101000012, -36.471171047999974 ] ] ] } },
{ "type": "Feature", "properties": { "objectid": 714, "sa2_code_2021": "204021065", "sa2_name_2021": "Rutherglen", "change_flag_2021": "0", "change_label_2021": "No change", "sa3_code_2021": "20402", "sa3_name_2021": "Wangaratta - Benalla", "sa4_code_2021": "204", "sa4_name_2021": "Hume", "gccsa_code_2021": "2RVIC", "gccsa_name_2021": "Rest of Vic.", "state_code_2021": "2", "state_name_2021": "Victoria", "aus_code_2021": "AUS", "aus_name_2021": "Australia", "area_albers_sqkm": 479.8352, "asgs_loci_uri_2021": "http://linked.data.gov.au/dataset/asgsed3/SA2/204021065", "shape_Length": 1.9388374222689437, "shape_Area": 0.048001554351905423 }, "geometry": { "type": "Polygon", "coordinates": [ [ [ 146.210684301000015, -36.038785178999944 ], [ 146.257182911000086, -36.012053097999967 ], [ 146.273007711000105, -36.026582507999933 ], [ 146.2750301210001, -36.012440617999971 ], [ 146.282895150000058, -36.011048378999931 ], [ 146.293104361000019, -36.029503588999944 ], [ 146.283023370000024, -36.041487417999974 ], [ 146.329071691000081, -36.043144297999959 ], [ 146.338889341000026, -36.026395097999966 ], [ 146.36957854100001, -36.050739997999983 ], [ 146.38755634100005, -36.035638817999939 ], [ 146.380605311000068, -36.012894787999983 ], [ 146.426055070000075, -35.963862167999935 ], [ 146.442350941000086, -35.976229107999984 ], [ 146.461953700000095, -35.965004947999944 ], [ 146.466807781000057, -35.983766007999975 ], [ 146.492705480000041, -35.991349807999939 ], [ 146.504096320000031, -35.988251688999981 ], [ 146.49248746100011, -35.985424787999932 ], [ 146.501807180000014, -35.958164027999942 ], [ 146.549580590000119, -35.992457267999953 ], [ 146.562946750000037, -35.967705577999936 ], [ 146.583966851000014, -35.983863848999931 ], [ 146.618715990000055, -35.975937418999933 ], [ 146.614867951000065, -36.022113978999982 ], [ 146.589750001000084, -36.019067678999932 ], [ 146.573644960000024, -36.072241047999967 ], [ 146.531000881000068, -36.080112057999941 ], [ 146.536692001000119, -36.101128998999968 ], [ 146.515504001000068, -36.134876037999959 ], [ 146.522791011000095, -36.17146177799998 ], [ 146.284197261000031, -36.142263597999943 ], [ 146.294683531000032, -36.087534907999952 ], [ 146.202066711000043, -36.069437297999968 ], [ 146.198097781000115, -36.04444327799996 ], [ 146.17523815100003, -36.041755727999941 ], [ 146.199429160000022, -36.027411297999947 ], [ 146.210684301000015, -36.038785178999944 ] ] ] } },
{ "type": "Feature", "properties": { "objectid": 715, "sa2_code_2021": "204021066", "sa2_name_2021": "Wangaratta", "change_flag_2021": "0", "change_label_2021": "No change", "sa3_code_2021": "20402", "sa3_name_2021": "Wangaratta - Benalla", "sa4_code_2021": "204", "sa4_name_2021": "Hume", "gccsa_code_2021": "2RVIC", "gccsa_name_2021": "Rest of Vic.", "state_code_2021": "2", "state_name_2021": "Victoria", "aus_code_2021": "AUS", "aus_name_2021": "Australia", "area_albers_sqkm": 57.5836, "asgs_loci_uri_2021": "http://linked.data.gov.au/dataset/asgsed3/SA2/204021066", "shape_Length": 0.53197634333182819, "shape_Area": 0.0057816952175736153 }, "geometry": { "type": "Polygon", "coordinates": [ [ [ 146.269794691000016, -36.382823577999943 ], [ 146.259654001000058, -36.332596997999929 ], [ 146.278698021000082, -36.334613007999963 ], [ 146.264274941000053, -36.306006987999979 ], [ 146.299117331000048, -36.307558877999952 ], [ 146.303844591000029, -36.331287587999952 ], [ 146.345383891000097, -36.343403577999936 ], [ 146.368805061000103, -36.401650007999933 ], [ 146.269794691000016, -36.382823577999943 ] ] ] } },
{ "type": "Feature", "properties": { "objectid": 716, "sa2_code_2021": "204021067", "sa2_name_2021": "Wangaratta Surrounds", "change_flag_2021": "3", "change_label_2021": "Name change", "sa3_code_2021": "20402", "sa3_name_2021": "Wangaratta - Benalla", "sa4_code_2021": "204", "sa4_name_2021": "Hume", "gccsa_code_2021": "2RVIC", "gccsa_name_2021": "Rest of Vic.", "state_code_2021": "2", "state_name_2021": "Victoria", "aus_code_2021": "AUS", "aus_name_2021": "Australia", "area_albers_sqkm": 3587.526, "asgs_loci_uri_2021": "http://linked.data.gov.au/dataset/asgsed3/SA2/204021067", "shape_Length": 4.6131469139758945, "shape_Area": 0.36127498784570616 }, "geometry": { "type": "Polygon", "coordinates": [ [ [ 146.224648241000068, -36.448951917999977 ], [ 146.20418587100005, -36.410730587999979 ], [ 146.219461011000021, -36.357164007999984 ], [ 146.205208561000063, -36.364536147999956 ], [ 146.196957221000048, -36.33414500799995 ], [ 146.181086511000103, -36.337618257999964 ], [ 146.181049901000051, -36.297496527999954 ], [ 146.147120011000084, -36.299204007999947 ], [ 146.13154656100005, -36.28317661799997 ], [ 146.131051951000018, -36.186790737999956 ], [ 146.236675870000113, -36.190557757999954 ], [ 146.246546601000091, -36.176885557999981 ], [ 146.22884673100009, -36.167114817999959 ], [ 146.241315711000084, -36.13326264799997 ], [ 146.204528751000112, -36.125770257999932 ], [ 146.216447531000085, -36.097333017999972 ], [ 146.196127761000071, -36.084648457999947 ], [ 146.202066711000043, -36.069437297999968 ], [ 146.294683531000032, -36.087534907999952 ], [ 146.284197261000031, -36.142263597999943 ], [ 146.52328650100003, -36.171526127999982 ], [ 146.540238301000045, -36.183269777999953 ], [ 146.525190991000045, -36.215196997999954 ], [ 146.535669741000106, -36.228295257999946 ], [ 146.512428471000021, -36.246666687999948 ], [ 146.571551981000084, -36.25361591799998 ], [ 146.557974671000011, -36.328711877999979 ], [ 146.634964561000061, -36.303443098999935 ], [ 146.604253681000046, -36.381156307999959 ], [ 146.611849621000033, -36.396149187999981 ], [ 146.687854961000085, -36.421609287999956 ], [ 146.725004581000121, -36.418706767999936 ], [ 146.719445491000101, -36.477067077999948 ], [ 146.643428731000085, -36.499578097999972 ], [ 146.634337451000079, -36.522536037999942 ], [ 146.661578281000061, -36.523757517999968 ], [ 146.670501251000019, -36.568983097999933 ], [ 146.621995341000115, -36.631321497999977 ], [ 146.615520681000021, -36.653074867999976 ], [ 146.630867251000041, -36.682773417999954 ], [ 146.566463111000076, -36.741122957999949 ], [ 146.642563931000041, -36.812811197999963 ], [ 146.625712211000064, -36.856576627999971 ], [ 146.643907831000092, -36.869773367999983 ], [ 146.643594221000058, -36.935160517999975 ], [ 146.672326032000115, -36.982774417999963 ], [ 146.673978501000079, -37.113284457999953 ], [ 146.638831991000075, -37.12729498799996 ], [ 146.647045001000038, -37.163158997999972 ], [ 146.335728541000094, -36.952978227999949 ], [ 146.280274021000082, -36.934422997999945 ], [ 146.272682022000026, -36.910313376999966 ], [ 146.255334011000059, -36.905946007999944 ], [ 146.239730001000112, -36.777207837999981 ], [ 146.254932181000072, -36.742763687999968 ], [ 146.231149332000086, -36.716568687999938 ], [ 146.214255891000107, -36.647959717999981 ], [ 146.225460291000104, -36.59957051799995 ], [ 146.194942531000038, -36.587571757999967 ], [ 146.195248661000051, -36.522972657999958 ], [ 146.209725221000099, -36.502695457999948 ], [ 146.175945121000041, -36.472800547999952 ], [ 146.224648241000068, -36.448951917999977 ] ], [ [ 146.256827991000023, -36.34879099799997 ], [ 146.269794691000016, -36.382823577999943 ], [ 146.368805061000103, -36.401650007999933 ], [ 146.345383891000097, -36.343403577999936 ], [ 146.303844591000029, -36.331287587999952 ], [ 146.287978921000104, -36.302370297999971 ], [ 146.264274941000053, -36.306006987999979 ], [ 146.278698021000082, -36.334613007999963 ], [ 146.259654001000058, -36.332596997999929 ], [ 146.256827991000023, -36.34879099799997 ] ] ] } },
{ "type": "Feature", "properties": { "objectid": 717, "sa2_code_2021": "204031068", "sa2_name_2021": "Beechworth", "change_flag_2021": "0", "change_label_2021": "No change", "sa3_code_2021": "20403", "sa3_name_2021": "Wodonga - Alpine", "sa4_code_2021": "204", "sa4_name_2021": "Hume", "gccsa_code_2021": "2RVIC", "gccsa_name_2021": "Rest of Vic.", "state_code_2021": "2", "state_name_2021": "Victoria", "aus_code_2021": "AUS", "aus_name_2021": "Australia", "area_albers_sqkm": 371.3306, "asgs_loci_uri_2021": "http://linked.data.gov.au/dataset/asgsed3/SA2/204031068", "shape_Length": 1.1924228731682065, "shape_Area": 0.037276183893139275 }, "geometry": { "type": "Polygon", "coordinates": [ [ [ 146.611849621000033, -36.396149187999981 ], [ 146.634964561000061, -36.303443098999935 ], [ 146.557974671000011, -36.328711877999979 ], [ 146.569503601000065, -36.26478428799993 ], [ 146.632961001000012, -36.262539997999966 ], [ 146.640823911000098, -36.278915927999947 ], [ 146.660953001000053, -36.246223997999948 ], [ 146.780951021000078, -36.249876987999983 ], [ 146.804667001000098, -36.269723997999961 ], [ 146.818779290000066, -36.310798087999956 ], [ 146.789048181000112, -36.313878957999975 ], [ 146.816012631000035, -36.324303137999948 ], [ 146.830543641000077, -36.358597037999971 ], [ 146.81456361100004, -36.447975117999931 ], [ 146.725781051000013, -36.459222957999941 ], [ 146.725004581000121, -36.418706767999936 ], [ 146.631220791000032, -36.404470977999949 ], [ 146.611849621000033, -36.396149187999981 ] ] ] } },
{ "type": "Feature", "properties": { "objectid": 718, "sa2_code_2021": "204031069", "sa2_name_2021": "Bright - Mount Beauty", "change_flag_2021": "0", "change_label_2021": "No change", "sa3_code_2021": "20403", "sa3_name_2021": "Wodonga - Alpine", "sa4_code_2021": "204", "sa4_name_2021": "Hume", "gccsa_code_2021": "2RVIC", "gccsa_name_2021": "Rest of Vic.", "state_code_2021": "2", "state_name_2021": "Victoria", "aus_code_2021": "AUS", "aus_name_2021": "Australia", "area_albers_sqkm": 4253.6538, "asgs_loci_uri_2021": "http://linked.data.gov.au/dataset/asgsed3/SA2/204031069", "shape_Length": 4.2634822015682703, "shape_Area": 0.43002799568615868 }, "geometry": { "type": "Polygon", "coordinates": [ [ [ 146.566463111000076, -36.741122957999949 ], [ 146.630867251000041, -36.682773417999954 ], [ 146.615502651000043, -36.652863857999932 ], [ 146.626699171000041, -36.626796397999954 ], [ 146.673425521000013, -36.62221085799996 ], [ 146.691748811000025, -36.658355987999983 ], [ 146.701607171000092, -36.620777177999969 ], [ 146.728801421000071, -36.637637357999949 ], [ 146.750556741000082, -36.628521897999974 ], [ 146.760343191000061, -36.64333735799994 ], [ 146.788546011000108, -36.634777997999947 ], [ 146.785819751000076, -36.652339867999956 ], [ 146.889916151000079, -36.681190667999942 ], [ 146.87849420100008, -36.668050637999954 ], [ 146.903552991000083, -36.651010987999939 ], [ 146.900553851000041, -36.631122567999967 ], [ 146.944142631000091, -36.620759147999934 ], [ 146.935537611000086, -36.608488727999941 ], [ 146.954876331000037, -36.598413387999983 ], [ 146.970311380000112, -36.528273447999936 ], [ 146.947180891000016, -36.512230317999979 ], [ 146.950397851000048, -36.483939327999963 ], [ 146.919118991000119, -36.446047997999983 ], [ 146.894485001000021, -36.44089400799993 ], [ 146.891159121000101, -36.458432207999977 ], [ 146.8794157210001, -36.457061547999956 ], [ 146.891984781000019, -36.435045158999969 ], [ 146.934762931000023, -36.408310007999944 ], [ 147.017565811000054, -36.392694587999983 ], [ 147.038246600000093, -36.395208177999962 ], [ 147.044188511000016, -36.39406830799993 ], [ 147.045716760000118, -36.394861637999952 ], [ 147.036971761000018, -36.415941097999962 ], [ 147.060002391000012, -36.458910227999979 ], [ 147.117149271000017, -36.461044517999937 ], [ 147.103875721, -36.480309027999965 ], [ 147.125938031000032, -36.551397297999983 ], [ 147.16466205100005, -36.57095125799998 ], [ 147.173272550000092, -36.638777867999977 ], [ 147.215716241000109, -36.670998557999951 ], [ 147.254949071000055, -36.670871077999948 ], [ 147.314183101000026, -36.700715457999934 ], [ 147.312366021000116, -36.731687997999984 ], [ 147.29045485100005, -36.737782037999978 ], [ 147.290248291000012, -36.765741207999952 ], [ 147.267945921000091, -36.779762667999933 ], [ 147.293453361000047, -36.811043507999955 ], [ 147.282931801000018, -36.826961847999939 ], [ 147.333284280000044, -36.829942197999969 ], [ 147.341707931000087, -36.861818027999959 ], [ 147.289250751000054, -36.90516245799995 ], [ 147.263295011000082, -37.006704997999975 ], [ 147.34998401100006, -37.036415997999939 ], [ 147.389186001000098, -37.031609997999965 ], [ 147.380514981000033, -37.098712987999932 ], [ 147.359213001000057, -37.114341997999929 ], [ 147.316397001000041, -37.113863987999935 ], [ 147.331485991000022, -37.153031007999971 ], [ 147.384783001000073, -37.21159199799996 ], [ 147.336985012000014, -37.275538307999966 ], [ 146.826322011000116, -37.203762007999956 ], [ 146.763442001000044, -37.146021006999945 ], [ 146.718794001000106, -37.15898498699994 ], [ 146.684549011000058, -37.14509600699995 ], [ 146.651526981000075, -37.120047007999972 ], [ 146.673978501000079, -37.113284457999953 ], [ 146.672326032000115, -36.982774417999963 ], [ 146.643594221000058, -36.935160517999975 ], [ 146.643907831000092, -36.869773367999983 ], [ 146.625712211000064, -36.856576627999971 ], [ 146.642563931000041, -36.812811197999963 ], [ 146.566463111000076, -36.741122957999949 ] ] ] } },
{ "type": "Feature", "properties": { "objectid": 719, "sa2_code_2021": "204031070", "sa2_name_2021": "Chiltern - Indigo Valley", "change_flag_2021": "0", "change_label_2021": "No change", "sa3_code_2021": "20403", "sa3_name_2021": "Wodonga - Alpine", "sa4_code_2021": "204", "sa4_name_2021": "Hume", "gccsa_code_2021": "2RVIC", "gccsa_name_2021": "Rest of Vic.", "state_code_2021": "2", "state_name_2021": "Victoria", "aus_code_2021": "AUS", "aus_name_2021": "Australia", "area_albers_sqkm": 513.0897, "asgs_loci_uri_2021": "http://linked.data.gov.au/dataset/asgsed3/SA2/204031070", "shape_Length": 1.5190485161878957, "shape_Area": 0.051386166935864799 }, "geometry": { "type": "Polygon", "coordinates": [ [ [ 146.583774951, -36.052766707999979 ], [ 146.589750001000084, -36.019067678999932 ], [ 146.614867951000065, -36.022113978999982 ], [ 146.620607491000101, -35.993995137999946 ], [ 146.658344431000046, -36.014115927999967 ], [ 146.655996040000105, -36.026252368999963 ], [ 146.680904510000119, -36.022835348999934 ], [ 146.68702896100001, -36.040978038999981 ], [ 146.732117401000096, -36.023981997999954 ], [ 146.711589700000104, -36.045968377999941 ], [ 146.706578471000057, -36.125744838999935 ], [ 146.774831791000111, -36.127546197999948 ], [ 146.790501431000052, -36.165158217999931 ], [ 146.784839401000113, -36.200121017999948 ], [ 146.811335851000081, -36.218191317999981 ], [ 146.803680151000094, -36.235346607999929 ], [ 146.827941010000018, -36.265781998999955 ], [ 146.805224980000048, -36.271737997999935 ], [ 146.780951021000078, -36.249876987999983 ], [ 146.660953001000053, -36.246223997999948 ], [ 146.640823911000098, -36.278915927999947 ], [ 146.632961001000012, -36.262539997999966 ], [ 146.57836098100006, -36.268423997999946 ], [ 146.571551981000084, -36.25361591799998 ], [ 146.512428471000021, -36.246666687999948 ], [ 146.535669741000106, -36.228295257999946 ], [ 146.525190991000045, -36.215196997999954 ], [ 146.540238301000045, -36.183269777999953 ], [ 146.521984650000036, -36.177606167999954 ], [ 146.515504001000068, -36.134876037999959 ], [ 146.536692001000119, -36.101128998999968 ], [ 146.531000881000068, -36.080112057999941 ], [ 146.573644960000024, -36.072241047999967 ], [ 146.569982441000093, -36.051465247999943 ], [ 146.583774951, -36.052766707999979 ] ] ] } },
{ "type": "Feature", "properties": { "objectid": 720, "sa2_code_2021": "204031071", "sa2_name_2021": "Myrtleford", "change_flag_2021": "0", "change_label_2021": "No change", "sa3_code_2021": "20403", "sa3_name_2021": "Wodonga - Alpine", "sa4_code_2021": "204", "sa4_name_2021": "Hume", "gccsa_code_2021": "2RVIC", "gccsa_name_2021": "Rest of Vic.", "state_code_2021": "2", "state_name_2021": "Victoria", "aus_code_2021": "AUS", "aus_name_2021": "Australia", "area_albers_sqkm": 553.3639, "asgs_loci_uri_2021": "http://linked.data.gov.au/dataset/asgsed3/SA2/204031071", "shape_Length": 1.4546008480976402, "shape_Area": 0.055697691396502325 }, "geometry": { "type": "Polygon", "coordinates": [ [ [ 146.670501251000019, -36.568983097999933 ], [ 146.661357241000019, -36.52350281799994 ], [ 146.634337451000079, -36.522536037999942 ], [ 146.64834648100009, -36.490917377999949 ], [ 146.711855611000033, -36.481610177999983 ], [ 146.725781051000013, -36.459222957999941 ], [ 146.852648811000108, -36.442592527999977 ], [ 146.89009916100008, -36.458800227999973 ], [ 146.894485001000021, -36.44089400799993 ], [ 146.919118991000119, -36.446047997999983 ], [ 146.950397851000048, -36.483939327999963 ], [ 146.947180891000016, -36.512230317999979 ], [ 146.970311380000112, -36.528273447999936 ], [ 146.954876331000037, -36.598413387999983 ], [ 146.935537611000086, -36.608488727999941 ], [ 146.944142631000091, -36.620759147999934 ], [ 146.900553851000041, -36.631122567999967 ], [ 146.903552991000083, -36.651010987999939 ], [ 146.87849420100008, -36.668050637999954 ], [ 146.887589311000056, -36.68151275799994 ], [ 146.84845499100004, -36.677302987999951 ], [ 146.842052461000094, -36.658001897999952 ], [ 146.785819751000076, -36.652339867999956 ], [ 146.788546011000108, -36.634777997999947 ], [ 146.760343191000061, -36.64333735799994 ], [ 146.750556741000082, -36.628521897999974 ], [ 146.728801421000071, -36.637637357999949 ], [ 146.701607171000092, -36.620777177999969 ], [ 146.691748811000025, -36.658355987999983 ], [ 146.673425521000013, -36.62221085799996 ], [ 146.626699171000041, -36.626796397999954 ], [ 146.670501251000019, -36.568983097999933 ] ] ] } },
{ "type": "Feature", "properties": { "objectid": 721, "sa2_code_2021": "204031072", "sa2_name_2021": "Towong", "change_flag_2021": "0", "change_label_2021": "No change", "sa3_code_2021": "20403", "sa3_name_2021": "Wodonga - Alpine", "sa4_code_2021": "204", "sa4_name_2021": "Hume", "gccsa_code_2021": "2RVIC", "gccsa_name_2021": "Rest of Vic.", "state_code_2021": "2", "state_name_2021": "Victoria", "aus_code_2021": "AUS", "aus_name_2021": "Australia", "area_albers_sqkm": 6668.947, "asgs_loci_uri_2021": "http://linked.data.gov.au/dataset/asgsed3/SA2/204031072", "shape_Length": 5.5446239833195357, "shape_Area": 0.66956682852050675 }, "geometry": { "type": "Polygon", "coordinates": [ [ [ 147.128213041000095, -36.218257307999977 ], [ 147.085978931000113, -36.209810538999932 ], [ 147.0336666500001, -36.123559727999975 ], [ 147.053080271000113, -36.107691447999969 ], [ 147.061811871000032, -36.066155027999969 ], [ 147.09555127100009, -36.05257047799995 ], [ 147.0981097, -36.010180078999952 ], [ 147.123357231000114, -35.994497537999962 ], [ 147.144361340000046, -36.037764597999967 ], [ 147.164456081000026, -36.03079830799993 ], [ 147.206298950000019, -36.050136118999944 ], [ 147.285176800000045, -36.039439008999977 ], [ 147.312592871000106, -36.061288968999975 ], [ 147.352824700000042, -36.031749138999942 ], [ 147.358192971000108, -35.991275628999972 ], [ 147.392344120000075, -35.973533277999934 ], [ 147.390341770000077, -35.949266218999981 ], [ 147.404631370000061, -35.943495108999969 ], [ 147.450684851000119, -35.960803988999942 ], [ 147.46407231000012, -35.944136947999937 ], [ 147.494111820000057, -35.943548847999978 ], [ 147.52551324, -35.96320856899996 ], [ 147.521110041000043, -35.986397258999943 ], [ 147.551873560000104, -36.004095298999971 ], [ 147.584027260000084, -35.98464791899994 ], [ 147.547653680000053, -35.978625418999968 ], [ 147.549115080000092, -35.964549578999936 ], [ 147.601437380000107, -35.979118598999946 ], [ 147.646776990000035, -35.946008468999935 ], [ 147.708414150000067, -35.928544547999934 ], [ 147.776849500000026, -35.968614018999972 ], [ 147.806153180000024, -35.965056948999973 ], [ 147.882879860000116, -36.001798338999947 ], [ 147.91234248000012, -35.995198328999948 ], [ 147.92397062100008, -36.042495437999946 ], [ 147.999691501000029, -36.046203588999958 ], [ 147.980230140000117, -36.086640308999961 ], [ 147.999218100000121, -36.098655138999959 ], [ 147.990615481000077, -36.12108694799997 ], [ 148.004366411000092, -36.140091918999929 ], [ 148.037726471000042, -36.140797488999965 ], [ 148.021819271000027, -36.176462468999944 ], [ 148.04062048000003, -36.206952008999963 ], [ 148.026095880000071, -36.223041868999928 ], [ 148.035011510000118, -36.310577948999935 ], [ 148.058940580000012, -36.320046718999947 ], [ 148.037542591000033, -36.390138878999949 ], [ 148.08027995000009, -36.42210119899994 ], [ 148.087601200000108, -36.451895337999929 ], [ 148.123729651000076, -36.462999347999983 ], [ 148.117630711000061, -36.495476227999973 ], [ 148.139815681000073, -36.52544589799993 ], [ 148.124447660000101, -36.550980568999933 ], [ 148.134331110000062, -36.56739641799993 ], [ 148.150725330000114, -36.558437667999954 ], [ 148.160713071000032, -36.57977546799998 ], [ 148.206081261000122, -36.586994808999975 ], [ 148.216221071000064, -36.639660507999963 ], [ 148.134465661000036, -36.743739117999951 ], [ 147.960215320000088, -36.612427648999983 ], [ 147.541888020000101, -36.737567997999975 ], [ 147.526462021000043, -36.771103997999944 ], [ 147.439299991000098, -36.800786997999978 ], [ 147.380130021000014, -36.75072599799995 ], [ 147.320639001000018, -36.748056997999981 ], [ 147.308387001000028, -36.689802477999933 ], [ 147.215716241000109, -36.670998557999951 ], [ 147.167692431000091, -36.63039884799997 ], [ 147.170316231000015, -36.583032317999937 ], [ 147.125938031000032, -36.551397297999983 ], [ 147.106883021000044, -36.487451587999942 ], [ 147.123454100000117, -36.448014377999982 ], [ 147.145394941000063, -36.450668107999945 ], [ 147.151931651000041, -36.437110107999956 ], [ 147.166561221000052, -36.359326947999932 ], [ 147.197400580000021, -36.339001368999959 ], [ 147.143483800000013, -36.258447267999941 ], [ 147.114494041000057, -36.24413035799995 ], [ 147.128213041000095, -36.218257307999977 ] ] ] } },
{ "type": "Feature", "properties": { "objectid": 722, "sa2_code_2021": "204031073", "sa2_name_2021": "West Wodonga", "change_flag_2021": "0", "change_label_2021": "No change", "sa3_code_2021": "20403", "sa3_name_2021": "Wodonga - Alpine", "sa4_code_2021": "204", "sa4_name_2021": "Hume", "gccsa_code_2021": "2RVIC", "gccsa_name_2021": "Rest of Vic.", "state_code_2021": "2", "state_name_2021": "Victoria", "aus_code_2021": "AUS", "aus_name_2021": "Australia", "area_albers_sqkm": 153.88, "asgs_loci_uri_2021": "http://linked.data.gov.au/dataset/asgsed3/SA2/204031073", "shape_Length": 0.80995166871851032, "shape_Area": 0.015403654873883101 }, "geometry": { "type": "Polygon", "coordinates": [ [ [ 146.774831791000111, -36.127546197999948 ], [ 146.706578471000057, -36.125744838999935 ], [ 146.711589700000104, -36.045968377999941 ], [ 146.727581481000016, -36.029754407999974 ], [ 146.735202861000062, -36.048097947999963 ], [ 146.75276924100001, -36.04186963899997 ], [ 146.749851040000067, -36.061277037999957 ], [ 146.803936140000019, -36.055194808999943 ], [ 146.825541791000092, -36.070847557999969 ], [ 146.821573061000095, -36.086862417999953 ], [ 146.842986861000099, -36.084331547999966 ], [ 146.868625991000044, -36.114845987999956 ], [ 146.86205, -36.192915987999982 ], [ 146.78530704100001, -36.195187147999945 ], [ 146.774831791000111, -36.127546197999948 ] ] ] } },
{ "type": "Feature", "properties": { "objectid": 723, "sa2_code_2021": "204031075", "sa2_name_2021": "Yackandandah", "change_flag_2021": "0", "change_label_2021": "No change", "sa3_code_2021": "20403", "sa3_name_2021": "Wodonga - Alpine", "sa4_code_2021": "204", "sa4_name_2021": "Hume", "gccsa_code_2021": "2RVIC", "gccsa_name_2021": "Rest of Vic.", "state_code_2021": "2", "state_name_2021": "Victoria", "aus_code_2021": "AUS", "aus_name_2021": "Australia", "area_albers_sqkm": 708.198, "asgs_loci_uri_2021": "http://linked.data.gov.au/dataset/asgsed3/SA2/204031075", "shape_Length": 1.7696743441264706, "shape_Area": 0.071081464612229667 }, "geometry": { "type": "Polygon", "coordinates": [ [ [ 147.001249620000067, -36.228970247999939 ], [ 146.997468181000045, -36.210276497999985 ], [ 147.032601620000037, -36.205111077999959 ], [ 147.036830291000115, -36.184806978999973 ], [ 147.128213041000095, -36.218257307999977 ], [ 147.114494041000057, -36.24413035799995 ], [ 147.143483800000013, -36.258447267999941 ], [ 147.197400580000021, -36.339001368999959 ], [ 147.166561221000052, -36.359326947999932 ], [ 147.145394941000063, -36.450668107999945 ], [ 147.123684081000079, -36.447799348999979 ], [ 147.125618110000119, -36.467686387999947 ], [ 147.104006641000069, -36.480968037999958 ], [ 147.117149271000017, -36.461044517999937 ], [ 147.060002391000012, -36.458910227999979 ], [ 147.036971761000018, -36.415941097999962 ], [ 147.045876561000114, -36.395104197999956 ], [ 147.017565811000054, -36.392694587999983 ], [ 146.934762931000023, -36.408310007999944 ], [ 146.881470011000033, -36.454312997999978 ], [ 146.81456361100004, -36.447975117999931 ], [ 146.830543641000077, -36.358597037999971 ], [ 146.816012631000035, -36.324303137999948 ], [ 146.793451940000068, -36.323323027999947 ], [ 146.789048181000112, -36.313878957999975 ], [ 146.818779290000066, -36.310798087999956 ], [ 146.809117010000023, -36.266059998999935 ], [ 146.919363400000066, -36.222131538999975 ], [ 146.960837440000091, -36.244703007999931 ], [ 147.001249620000067, -36.228970247999939 ] ] ] } },
{ "type": "Feature", "properties": { "objectid": 724, "sa2_code_2021": "204031491", "sa2_name_2021": "Baranduda - Leneva", "change_flag_2021": "1", "change_label_2021": "New", "sa3_code_2021": "20403", "sa3_name_2021": "Wodonga - Alpine", "sa4_code_2021": "204", "sa4_name_2021": "Hume", "gccsa_code_2021": "2RVIC", "gccsa_name_2021": "Rest of Vic.", "state_code_2021": "2", "state_name_2021": "Victoria", "aus_code_2021": "AUS", "aus_name_2021": "Australia", "area_albers_sqkm": 248.809, "asgs_loci_uri_2021": "http://linked.data.gov.au/dataset/asgsed3/SA2/204031491", "shape_Length": 1.0787451312717291, "shape_Area": 0.024924464539949044 }, "geometry": { "type": "Polygon", "coordinates": [ [ [ 146.863818061000075, -36.155857367999943 ], [ 146.913785761000099, -36.12518328799996 ], [ 146.901475300000016, -36.105159098999934 ], [ 146.914982400000099, -36.112612277999972 ], [ 146.92680370000005, -36.09717853799998 ], [ 146.952427641000099, -36.110924458999932 ], [ 146.956294770000113, -36.078190637999967 ], [ 146.981298531000107, -36.094876337999949 ], [ 147.00744416100008, -36.083732048999934 ], [ 147.073902790000034, -36.189526648999959 ], [ 147.036830291000115, -36.184806978999973 ], [ 147.032601620000037, -36.205111077999959 ], [ 147.002809041000091, -36.207237437999936 ], [ 147.001249620000067, -36.228970247999939 ], [ 146.960837440000091, -36.244703007999931 ], [ 146.919363400000066, -36.222131538999975 ], [ 146.856138391000059, -36.257943457999943 ], [ 146.822296141000038, -36.257422477999967 ], [ 146.803680151000094, -36.235346607999929 ], [ 146.811335851000081, -36.218191317999981 ], [ 146.784788990000038, -36.195855288999951 ], [ 146.86205, -36.192915987999982 ], [ 146.873201011000106, -36.171589007999955 ], [ 146.863818061000075, -36.155857367999943 ] ] ] } },
{ "type": "Feature", "properties": { "objectid": 725, "sa2_code_2021": "204031492", "sa2_name_2021": "Wodonga", "change_flag_2021": "1", "change_label_2021": "New", "sa3_code_2021": "20403", "sa3_name_2021": "Wodonga - Alpine", "sa4_code_2021": "204", "sa4_name_2021": "Hume", "gccsa_code_2021": "2RVIC", "gccsa_name_2021": "Rest of Vic.", "state_code_2021": "2", "state_name_2021": "Victoria", "aus_code_2021": "AUS", "aus_name_2021": "Australia", "area_albers_sqkm": 30.3131, "asgs_loci_uri_2021": "http://linked.data.gov.au/dataset/asgsed3/SA2/204031492", "shape_Length": 0.34718790465593885, "shape_Area": 0.0030341215269223051 }, "geometry": { "type": "Polygon", "coordinates": [ [ [ 146.86853558100006, -36.115627377999942 ], [ 146.842986861000099, -36.084331547999966 ], [ 146.865113090000023, -36.072883787999956 ], [ 146.90690974000006, -36.084947007999972 ], [ 146.907585561000019, -36.137672167999938 ], [ 146.861669271000096, -36.155657747999953 ], [ 146.86853558100006, -36.115627377999942 ] ] ] } },
{ "type": "Feature", "properties": { "objectid": 726, "sa2_code_2021": "205011076", "sa2_name_2021": "Drouin", "change_flag_2021": "0", "change_label_2021": "No change", "sa3_code_2021": "20501", "sa3_name_2021": "Baw Baw", "sa4_code_2021": "205", "sa4_name_2021": "Latrobe - Gippsland", "gccsa_code_2021": "2RVIC", "gccsa_name_2021": "Rest of Vic.", "state_code_2021": "2", "state_name_2021": "Victoria", "aus_code_2021": "AUS", "aus_name_2021": "Australia", "area_albers_sqkm": 326.806, "asgs_loci_uri_2021": "http://linked.data.gov.au/dataset/asgsed3/SA2/205011076", "shape_Length": 1.1853418689822737, "shape_Area": 0.033582838995124549 }, "geometry": { "type": "Polygon", "coordinates": [ [ [ 145.702894032000017, -38.194816986999967 ], [ 145.762786512000048, -38.108945686999959 ], [ 145.73921091200009, -38.100530056999958 ], [ 145.764939792000064, -38.008295166999972 ], [ 145.738119012000084, -37.970301986999971 ], [ 145.803806012000109, -37.977645456999937 ], [ 145.799861752000083, -37.99949223699997 ], [ 145.840161002000059, -38.025431986999934 ], [ 145.840810992000115, -38.068671006999978 ], [ 145.920348002000082, -38.073077996999984 ], [ 145.916922032000116, -38.088159996999934 ], [ 145.896977162000098, -38.090290956999979 ], [ 145.893360992000112, -38.144239986999935 ], [ 145.870947982000075, -38.162490996999963 ], [ 145.878953162000016, -38.193590256999983 ], [ 145.857859192000092, -38.192151046999982 ], [ 145.850163022000061, -38.224494986999957 ], [ 145.823459992000039, -38.236299005999967 ], [ 145.807315232000064, -38.270145536999962 ], [ 145.712831012000038, -38.251800986999967 ], [ 145.717412122000042, -38.206726385999957 ], [ 145.702894032000017, -38.194816986999967 ] ] ] } },
{ "type": "Feature", "properties": { "objectid": 727, "sa2_code_2021": "205011077", "sa2_name_2021": "Mount Baw Baw Region", "change_flag_2021": "0", "change_label_2021": "No change", "sa3_code_2021": "20501", "sa3_name_2021": "Baw Baw", "sa4_code_2021": "205", "sa4_name_2021": "Latrobe - Gippsland", "gccsa_code_2021": "2RVIC", "gccsa_name_2021": "Rest of Vic.", "state_code_2021": "2", "state_name_2021": "Victoria", "aus_code_2021": "AUS", "aus_name_2021": "Australia", "area_albers_sqkm": 2753.3275, "asgs_loci_uri_2021": "http://linked.data.gov.au/dataset/asgsed3/SA2/205011077", "shape_Length": 3.5462832428263416, "shape_Area": 0.2820017938449933 }, "geometry": { "type": "Polygon", "coordinates": [ [ [ 145.803806012000109, -37.977645456999937 ], [ 145.731055022000078, -37.959773996999957 ], [ 145.769497982000075, -37.880902996999964 ], [ 145.817614992000017, -37.857750986999974 ], [ 145.794949982000048, -37.815109006999933 ], [ 145.844706021000093, -37.797625986999947 ], [ 145.926379992000079, -37.829645986999935 ], [ 145.917467012000088, -37.777522996999949 ], [ 145.943614012000012, -37.758231996999939 ], [ 146.038633002000097, -37.774454996999964 ], [ 146.08909501200003, -37.753790996999953 ], [ 146.133761011000047, -37.788026006999985 ], [ 146.163224002000106, -37.74734899699996 ], [ 146.13554802200008, -37.702078006999955 ], [ 146.129749011000058, -37.648073007999983 ], [ 146.164825002000043, -37.622995996999975 ], [ 146.158818992000079, -37.600772006999932 ], [ 146.184016991000021, -37.581050006999931 ], [ 146.250088011000116, -37.610402986999929 ], [ 146.298792002000027, -37.591075006999972 ], [ 146.367906002000041, -37.629427006999947 ], [ 146.394049011000106, -37.603999997999949 ], [ 146.44365700100002, -37.612121996999974 ], [ 146.51567599100008, -37.675856987999964 ], [ 146.502334982000093, -37.690826007999931 ], [ 146.473207982000076, -37.996139996999943 ], [ 146.498182012000029, -38.005301996999947 ], [ 146.488667011000075, -38.027743986999951 ], [ 146.512756102000026, -38.052728996999974 ], [ 146.506391892000011, -38.081332696999937 ], [ 146.4757178320001, -38.075308086999939 ], [ 146.47897725200005, -38.103799896999931 ], [ 146.424409092000019, -38.096541166999941 ], [ 146.416182032000052, -38.115536996999936 ], [ 146.32689679200007, -38.085856526999976 ], [ 146.307003852000094, -38.15550800699998 ], [ 146.254469732000075, -38.148358906999931 ], [ 146.222263072000032, -38.174548036999965 ], [ 146.223406002000047, -38.150667996999971 ], [ 146.184438022000109, -38.139491006999947 ], [ 146.196323292000102, -38.127418296999963 ], [ 146.173114002000034, -38.113445996999985 ], [ 146.185972912000011, -38.100091936999945 ], [ 146.100545542000077, -38.096636126999954 ], [ 146.097617582000112, -38.063838136999948 ], [ 146.065022022000107, -38.053230686999939 ], [ 146.042258692000019, -38.050736176999976 ], [ 146.024739572000044, -38.104070426999954 ], [ 145.994515012000079, -38.091143986999953 ], [ 145.966232152000089, -38.10166808699995 ], [ 145.967513002000032, -38.117613996999978 ], [ 145.895345282000108, -38.099162246999981 ], [ 145.920348002000082, -38.073077996999984 ], [ 145.840810992000115, -38.068671006999978 ], [ 145.840161002000059, -38.025431986999934 ], [ 145.799861752000083, -37.99949223699997 ], [ 145.803806012000109, -37.977645456999937 ] ] ] } },
{ "type": "Feature", "properties": { "objectid": 728, "sa2_code_2021": "205011078", "sa2_name_2021": "Trafalgar (Vic.)", "change_flag_2021": "0", "change_label_2021": "No change", "sa3_code_2021": "20501", "sa3_name_2021": "Baw Baw", "sa4_code_2021": "205", "sa4_name_2021": "Latrobe - Gippsland", "gccsa_code_2021": "2RVIC", "gccsa_name_2021": "Rest of Vic.", "state_code_2021": "2", "state_name_2021": "Victoria", "aus_code_2021": "AUS", "aus_name_2021": "Australia", "area_albers_sqkm": 501.529, "asgs_loci_uri_2021": "http://linked.data.gov.au/dataset/asgsed3/SA2/205011078", "shape_Length": 1.5642028854649581, "shape_Area": 0.051598994611230319 }, "geometry": { "type": "Polygon", "coordinates": [ [ [ 146.014923622000083, -38.295226725999953 ], [ 146.014505992000068, -38.198569996999936 ], [ 146.069330052000055, -38.177662056999964 ], [ 146.065885912000113, -38.145499656999959 ], [ 146.036430732000099, -38.148668946999976 ], [ 146.037809012000025, -38.110061996999946 ], [ 146.023663472000067, -38.096928196999954 ], [ 146.042258692000019, -38.050736176999976 ], [ 146.065022022000107, -38.053230686999939 ], [ 146.097617582000112, -38.063838136999948 ], [ 146.100545542000077, -38.096636126999954 ], [ 146.185972912000011, -38.100091936999945 ], [ 146.173114002000034, -38.113445996999985 ], [ 146.196323292000102, -38.127418296999963 ], [ 146.184438022000109, -38.139491006999947 ], [ 146.223406002000047, -38.150667996999971 ], [ 146.227514772000063, -38.202483686999983 ], [ 146.213497092000011, -38.229932966999968 ], [ 146.291330752000022, -38.227185126999984 ], [ 146.25823364200005, -38.264800306999973 ], [ 146.263684732000115, -38.297482506999984 ], [ 146.282537682000111, -38.299905616999979 ], [ 146.230188472, -38.321734136999964 ], [ 146.203892262000068, -38.317105176999974 ], [ 146.189213052000014, -38.343887786999971 ], [ 146.122518792000051, -38.360051836999958 ], [ 146.087826862000043, -38.331321016999937 ], [ 146.059530272000075, -38.342679996999948 ], [ 146.055216012000074, -38.323201996999956 ], [ 145.986575752000022, -38.327707206999946 ], [ 146.011162002000106, -38.311329996999973 ], [ 145.997584772000096, -38.302811756999972 ], [ 146.014923622000083, -38.295226725999953 ] ] ] } },
{ "type": "Feature", "properties": { "objectid": 729, "sa2_code_2021": "205011079", "sa2_name_2021": "Warragul", "change_flag_2021": "0", "change_label_2021": "No change", "sa3_code_2021": "20501", "sa3_name_2021": "Baw Baw", "sa4_code_2021": "205", "sa4_name_2021": "Latrobe - Gippsland", "gccsa_code_2021": "2RVIC", "gccsa_name_2021": "Rest of Vic.", "state_code_2021": "2", "state_name_2021": "Victoria", "aus_code_2021": "AUS", "aus_name_2021": "Australia", "area_albers_sqkm": 352.1791, "asgs_loci_uri_2021": "http://linked.data.gov.au/dataset/asgsed3/SA2/205011079", "shape_Length": 1.1792984804796744, "shape_Area": 0.036228454128675841 }, "geometry": { "type": "Polygon", "coordinates": [ [ [ 145.893360992000112, -38.144239986999935 ], [ 145.902936952000118, -38.095290986999942 ], [ 145.967513002000032, -38.117613996999978 ], [ 145.966232152000089, -38.10166808699995 ], [ 145.994515012000079, -38.091143986999953 ], [ 146.037809012000025, -38.110061996999946 ], [ 146.036430732000099, -38.148668946999976 ], [ 146.065885912000113, -38.145499656999959 ], [ 146.070991452000044, -38.169540086999973 ], [ 146.05059025200012, -38.194217996999953 ], [ 146.013435992000041, -38.199554986999942 ], [ 146.014923622000083, -38.295226725999953 ], [ 145.957177082000044, -38.304636026999958 ], [ 145.94066280200002, -38.330812156999968 ], [ 145.914513872000043, -38.312917646999949 ], [ 145.844040952000114, -38.322551466999982 ], [ 145.849114082000028, -38.306614046999982 ], [ 145.809408982000036, -38.260230996999951 ], [ 145.850163022000061, -38.224494986999957 ], [ 145.857859192000092, -38.192151046999982 ], [ 145.878953162000016, -38.193590256999983 ], [ 145.870947982000075, -38.162490996999963 ], [ 145.893360992000112, -38.144239986999935 ] ] ] } },
{ "type": "Feature", "properties": { "objectid": 730, "sa2_code_2021": "205021080", "sa2_name_2021": "Alps - East", "change_flag_2021": "0", "change_label_2021": "No change", "sa3_code_2021": "20502", "sa3_name_2021": "Gippsland - East", "sa4_code_2021": "205", "sa4_name_2021": "Latrobe - Gippsland", "gccsa_code_2021": "2RVIC", "gccsa_name_2021": "Rest of Vic.", "state_code_2021": "2", "state_name_2021": "Victoria", "aus_code_2021": "AUS", "aus_name_2021": "Australia", "area_albers_sqkm": 2071.2834, "asgs_loci_uri_2021": "http://linked.data.gov.au/dataset/asgsed3/SA2/205021080", "shape_Length": 3.421928709707315, "shape_Area": 0.20966874124542767 }, "geometry": { "type": "Polygon", "coordinates": [ [ [ 147.963840061000042, -36.947967177999942 ], [ 147.973096351000095, -36.743957397999964 ], [ 147.843180080000025, -36.744013137999957 ], [ 147.828704981000101, -36.76304898799998 ], [ 147.762782001000119, -36.785821987999952 ], [ 147.741066001000036, -36.723853007999935 ], [ 147.703258021000011, -36.720702987999971 ], [ 147.707934001000012, -36.688750988999971 ], [ 147.960215320000088, -36.612427648999983 ], [ 148.13446488000011, -36.743739117999951 ], [ 148.097983450000015, -36.787162187999968 ], [ 148.108888551000064, -36.800865977999933 ], [ 148.157448590000058, -36.790040098999953 ], [ 148.251246041000059, -36.819266378999941 ], [ 148.247364001000051, -36.974896008999963 ], [ 148.204540010000073, -36.965190997999969 ], [ 148.1846129810001, -36.993715997999971 ], [ 148.213111560000016, -37.052569327999947 ], [ 148.259675881000021, -37.053435057999934 ], [ 148.250741051000091, -37.105932057999951 ], [ 148.219362001000036, -37.147000007999964 ], [ 148.249717001000022, -37.161619008999935 ], [ 148.232563031000041, -37.185134997999967 ], [ 148.250968991000036, -37.188148997999974 ], [ 148.252837241000066, -37.223163987999953 ], [ 148.232711111000071, -37.25637650799996 ], [ 148.180028981000078, -37.231232007999949 ], [ 148.173392, -37.250736997999979 ], [ 148.139860621000025, -37.246039347999954 ], [ 148.133066841000073, -37.268444087999967 ], [ 148.148991021000029, -37.300858997999967 ], [ 147.998581021000064, -37.29987099799996 ], [ 148.001230991000057, -37.390297007999948 ], [ 147.92436801100007, -37.381532997999955 ], [ 147.905270991000066, -37.361421997999969 ], [ 147.919608561000018, -37.286176137999973 ], [ 147.893346851000047, -37.285691807999967 ], [ 147.874474991000056, -37.266357997999933 ], [ 147.908344, -37.071187007999981 ], [ 147.845079541000018, -37.06159989799994 ], [ 147.905663001000107, -36.971498997999959 ], [ 147.963840061000042, -36.947967177999942 ] ] ] } },
{ "type": "Feature", "properties": { "objectid": 731, "sa2_code_2021": "205021081", "sa2_name_2021": "Bairnsdale", "change_flag_2021": "0", "change_label_2021": "No change", "sa3_code_2021": "20502", "sa3_name_2021": "Gippsland - East", "sa4_code_2021": "205", "sa4_name_2021": "Latrobe - Gippsland", "gccsa_code_2021": "2RVIC", "gccsa_name_2021": "Rest of Vic.", "state_code_2021": "2", "state_name_2021": "Victoria", "aus_code_2021": "AUS", "aus_name_2021": "Australia", "area_albers_sqkm": 155.0115, "asgs_loci_uri_2021": "http://linked.data.gov.au/dataset/asgsed3/SA2/205021081", "shape_Length": 0.9983200530063514, "shape_Area": 0.015863841768692578 }, "geometry": { "type": "Polygon", "coordinates": [ [ [ 147.576028001000054, -37.830232996999939 ], [ 147.558656882000037, -37.808988027999931 ], [ 147.532684321000033, -37.815759796999941 ], [ 147.539630021000107, -37.795271997999976 ], [ 147.564622522000036, -37.787409237999952 ], [ 147.569493881000085, -37.760133517999975 ], [ 147.600896981000119, -37.782406997999942 ], [ 147.626943021000102, -37.761874997999939 ], [ 147.622579991000066, -37.745171997999933 ], [ 147.649823991000062, -37.748491007999974 ], [ 147.64953400100012, -37.788954006999973 ], [ 147.68062167100004, -37.786891547999971 ], [ 147.720122991000039, -37.81458972799993 ], [ 147.693342031000043, -37.824921996999933 ], [ 147.686812951000093, -37.860937996999951 ], [ 147.654786641000101, -37.849884977999977 ], [ 147.658889901000066, -37.876064046999943 ], [ 147.683481121000113, -37.876887977999957 ], [ 147.67448000100012, -37.888329986999963 ], [ 147.579271021000068, -37.872992987999964 ], [ 147.572481002000018, -37.901853987999971 ], [ 147.502804981000054, -37.88973399799994 ], [ 147.506876011000031, -37.871844986999974 ], [ 147.552074001000051, -37.869228997999983 ], [ 147.576028001000054, -37.830232996999939 ] ] ] } },
{ "type": "Feature", "properties": { "objectid": 732, "sa2_code_2021": "205021082", "sa2_name_2021": "Bruthen - Omeo", "change_flag_2021": "0", "change_label_2021": "No change", "sa3_code_2021": "20502", "sa3_name_2021": "Gippsland - East", "sa4_code_2021": "205", "sa4_name_2021": "Latrobe - Gippsland", "gccsa_code_2021": "2RVIC", "gccsa_name_2021": "Rest of Vic.", "state_code_2021": "2", "state_name_2021": "Victoria", "aus_code_2021": "AUS", "aus_name_2021": "Australia", "area_albers_sqkm": 7377.4172, "asgs_loci_uri_2021": "http://linked.data.gov.au/dataset/asgsed3/SA2/205021082", "shape_Length": 6.440845931664855, "shape_Area": 0.74995860427374306 }, "geometry": { "type": "Polygon", "coordinates": [ [ [ 147.390892991000101, -37.039583997999955 ], [ 147.263295011000082, -37.006704997999975 ], [ 147.289250751000054, -36.90516245799995 ], [ 147.341707931000087, -36.861818027999959 ], [ 147.333284280000044, -36.829942197999969 ], [ 147.282931801000018, -36.826961847999939 ], [ 147.293453361000047, -36.811043507999955 ], [ 147.26792690100001, -36.779041667999934 ], [ 147.290073311000015, -36.76602321799993 ], [ 147.296593961000099, -36.733921927999972 ], [ 147.380130021000014, -36.75072599799995 ], [ 147.457011030000103, -36.803202997999961 ], [ 147.471399980000115, -36.783069007999984 ], [ 147.528603991000068, -36.769624997999983 ], [ 147.541888020000101, -36.737567997999975 ], [ 147.709118280000098, -36.687750897999933 ], [ 147.703258021000011, -36.720702987999971 ], [ 147.741066001000036, -36.723853007999935 ], [ 147.762782001000119, -36.785821987999952 ], [ 147.828704981000101, -36.76304898799998 ], [ 147.843180080000025, -36.744013137999957 ], [ 147.973096351000095, -36.743957397999964 ], [ 147.963840061000042, -36.947967177999942 ], [ 147.905663001000107, -36.971498997999959 ], [ 147.844894991000047, -37.058796997999934 ], [ 147.908344, -37.071187007999981 ], [ 147.874474991000056, -37.266357997999933 ], [ 147.893346851000047, -37.285691807999967 ], [ 147.919608561000018, -37.286176137999973 ], [ 147.905270991000066, -37.361421997999969 ], [ 147.92436801100007, -37.381532997999955 ], [ 148.001230991000057, -37.390297007999948 ], [ 148.000895921000051, -37.521905337999954 ], [ 147.963016441000036, -37.570044057999951 ], [ 147.988517491000039, -37.587942637999959 ], [ 147.910313871000085, -37.627265077999937 ], [ 147.918142762000116, -37.646126347999939 ], [ 147.891362231000016, -37.665277507999974 ], [ 147.903284011000096, -37.672508987999947 ], [ 147.894753011000034, -37.728433987999949 ], [ 147.940892991000055, -37.747143007999966 ], [ 147.944398011000089, -37.770833997999944 ], [ 147.843157961000088, -37.782957947999932 ], [ 147.816758021000055, -37.844480996999948 ], [ 147.793887012000027, -37.859487027999933 ], [ 147.791567182000108, -37.847118966999972 ], [ 147.754429931000118, -37.856489937999982 ], [ 147.719130851000045, -37.839356996999982 ], [ 147.695141001000025, -37.847745007999947 ], [ 147.693342031000043, -37.824921996999933 ], [ 147.720122991000039, -37.81458972799993 ], [ 147.68062167100004, -37.786891547999971 ], [ 147.64953400100012, -37.788954006999973 ], [ 147.649823991000062, -37.748491007999974 ], [ 147.622579991000066, -37.745171997999933 ], [ 147.626943021000102, -37.761874997999939 ], [ 147.600896981000119, -37.782406997999942 ], [ 147.569493881000085, -37.760133517999975 ], [ 147.564622522000036, -37.787409237999952 ], [ 147.539630021000107, -37.795271997999976 ], [ 147.532684321000033, -37.815759796999941 ], [ 147.558656882000037, -37.808988027999931 ], [ 147.576028001000054, -37.830232996999939 ], [ 147.552074001000051, -37.869228997999983 ], [ 147.506876011000031, -37.871844986999974 ], [ 147.501603001000035, -37.895018997999955 ], [ 147.486178031, -37.892800996999938 ], [ 147.477412081000011, -37.93366214699995 ], [ 147.358601621000048, -37.917276476999973 ], [ 147.352381152000021, -37.943640497999979 ], [ 147.30227402200012, -37.93005300699997 ], [ 147.305803502000117, -37.913153896999972 ], [ 147.274246001000051, -37.920137006999937 ], [ 147.286565992000078, -37.876871997999956 ], [ 147.264676722000104, -37.861431287999949 ], [ 147.281314122000026, -37.774606197999958 ], [ 147.233436991000076, -37.769381006999936 ], [ 147.262062012000115, -37.752241986999934 ], [ 147.211966012000062, -37.745554997999932 ], [ 147.198403822000046, -37.726067336999961 ], [ 147.222061001000043, -37.632657996999967 ], [ 147.157097971000098, -37.600111607999963 ], [ 147.171500291000029, -37.542603687999929 ], [ 147.16967868100005, -37.51471431799996 ], [ 147.15059546100008, -37.500114146999977 ], [ 147.167013961000066, -37.468287897999971 ], [ 147.13718459200004, -37.461537187999966 ], [ 147.127923452000118, -37.433975377999957 ], [ 147.110200001000067, -37.431657987999984 ], [ 147.133616032000077, -37.408537897999963 ], [ 147.11905541200008, -37.409612096999979 ], [ 147.109218191000082, -37.371390206999934 ], [ 147.083279901000083, -37.354602267999951 ], [ 147.126713331000019, -37.33781274699993 ], [ 147.171463311000025, -37.367592567999964 ], [ 147.207487141000115, -37.357960817999981 ], [ 147.203265071000033, -37.256826756999942 ], [ 147.336985012000014, -37.275538307999966 ], [ 147.384516991000055, -37.203916997999954 ], [ 147.331485991000022, -37.153031007999971 ], [ 147.316397001000041, -37.113863987999935 ], [ 147.359213001000057, -37.114341997999929 ], [ 147.380514981000033, -37.098712987999932 ], [ 147.390892991000101, -37.039583997999955 ] ] ] } },
{ "type": "Feature", "properties": { "objectid": 733, "sa2_code_2021": "205021083", "sa2_name_2021": "Lake King", "change_flag_2021": "0", "change_label_2021": "No change", "sa3_code_2021": "20502", "sa3_name_2021": "Gippsland - East", "sa4_code_2021": "205", "sa4_name_2021": "Latrobe - Gippsland", "gccsa_code_2021": "2RVIC", "gccsa_name_2021": "Rest of Vic.", "state_code_2021": "2", "state_name_2021": "Victoria", "aus_code_2021": "AUS", "aus_name_2021": "Australia", "area_albers_sqkm": 93.8744, "asgs_loci_uri_2021": "http://linked.data.gov.au/dataset/asgsed3/SA2/205021083", "shape_Length": 0.94109809225623309, "shape_Area": 0.0096139752228609938 }, "geometry": { "type": "Polygon", "coordinates": [ [ [ 147.697183441000107, -37.847944157999962 ], [ 147.811763871000039, -37.852099016999944 ], [ 147.819930121000084, -37.884590007999975 ], [ 147.857055151000054, -37.897423016999937 ], [ 147.859377861000098, -37.876283017999981 ], [ 147.871712161000119, -37.879414027999985 ], [ 147.880888922000054, -37.901637987999948 ], [ 147.86651018200007, -37.889426967999952 ], [ 147.860246671000027, -37.905849356999965 ], [ 147.83391108100011, -37.900222007999957 ], [ 147.815268822000121, -37.917818987999965 ], [ 147.82690411100009, -37.925154667999948 ], [ 147.789844932000051, -37.937395986999945 ], [ 147.771164152000097, -37.912359957999968 ], [ 147.776734091000094, -37.888543977999973 ], [ 147.734119061000115, -37.907000007999955 ], [ 147.720300822000013, -37.893166017999931 ], [ 147.687159001000055, -37.895325007999929 ], [ 147.685979871000086, -37.882995036999944 ], [ 147.71223395100003, -37.876319016999958 ], [ 147.742000951000023, -37.857998966999958 ], [ 147.676209112000038, -37.881621007999968 ], [ 147.654083871000012, -37.868662977999975 ], [ 147.656358001000058, -37.847572007999929 ], [ 147.673226881000119, -37.863953007999953 ], [ 147.697183441000107, -37.847944157999962 ] ] ] } },
{ "type": "Feature", "properties": { "objectid": 734, "sa2_code_2021": "205021084", "sa2_name_2021": "Lakes Entrance", "change_flag_2021": "0", "change_label_2021": "No change", "sa3_code_2021": "20502", "sa3_name_2021": "Gippsland - East", "sa4_code_2021": "205", "sa4_name_2021": "Latrobe - Gippsland", "gccsa_code_2021": "2RVIC", "gccsa_name_2021": "Rest of Vic.", "state_code_2021": "2", "state_name_2021": "Victoria", "aus_code_2021": "AUS", "aus_name_2021": "Australia", "area_albers_sqkm": 214.0352, "asgs_loci_uri_2021": "http://linked.data.gov.au/dataset/asgsed3/SA2/205021084", "shape_Length": 0.92122971123333686, "shape_Area": 0.02190748663861173 }, "geometry": { "type": "Polygon", "coordinates": [ [ [ 147.829281421000019, -37.829234147999955 ], [ 147.843157961000088, -37.782957947999932 ], [ 147.9481249910001, -37.76343199799993 ], [ 147.973727981000025, -37.789833987999941 ], [ 147.973261001000083, -37.821522996999931 ], [ 148.078874891000055, -37.833733977999941 ], [ 148.082685852000054, -37.846839966999937 ], [ 148.063431951000098, -37.851546957999972 ], [ 148.092002691000062, -37.857698927999934 ], [ 147.884861871000112, -37.903247997999983 ], [ 147.872243171000036, -37.879565037999953 ], [ 147.859377861000098, -37.876283017999981 ], [ 147.857055151000054, -37.897423016999937 ], [ 147.819835081000065, -37.884483986999953 ], [ 147.817635841000083, -37.856609997999954 ], [ 147.798893391000092, -37.855235186999948 ], [ 147.829281421000019, -37.829234147999955 ] ] ] } },
{ "type": "Feature", "properties": { "objectid": 735, "sa2_code_2021": "205021085", "sa2_name_2021": "Orbost", "change_flag_2021": "0", "change_label_2021": "No change", "sa3_code_2021": "20502", "sa3_name_2021": "Gippsland - East", "sa4_code_2021": "205", "sa4_name_2021": "Latrobe - Gippsland", "gccsa_code_2021": "2RVIC", "gccsa_name_2021": "Rest of Vic.", "state_code_2021": "2", "state_name_2021": "Victoria", "aus_code_2021": "AUS", "aus_name_2021": "Australia", "area_albers_sqkm": 11383.7, "asgs_loci_uri_2021": "http://linked.data.gov.au/dataset/asgsed3/SA2/205021085", "shape_Length": 6.3065195806000363, "shape_Area": 1.1591086522362553 }, "geometry": { "type": "MultiPolygon", "coordinates": [ [ [ [ 148.000799891000042, -37.522231327999975 ], [ 147.998581021000064, -37.29987099799996 ], [ 148.148991021000029, -37.300858997999967 ], [ 148.133066841000073, -37.268444087999967 ], [ 148.139860621000025, -37.246039347999954 ], [ 148.173392, -37.250736997999979 ], [ 148.180028981000078, -37.231232007999949 ], [ 148.232711111000071, -37.25637650799996 ], [ 148.252837241000066, -37.223163987999953 ], [ 148.250968991000036, -37.188148997999974 ], [ 148.232563031000041, -37.185134997999967 ], [ 148.249717001000022, -37.161619008999935 ], [ 148.219362001000036, -37.147000007999964 ], [ 148.250741051000091, -37.105932057999951 ], [ 148.259675881000021, -37.053435057999934 ], [ 148.213111560000016, -37.052569327999947 ], [ 148.1846129810001, -36.993715997999971 ], [ 148.204540010000073, -36.965190997999969 ], [ 148.247364001000051, -36.974896008999963 ], [ 148.251246041000059, -36.819266378999941 ], [ 149.976192431000072, -37.505159327999934 ], [ 149.90660906100004, -37.542864967999947 ], [ 149.775247721000028, -37.557837887999938 ], [ 149.738747861000093, -37.585037387999932 ], [ 149.677328801000044, -37.68508186899993 ], [ 149.61659601000008, -37.70061280799996 ], [ 149.595838760000106, -37.726576257999966 ], [ 149.525500880000095, -37.737284317999979 ], [ 149.48495803000003, -37.775441107999939 ], [ 149.340378831000066, -37.776913297999954 ], [ 149.275497561000066, -37.80377694799995 ], [ 149.2467105610001, -37.780474197999979 ], [ 149.124226161000024, -37.777286647999972 ], [ 148.808733121000046, -37.786417097999959 ], [ 148.74918687100012, -37.797036747999982 ], [ 148.727785501000085, -37.815437107999969 ], [ 148.698124541000084, -37.801589277999938 ], [ 148.367609921000053, -37.803864377999957 ], [ 148.092002691000062, -37.857698927999934 ], [ 148.063431951000098, -37.851546957999972 ], [ 148.082685852000054, -37.846839966999937 ], [ 148.078874891000055, -37.833733977999941 ], [ 147.973261001000083, -37.821522996999931 ], [ 147.973727981000025, -37.789833987999941 ], [ 147.940892991000055, -37.747143007999966 ], [ 147.894753011000034, -37.728433987999949 ], [ 147.903284011000096, -37.672508987999947 ], [ 147.891362231000016, -37.665277507999974 ], [ 147.918142762000116, -37.646126347999939 ], [ 147.910313871000085, -37.627265077999937 ], [ 147.988343531000055, -37.588271647999932 ], [ 147.963037431000089, -37.569899057999976 ], [ 148.000799891000042, -37.522231327999975 ] ] ], [ [ [ 149.918469370000025, -37.568405237999968 ], [ 149.90871026100001, -37.555365107999933 ], [ 149.904809180000029, -37.548305037999967 ], [ 149.918469370000025, -37.568405237999968 ] ] ], [ [ [ 149.843237441000042, -37.557020468999951 ], [ 149.845068930000025, -37.554714497999953 ], [ 149.846633361000045, -37.557048438999971 ], [ 149.843237441000042, -37.557020468999951 ] ] ] ] } },
{ "type": "Feature", "properties": { "objectid": 736, "sa2_code_2021": "205021086", "sa2_name_2021": "Paynesville", "change_flag_2021": "0", "change_label_2021": "No change", "sa3_code_2021": "20502", "sa3_name_2021": "Gippsland - East", "sa4_code_2021": "205", "sa4_name_2021": "Latrobe - Gippsland", "gccsa_code_2021": "2RVIC", "gccsa_name_2021": "Rest of Vic.", "state_code_2021": "2", "state_name_2021": "Victoria", "aus_code_2021": "AUS", "aus_name_2021": "Australia", "area_albers_sqkm": 417.8856, "asgs_loci_uri_2021": "http://linked.data.gov.au/dataset/asgsed3/SA2/205021086", "shape_Length": 1.4657584709578704, "shape_Area": 0.042841699797067381 }, "geometry": { "type": "Polygon", "coordinates": [ [ [ 147.57914203100006, -37.873073996999949 ], [ 147.671152991000099, -37.889280007999957 ], [ 147.71556286200007, -37.863982977999967 ], [ 147.721497111000076, -37.865260966999983 ], [ 147.729206891000103, -37.859774036999966 ], [ 147.741753952000067, -37.857893026999932 ], [ 147.685465071000067, -37.892391036999982 ], [ 147.734119061000115, -37.907000007999955 ], [ 147.776734091000094, -37.888543977999973 ], [ 147.781551872000023, -37.931144297999936 ], [ 147.660982011000101, -37.976376007999932 ], [ 147.570188982000104, -38.053838997999947 ], [ 147.450706021000087, -38.077112997999961 ], [ 147.469234001000018, -38.05407400699994 ], [ 147.463588002000051, -38.013010996999981 ], [ 147.409034992000102, -38.003426997999952 ], [ 147.408850082000072, -37.981405436999978 ], [ 147.381435001000114, -37.980052987999954 ], [ 147.361596012000064, -37.917710007999972 ], [ 147.477291852000121, -37.933711027999948 ], [ 147.486178031, -37.892800996999938 ], [ 147.572481002000018, -37.901853987999971 ], [ 147.57914203100006, -37.873073996999949 ] ] ] } },
{ "type": "Feature", "properties": { "objectid": 737, "sa2_code_2021": "205031087", "sa2_name_2021": "Foster", "change_flag_2021": "0", "change_label_2021": "No change", "sa3_code_2021": "20503", "sa3_name_2021": "Gippsland - South West", "sa4_code_2021": "205", "sa4_name_2021": "Latrobe - Gippsland", "gccsa_code_2021": "2RVIC", "gccsa_name_2021": "Rest of Vic.", "state_code_2021": "2", "state_name_2021": "Victoria", "aus_code_2021": "AUS", "aus_name_2021": "Australia", "area_albers_sqkm": 1498.8468, "asgs_loci_uri_2021": "http://linked.data.gov.au/dataset/asgsed3/SA2/205031087", "shape_Length": 3.4824586453556039, "shape_Area": 0.15516634087534406 }, "geometry": { "type": "MultiPolygon", "coordinates": [ [ [ [ 145.912670912000067, -38.627190815999938 ], [ 145.916768002000026, -38.590477986999929 ], [ 145.968130002000066, -38.588421996999955 ], [ 145.987711992000072, -38.545645996999951 ], [ 146.01820603200008, -38.539845986999978 ], [ 146.036108992000095, -38.502766995999934 ], [ 146.08818799200003, -38.505525986999942 ], [ 146.111993002000077, -38.48137599699993 ], [ 146.138823022000111, -38.493942996999976 ], [ 146.12514800200006, -38.521745996999982 ], [ 146.163679992000084, -38.515029996999942 ], [ 146.172223112000097, -38.532924826999931 ], [ 146.206138002000102, -38.53795097699998 ], [ 146.240130992000104, -38.513770016999956 ], [ 146.316498012000011, -38.520252986999935 ], [ 146.327389212000071, -38.531358166999951 ], [ 146.312695992000044, -38.561846006999929 ], [ 146.367621002000078, -38.576563996999937 ], [ 146.368805062000092, -38.591862386999935 ], [ 146.525602242000105, -38.619308906999947 ], [ 146.525775542000019, -38.692382246999955 ], [ 146.494669002000023, -38.679738566999958 ], [ 146.493105082000056, -38.696694735999984 ], [ 146.437100102000045, -38.694461456999932 ], [ 146.406825803000061, -38.722377086999984 ], [ 146.383951912000043, -38.71935833699996 ], [ 146.38098646200001, -38.685645066999939 ], [ 146.350814503000038, -38.672924186999978 ], [ 146.331820822000054, -38.681068495999966 ], [ 146.338839953000047, -38.690665556999932 ], [ 146.212059352000097, -38.692854495999939 ], [ 146.229248232000032, -38.701188406999961 ], [ 146.192047972000069, -38.726245066999979 ], [ 146.210698853000054, -38.737945926999942 ], [ 146.192596972000047, -38.728737076999948 ], [ 146.185560282000097, -38.743370256999981 ], [ 146.21849730200006, -38.771826125999951 ], [ 146.233047553000119, -38.809044276999941 ], [ 146.272814192000055, -38.806047876999969 ], [ 146.270415012000058, -38.860335995999947 ], [ 146.206702032000067, -38.861500996999951 ], [ 146.170527032000109, -38.839660995999964 ], [ 146.188554163000049, -38.872882636999975 ], [ 146.104556013000092, -38.822964456999955 ], [ 146.040440593000085, -38.811621736999939 ], [ 145.998126282000044, -38.84596840699993 ], [ 146.006286112000112, -38.877919995999946 ], [ 145.921291922000023, -38.909637996999948 ], [ 145.869526532, -38.776148206999949 ], [ 145.793581963000065, -38.688069526999982 ], [ 145.729495992000011, -38.645109985999966 ], [ 145.816606092000029, -38.647514595999951 ], [ 145.811024002000067, -38.610786996999934 ], [ 145.825947023000026, -38.61249900599995 ], [ 145.832484252000086, -38.57883699599995 ], [ 145.883940962000111, -38.602427746999979 ], [ 145.832894032000013, -38.629280005999931 ], [ 145.912670912000067, -38.627190815999938 ] ] ], [ [ [ 146.278628532000084, -38.772750585999972 ], [ 146.276930512000035, -38.771050586999934 ], [ 146.279686482000102, -38.771565575999944 ], [ 146.278628532000084, -38.772750585999972 ] ] ] ] } },
{ "type": "Feature", "properties": { "objectid": 738, "sa2_code_2021": "205031088", "sa2_name_2021": "French Island", "change_flag_2021": "0", "change_label_2021": "No change", "sa3_code_2021": "20503", "sa3_name_2021": "Gippsland - South West", "sa4_code_2021": "205", "sa4_name_2021": "Latrobe - Gippsland", "gccsa_code_2021": "2RVIC", "gccsa_name_2021": "Rest of Vic.", "state_code_2021": "2", "state_name_2021": "Victoria", "aus_code_2021": "AUS", "aus_name_2021": "Australia", "area_albers_sqkm": 170.2291, "asgs_loci_uri_2021": "http://linked.data.gov.au/dataset/asgsed3/SA2/205031088", "shape_Length": 0.81864499312419381, "shape_Area": 0.017543681717563701 }, "geometry": { "type": "MultiPolygon", "coordinates": [ [ [ [ 145.269930952000095, -38.40889769599994 ], [ 145.298126872000012, -38.281956026999978 ], [ 145.351992952000046, -38.311261026999944 ], [ 145.452369962000034, -38.306855965999944 ], [ 145.503410072000065, -38.353293006999934 ], [ 145.406086902000084, -38.372762956999964 ], [ 145.385943503000021, -38.406721046999962 ], [ 145.361462772000095, -38.406520705999981 ], [ 145.352551702000028, -38.420048516999941 ], [ 145.287133592000032, -38.395650325999952 ], [ 145.27539252300005, -38.39488838699998 ], [ 145.281335382000066, -38.404372136999939 ], [ 145.269930952000095, -38.40889769599994 ] ] ], [ [ [ 145.348314123000023, -38.421561965999956 ], [ 145.347923172000037, -38.421692995999933 ], [ 145.348072932000036, -38.421406966999939 ], [ 145.348314123000023, -38.421561965999956 ] ] ], [ [ [ 145.368506833000083, -38.419094935999965 ], [ 145.368842702000052, -38.411275645999979 ], [ 145.372103252000102, -38.417612866999946 ], [ 145.368506833000083, -38.419094935999965 ] ] ] ] } },
{ "type": "Feature", "properties": { "objectid": 739, "sa2_code_2021": "205031089", "sa2_name_2021": "Korumburra", "change_flag_2021": "0", "change_label_2021": "No change", "sa3_code_2021": "20503", "sa3_name_2021": "Gippsland - South West", "sa4_code_2021": "205", "sa4_name_2021": "Latrobe - Gippsland", "gccsa_code_2021": "2RVIC", "gccsa_name_2021": "Rest of Vic.", "state_code_2021": "2", "state_name_2021": "Victoria", "aus_code_2021": "AUS", "aus_name_2021": "Australia", "area_albers_sqkm": 600.6912, "asgs_loci_uri_2021": "http://linked.data.gov.au/dataset/asgsed3/SA2/205031089", "shape_Length": 1.4925997053892361, "shape_Area": 0.061947601734994889 }, "geometry": { "type": "Polygon", "coordinates": [ [ [ 145.673837002000027, -38.480650006999952 ], [ 145.692539012000111, -38.42016698599997 ], [ 145.640944002000083, -38.41510799699995 ], [ 145.649505002000069, -38.385478986999942 ], [ 145.612303982000071, -38.364879996999946 ], [ 145.612447982000049, -38.285573056999965 ], [ 145.732680112000025, -38.289374696999971 ], [ 145.735351072000071, -38.255038046999971 ], [ 145.75362227200003, -38.256933426999979 ], [ 145.834924672000056, -38.282024886999977 ], [ 145.844040952000114, -38.322551466999982 ], [ 145.914513872000043, -38.312917646999949 ], [ 145.942198432000055, -38.331073806999939 ], [ 145.937010502000021, -38.361165866999954 ], [ 145.912748512000121, -38.375449395999965 ], [ 145.924768002000064, -38.385956996999937 ], [ 145.921035042000085, -38.404459986999939 ], [ 145.909878122, -38.399161316999937 ], [ 145.91462618200012, -38.414733026999954 ], [ 145.891989393000017, -38.432791986999973 ], [ 145.883231662000071, -38.481049806999977 ], [ 145.842474222000078, -38.48158155699997 ], [ 145.838030132000085, -38.509486246999984 ], [ 145.811204022000084, -38.534257986999933 ], [ 145.787000033000027, -38.534069786999964 ], [ 145.772520002000078, -38.577652996999973 ], [ 145.730812002000107, -38.574841995999975 ], [ 145.734009982000089, -38.556159986999944 ], [ 145.696604023000077, -38.547071995999943 ], [ 145.700706002000061, -38.519800996999948 ], [ 145.680721992000031, -38.519377996999935 ], [ 145.689411002000043, -38.496834006999961 ], [ 145.673837002000027, -38.480650006999952 ] ] ] } },
{ "type": "Feature", "properties": { "objectid": 740, "sa2_code_2021": "205031090", "sa2_name_2021": "Leongatha", "change_flag_2021": "0", "change_label_2021": "No change", "sa3_code_2021": "20503", "sa3_name_2021": "Gippsland - South West", "sa4_code_2021": "205", "sa4_name_2021": "Latrobe - Gippsland", "gccsa_code_2021": "2RVIC", "gccsa_name_2021": "Rest of Vic.", "state_code_2021": "2", "state_name_2021": "Victoria", "aus_code_2021": "AUS", "aus_name_2021": "Australia", "area_albers_sqkm": 801.0085, "asgs_loci_uri_2021": "http://linked.data.gov.au/dataset/asgsed3/SA2/205031090", "shape_Length": 2.525830607714592, "shape_Area": 0.082665090951487261 }, "geometry": { "type": "Polygon", "coordinates": [ [ [ 145.923618252000097, -38.391947816999959 ], [ 145.912748512000121, -38.375449395999965 ], [ 145.937010502000021, -38.361165866999954 ], [ 145.943060782000089, -38.31615908699996 ], [ 145.981109142000037, -38.307165036999947 ], [ 145.983876972000076, -38.292232996999985 ], [ 146.011234022000053, -38.31103199699993 ], [ 145.986575752000022, -38.327707206999946 ], [ 146.055216012000074, -38.323201996999956 ], [ 146.059530272000075, -38.342679996999948 ], [ 146.087826862000043, -38.331321016999937 ], [ 146.122518792000051, -38.360051836999958 ], [ 146.189213052000014, -38.343887786999971 ], [ 146.203892262000068, -38.317105176999974 ], [ 146.30364833200008, -38.304985396999939 ], [ 146.299179012000081, -38.326724986999977 ], [ 146.277486012000054, -38.32857398699997 ], [ 146.272152992000088, -38.356559996999977 ], [ 146.210804342000074, -38.369887186999961 ], [ 146.240869102000033, -38.379172066999956 ], [ 146.230664022000042, -38.425120296999978 ], [ 146.192157002000044, -38.437254996999968 ], [ 146.228027052000016, -38.461235936999969 ], [ 146.281570902000112, -38.449062986999934 ], [ 146.295385932000045, -38.495714936999946 ], [ 146.285401322000098, -38.520231385999978 ], [ 146.240130992000104, -38.513770016999956 ], [ 146.212916372000109, -38.536589946999982 ], [ 146.172223112000097, -38.532924826999931 ], [ 146.163679992000084, -38.515029996999942 ], [ 146.12514800200006, -38.521745996999982 ], [ 146.138823022000111, -38.493942996999976 ], [ 146.110338012000057, -38.481213996999941 ], [ 146.08818799200003, -38.505525986999942 ], [ 146.036108992000095, -38.502766995999934 ], [ 146.01820603200008, -38.539845986999978 ], [ 145.987711992000072, -38.545645996999951 ], [ 145.968130002000066, -38.588421996999955 ], [ 145.916768002000026, -38.590477986999929 ], [ 145.912670912000067, -38.627190815999938 ], [ 145.832894032000013, -38.629280005999931 ], [ 145.883940962000111, -38.602427746999979 ], [ 145.849101052000037, -38.595520646999944 ], [ 145.829358022000065, -38.577981996999938 ], [ 145.839938023000059, -38.568664995999939 ], [ 145.776749912000014, -38.562634266999964 ], [ 145.779878183000051, -38.547120225999947 ], [ 145.838030132000085, -38.509486246999984 ], [ 145.842474222000078, -38.48158155699997 ], [ 145.883231662000071, -38.481049806999977 ], [ 145.891989393000017, -38.432791986999973 ], [ 145.923618252000097, -38.391947816999959 ] ] ] } },
{ "type": "Feature", "properties": { "objectid": 741, "sa2_code_2021": "205031091", "sa2_name_2021": "Phillip Island", "change_flag_2021": "0", "change_label_2021": "No change", "sa3_code_2021": "20503", "sa3_name_2021": "Gippsland - South West", "sa4_code_2021": "205", "sa4_name_2021": "Latrobe - Gippsland", "gccsa_code_2021": "2RVIC", "gccsa_name_2021": "Rest of Vic.", "state_code_2021": "2", "state_name_2021": "Victoria", "aus_code_2021": "AUS", "aus_name_2021": "Australia", "area_albers_sqkm": 100.5731, "asgs_loci_uri_2021": "http://linked.data.gov.au/dataset/asgsed3/SA2/205031091", "shape_Length": 1.0942871425534824, "shape_Area": 0.010384854699418977 }, "geometry": { "type": "MultiPolygon", "coordinates": [ [ [ [ 145.184699183000021, -38.459744005999937 ], [ 145.239971532000027, -38.445800086999952 ], [ 145.290215862000082, -38.45013201699993 ], [ 145.29859707300011, -38.451454026999954 ], [ 145.302495853000096, -38.453769985999941 ], [ 145.294328172000064, -38.451958016999981 ], [ 145.279128953000054, -38.454372985999953 ], [ 145.278757792000079, -38.45770026699995 ], [ 145.274946822000061, -38.458266336999941 ], [ 145.273263912000061, -38.460355356999969 ], [ 145.310411792000082, -38.460624286999973 ], [ 145.290741212000057, -38.480490105999934 ], [ 145.305573282000069, -38.48543794699998 ], [ 145.297933793000084, -38.507090146999928 ], [ 145.33281231300009, -38.50478970599994 ], [ 145.340183312000022, -38.509781656999962 ], [ 145.347299242000076, -38.510302556999932 ], [ 145.34993410200002, -38.506958005999934 ], [ 145.362840832000074, -38.511982965999948 ], [ 145.340936813000098, -38.534987755999964 ], [ 145.363498923000066, -38.551319006999961 ], [ 145.361012032000076, -38.565946975999964 ], [ 145.271133012000064, -38.504865965999954 ], [ 145.240044132000094, -38.506827965999946 ], [ 145.221203162000052, -38.529953006999961 ], [ 145.170659862000093, -38.509575025999936 ], [ 145.11617784300006, -38.518458025999962 ], [ 145.184699183000021, -38.459744005999937 ] ] ], [ [ [ 145.344291862000091, -38.561569015999964 ], [ 145.343890063000117, -38.561509966999949 ], [ 145.34393186200009, -38.561418986999968 ], [ 145.344291862000091, -38.561569015999964 ] ] ], [ [ [ 145.110898772000041, -38.519663725999976 ], [ 145.109524803000113, -38.518411736999951 ], [ 145.112162772000033, -38.518622735999941 ], [ 145.110898772000041, -38.519663725999976 ] ] ], [ [ [ 145.347543022000082, -38.563206025999932 ], [ 145.347351142000093, -38.563376046999963 ], [ 145.347369133000029, -38.563061045999973 ], [ 145.347543022000082, -38.563206025999932 ] ] ], [ [ [ 145.351002963000042, -38.565826995999942 ], [ 145.350915842000063, -38.565703976999941 ], [ 145.351124983000091, -38.565770035999947 ], [ 145.351002963000042, -38.565826995999942 ] ] ], [ [ [ 145.114341753000076, -38.518804695999961 ], [ 145.113646713000094, -38.518601696999951 ], [ 145.114912723000089, -38.518268696999939 ], [ 145.114341753000076, -38.518804695999961 ] ] ], [ [ [ 145.332958203000089, -38.499492696999937 ], [ 145.345679112000084, -38.504115546999969 ], [ 145.346051192000118, -38.50871555699996 ], [ 145.332958203000089, -38.499492696999937 ] ] ], [ [ [ 145.295211983000058, -38.455543986999942 ], [ 145.293549122000059, -38.453991025999983 ], [ 145.296479152000074, -38.455075975999932 ], [ 145.295211983000058, -38.455543986999942 ] ] ] ] } },
{ "type": "Feature", "properties": { "objectid": 742, "sa2_code_2021": "205031092", "sa2_name_2021": "Wilsons Promontory", "change_flag_2021": "0", "change_label_2021": "No change", "sa3_code_2021": "20503", "sa3_name_2021": "Gippsland - South West", "sa4_code_2021": "205", "sa4_name_2021": "Latrobe - Gippsland", "gccsa_code_2021": "2RVIC", "gccsa_name_2021": "Rest of Vic.", "state_code_2021": "2", "state_name_2021": "Victoria", "aus_code_2021": "AUS", "aus_name_2021": "Australia", "area_albers_sqkm": 481.5078, "asgs_loci_uri_2021": "http://linked.data.gov.au/dataset/asgsed3/SA2/205031092", "shape_Length": 2.3054826004554991, "shape_Area": 0.05004146500981458 }, "geometry": { "type": "MultiPolygon", "coordinates": [ [ [ [ 146.206702032000067, -38.861500996999951 ], [ 146.286307982000039, -38.866077666999956 ], [ 146.291917632000036, -38.904280986999936 ], [ 146.321472482000104, -38.904088546999958 ], [ 146.352574643000025, -38.868223795999938 ], [ 146.414860943000122, -38.852078456999948 ], [ 146.437831532000018, -38.779007036999985 ], [ 146.477793082000062, -38.790159496999934 ], [ 146.467850192000014, -38.871048956999971 ], [ 146.489295292000065, -38.910463925999977 ], [ 146.450981463000062, -38.947850906999975 ], [ 146.436110332000112, -38.981021515999942 ], [ 146.445691442000111, -39.003707566999935 ], [ 146.43175490200008, -39.010977066999942 ], [ 146.475392362000093, -39.025666496999975 ], [ 146.460438823000118, -39.03691499599995 ], [ 146.483432982000068, -39.06070462699995 ], [ 146.43083674200011, -39.065779395999982 ], [ 146.425291042000026, -39.083548846999975 ], [ 146.441602933000013, -39.08975378599996 ], [ 146.425986002000059, -39.13041022699997 ], [ 146.345817842000088, -39.125384235999945 ], [ 146.320745292000083, -39.080456905999938 ], [ 146.340665022000053, -39.076952736999942 ], [ 146.352274692000037, -39.05864818699996 ], [ 146.316941883000027, -39.052255326999955 ], [ 146.326361592000012, -39.041118025999936 ], [ 146.314029952000055, -39.031814966999946 ], [ 146.319597003000013, -39.028481015999944 ], [ 146.322002872000098, -39.028844966999941 ], [ 146.323146993000023, -39.027737955999953 ], [ 146.324061363000055, -39.028362796999943 ], [ 146.325257353000097, -39.028202786999941 ], [ 146.325987282000028, -39.027639765999936 ], [ 146.327355302000115, -39.028194756999937 ], [ 146.328016282000021, -39.028177746999972 ], [ 146.328584292000073, -39.027811756999938 ], [ 146.326010313000097, -39.027513775999978 ], [ 146.324559332000035, -39.028120795999939 ], [ 146.323121042000025, -39.027488046999963 ], [ 146.316705113000012, -39.028840026999944 ], [ 146.304710742000111, -39.039363196999943 ], [ 146.274329083000111, -38.996389196999985 ], [ 146.248966333000112, -38.996020316999932 ], [ 146.267295022000098, -38.991191175999973 ], [ 146.269496782000033, -38.972960015999945 ], [ 146.170367013000032, -38.840171985999973 ], [ 146.206702032000067, -38.861500996999951 ] ] ], [ [ [ 146.294931803000054, -39.15900058699998 ], [ 146.294022513000073, -39.156067405999977 ], [ 146.296062533000054, -39.156468286999939 ], [ 146.294931803000054, -39.15900058699998 ] ] ], [ [ [ 146.299272423000048, -39.155418556999962 ], [ 146.299169302000109, -39.154458835999947 ], [ 146.299503282000046, -39.154646795999952 ], [ 146.299272423000048, -39.155418556999962 ] ] ], [ [ [ 146.681586892000041, -38.955324626999982 ], [ 146.680756842000051, -38.952574586999958 ], [ 146.684286832000112, -38.953814566999938 ], [ 146.681586892000041, -38.955324626999982 ] ] ], [ [ [ 146.707276432000072, -38.951224436999951 ], [ 146.703816442000061, -38.949344415999974 ], [ 146.706966392000027, -38.949614415999974 ], [ 146.707276432000072, -38.951224436999951 ] ] ], [ [ [ 146.678956662000019, -38.94077443599997 ], [ 146.673366762000114, -38.938904476999937 ], [ 146.673716722000108, -38.937704376999932 ], [ 146.678956662000019, -38.94077443599997 ] ] ], [ [ [ 146.660646762000056, -38.92687340599997 ], [ 146.664576612000019, -38.923473036999951 ], [ 146.66532665200009, -38.925993266999967 ], [ 146.660646762000056, -38.92687340599997 ] ] ], [ [ [ 146.302881213000092, -39.153925975999982 ], [ 146.301822202000039, -39.153952965999963 ], [ 146.302238152000086, -39.153199186999984 ], [ 146.302881213000092, -39.153925975999982 ] ] ], [ [ [ 146.359538993000115, -39.140832285999977 ], [ 146.360309872000016, -39.137457255999948 ], [ 146.36831282300011, -39.139124166999977 ], [ 146.359538993000115, -39.140832285999977 ] ] ], [ [ [ 146.224407192000058, -38.972157276999951 ], [ 146.223987153000053, -38.966698246999954 ], [ 146.233854052000083, -38.967913195999984 ], [ 146.224407192000058, -38.972157276999951 ] ] ], [ [ [ 146.512467862000108, -38.908392465999952 ], [ 146.512006972000108, -38.913738516999956 ], [ 146.505785072000094, -38.913394615999948 ], [ 146.512467862000108, -38.908392465999952 ] ] ], [ [ [ 146.315424362000044, -39.156624206999936 ], [ 146.30663100300012, -39.152490375999946 ], [ 146.308927762000053, -39.149974095999937 ], [ 146.315424362000044, -39.156624206999936 ] ] ], [ [ [ 146.305531982000048, -39.151792575999934 ], [ 146.304486882000106, -39.151177745999973 ], [ 146.305611963000047, -39.151661616999945 ], [ 146.305531982000048, -39.151792575999934 ] ] ], [ [ [ 146.236681342000111, -39.097853145999977 ], [ 146.224889253000015, -39.085172985999975 ], [ 146.222171063000019, -39.071319865999953 ], [ 146.241442153000094, -39.088848026999983 ], [ 146.236681342000111, -39.097853145999977 ] ] ], [ [ [ 146.236406022000097, -39.022337605999951 ], [ 146.246237992000033, -39.024356526999952 ], [ 146.24203710200004, -39.029541595999945 ], [ 146.236406022000097, -39.022337605999951 ] ] ], [ [ [ 146.241351522000059, -39.108028255999955 ], [ 146.235514512, -39.10491821599993 ], [ 146.236628422000081, -39.100966175999929 ], [ 146.241351522000059, -39.108028255999955 ] ] ], [ [ [ 146.237120732000108, -39.117762365999965 ], [ 146.238346582000077, -39.111730285999954 ], [ 146.239318613000023, -39.114245325999946 ], [ 146.237120732000108, -39.117762365999965 ] ] ], [ [ [ 146.329214173000082, -39.139373436999961 ], [ 146.317315353000026, -39.141940455999929 ], [ 146.312072273000013, -39.134765396999967 ], [ 146.329214173000082, -39.139373436999961 ] ] ], [ [ [ 146.242256682000061, -39.117642355999976 ], [ 146.242269602000079, -39.114019316999929 ], [ 146.243718652000098, -39.116982365999945 ], [ 146.242256682000061, -39.117642355999976 ] ] ], [ [ [ 146.368486132000044, -38.844177336999962 ], [ 146.370926992000022, -38.841137206999974 ], [ 146.370650072000103, -38.843785245999982 ], [ 146.368486132000044, -38.844177336999962 ] ] ], [ [ [ 146.392846342000098, -38.806625756999949 ], [ 146.394316342000025, -38.807038746999979 ], [ 146.392613392000044, -38.807361776999983 ], [ 146.392846342000098, -38.806625756999949 ] ] ] ] } },
{ "type": "Feature", "properties": { "objectid": 743, "sa2_code_2021": "205031093", "sa2_name_2021": "Wonthaggi - Inverloch", "change_flag_2021": "0", "change_label_2021": "No change", "sa3_code_2021": "20503", "sa3_name_2021": "Gippsland - South West", "sa4_code_2021": "205", "sa4_name_2021": "Latrobe - Gippsland", "gccsa_code_2021": "2RVIC", "gccsa_name_2021": "Rest of Vic.", "state_code_2021": "2", "state_name_2021": "Victoria", "aus_code_2021": "AUS", "aus_name_2021": "Australia", "area_albers_sqkm": 728.7626, "asgs_loci_uri_2021": "http://linked.data.gov.au/dataset/asgsed3/SA2/205031093", "shape_Length": 1.8728805649200435, "shape_Area": 0.075276187328217128 }, "geometry": { "type": "Polygon", "coordinates": [ [ [ 145.422897122000109, -38.412164965999978 ], [ 145.518680172000018, -38.413892976999932 ], [ 145.552475882000067, -38.35271896699993 ], [ 145.542080173000045, -38.337433006999959 ], [ 145.516136052000093, -38.338577996999959 ], [ 145.515544933000115, -38.317623026999968 ], [ 145.558152002000043, -38.296121126999935 ], [ 145.61839167200003, -38.334886506999965 ], [ 145.612303982000071, -38.364879996999946 ], [ 145.649505002000069, -38.385478986999942 ], [ 145.640944002000083, -38.41510799699995 ], [ 145.692539012000111, -38.42016698599997 ], [ 145.673837002000027, -38.480650006999952 ], [ 145.689411002000043, -38.496834006999961 ], [ 145.680721992000031, -38.519377996999935 ], [ 145.700706002000061, -38.519800996999948 ], [ 145.696604023000077, -38.547071995999943 ], [ 145.734009982000089, -38.556159986999944 ], [ 145.730812002000107, -38.574841995999975 ], [ 145.839938023000059, -38.568664995999939 ], [ 145.825947023000026, -38.61249900599995 ], [ 145.811024002000067, -38.610786996999934 ], [ 145.816606092000029, -38.647514595999951 ], [ 145.698531842000079, -38.648205005999955 ], [ 145.651919043000021, -38.678277955999931 ], [ 145.606695833000117, -38.678781946999948 ], [ 145.566115932000116, -38.655214026999943 ], [ 145.483686012000021, -38.556001006999963 ], [ 145.376137082000014, -38.537966965999942 ], [ 145.363880602000108, -38.524033355999961 ], [ 145.419706082000062, -38.512982965999981 ], [ 145.434480142000098, -38.493622975999983 ], [ 145.417718183000034, -38.471372995999957 ], [ 145.433787853000013, -38.436912985999982 ], [ 145.422897122000109, -38.412164965999978 ] ] ] } },
{ "type": "Feature", "properties": { "objectid": 744, "sa2_code_2021": "205041094", "sa2_name_2021": "Churchill", "change_flag_2021": "0", "change_label_2021": "No change", "sa3_code_2021": "20504", "sa3_name_2021": "Latrobe Valley", "sa4_code_2021": "205", "sa4_name_2021": "Latrobe - Gippsland", "gccsa_code_2021": "2RVIC", "gccsa_name_2021": "Rest of Vic.", "state_code_2021": "2", "state_name_2021": "Victoria", "aus_code_2021": "AUS", "aus_name_2021": "Australia", "area_albers_sqkm": 796.5231, "asgs_loci_uri_2021": "http://linked.data.gov.au/dataset/asgsed3/SA2/205041094", "shape_Length": 2.03509597958285, "shape_Area": 0.082099035708143933 }, "geometry": { "type": "Polygon", "coordinates": [ [ [ 146.30364833200008, -38.304985396999939 ], [ 146.263684732000115, -38.297482506999984 ], [ 146.25823364200005, -38.264800306999973 ], [ 146.288881342000082, -38.236358036999945 ], [ 146.351501982000059, -38.236667986999976 ], [ 146.420508992, -38.26413798699997 ], [ 146.424533012000097, -38.244323986999973 ], [ 146.465649822000046, -38.224695716999975 ], [ 146.542784872000084, -38.249932096999942 ], [ 146.536276992000012, -38.23036200699994 ], [ 146.559616992000088, -38.210347996999928 ], [ 146.656482992000065, -38.23729299699994 ], [ 146.597725002000061, -38.310541006999983 ], [ 146.602291002000015, -38.334327986999938 ], [ 146.565230762000056, -38.429295486999933 ], [ 146.4891908620001, -38.439279356999975 ], [ 146.482783212000072, -38.455876796999974 ], [ 146.424728502000107, -38.472287396999945 ], [ 146.380288332000077, -38.497521246999952 ], [ 146.361045242000046, -38.535242666999977 ], [ 146.284497732000091, -38.523581106999984 ], [ 146.29202388200008, -38.467170996999982 ], [ 146.27457396200009, -38.443638956999962 ], [ 146.269582442000114, -38.456879736999952 ], [ 146.228027052000016, -38.461235936999969 ], [ 146.192286032000084, -38.439084996999952 ], [ 146.230664022000042, -38.425120296999978 ], [ 146.240869102000033, -38.379172066999956 ], [ 146.210804342000074, -38.369887186999961 ], [ 146.272152992000088, -38.356559996999977 ], [ 146.277486012000054, -38.32857398699997 ], [ 146.299179012000081, -38.326724986999977 ], [ 146.30364833200008, -38.304985396999939 ] ] ] } },
{ "type": "Feature", "properties": { "objectid": 745, "sa2_code_2021": "205041095", "sa2_name_2021": "Moe - Newborough", "change_flag_2021": "0", "change_label_2021": "No change", "sa3_code_2021": "20504", "sa3_name_2021": "Latrobe Valley", "sa4_code_2021": "205", "sa4_name_2021": "Latrobe - Gippsland", "gccsa_code_2021": "2RVIC", "gccsa_name_2021": "Rest of Vic.", "state_code_2021": "2", "state_name_2021": "Victoria", "aus_code_2021": "AUS", "aus_name_2021": "Australia", "area_albers_sqkm": 105.2836, "asgs_loci_uri_2021": "http://linked.data.gov.au/dataset/asgsed3/SA2/205041095", "shape_Length": 0.67272444446260615, "shape_Area": 0.01082801132790452 }, "geometry": { "type": "Polygon", "coordinates": [ [ [ 146.223320992000026, -38.177879006999945 ], [ 146.254469732000075, -38.148358906999931 ], [ 146.336981042000048, -38.160914036999941 ], [ 146.336140992000082, -38.176050996999948 ], [ 146.384625511000081, -38.16940774699998 ], [ 146.361977632000048, -38.24630968699995 ], [ 146.272944972000118, -38.22487715699998 ], [ 146.213497092000011, -38.229932966999968 ], [ 146.223320992000026, -38.177879006999945 ] ] ] } },
{ "type": "Feature", "properties": { "objectid": 746, "sa2_code_2021": "205041096", "sa2_name_2021": "Morwell", "change_flag_2021": "0", "change_label_2021": "No change", "sa3_code_2021": "20504", "sa3_name_2021": "Latrobe Valley", "sa4_code_2021": "205", "sa4_name_2021": "Latrobe - Gippsland", "gccsa_code_2021": "2RVIC", "gccsa_name_2021": "Rest of Vic.", "state_code_2021": "2", "state_name_2021": "Victoria", "aus_code_2021": "AUS", "aus_name_2021": "Australia", "area_albers_sqkm": 85.4861, "asgs_loci_uri_2021": "http://linked.data.gov.au/dataset/asgsed3/SA2/205041096", "shape_Length": 0.58637069744801573, "shape_Area": 0.0087930764218074817 }, "geometry": { "type": "Polygon", "coordinates": [ [ [ 146.361977632000048, -38.24630968699995 ], [ 146.384034292000024, -38.168884286999969 ], [ 146.432924981000042, -38.15608300699995 ], [ 146.458996021000075, -38.178613986999949 ], [ 146.497213092000038, -38.17329893699997 ], [ 146.465649822000046, -38.224695716999975 ], [ 146.424533012000097, -38.244323986999973 ], [ 146.422156022000081, -38.26398854699994 ], [ 146.361977632000048, -38.24630968699995 ] ] ] } },
{ "type": "Feature", "properties": { "objectid": 747, "sa2_code_2021": "205041098", "sa2_name_2021": "Yallourn North - Glengarry", "change_flag_2021": "0", "change_label_2021": "No change", "sa3_code_2021": "20504", "sa3_name_2021": "Latrobe Valley", "sa4_code_2021": "205", "sa4_name_2021": "Latrobe - Gippsland", "gccsa_code_2021": "2RVIC", "gccsa_name_2021": "Rest of Vic.", "state_code_2021": "2", "state_name_2021": "Victoria", "aus_code_2021": "AUS", "aus_name_2021": "Australia", "area_albers_sqkm": 342.7019, "asgs_loci_uri_2021": "http://linked.data.gov.au/dataset/asgsed3/SA2/205041098", "shape_Length": 1.636883740335159, "shape_Area": 0.035192188310629986 }, "geometry": { "type": "Polygon", "coordinates": [ [ [ 146.624347952000107, -38.049241786999971 ], [ 146.663050912000017, -38.054225266999936 ], [ 146.651050442000042, -38.073371746999953 ], [ 146.616153011000051, -38.06871199699998 ], [ 146.577883892000045, -38.126358496999956 ], [ 146.584445242000015, -38.144035136999946 ], [ 146.540636991000042, -38.165446006999957 ], [ 146.459408981000024, -38.178651986999967 ], [ 146.431433002000063, -38.15606198699993 ], [ 146.336140992000082, -38.176050996999948 ], [ 146.338197842000113, -38.161487966999971 ], [ 146.306720172000041, -38.15661698699995 ], [ 146.32689679200007, -38.085856526999976 ], [ 146.41743000200006, -38.115525996999963 ], [ 146.424409092000019, -38.096541166999941 ], [ 146.47897725200005, -38.103799896999931 ], [ 146.4757178320001, -38.075308086999939 ], [ 146.506391892000011, -38.081332696999937 ], [ 146.512317002000032, -38.051189006999948 ], [ 146.488667011000075, -38.027743986999951 ], [ 146.499695012000075, -38.007735996999941 ], [ 146.473312991000057, -37.994692006999969 ], [ 146.514681001000099, -37.983594996999955 ], [ 146.523793012000056, -37.963728996999976 ], [ 146.563923992000014, -37.983993986999963 ], [ 146.627636022000047, -37.971801987999982 ], [ 146.638239012000099, -37.995537986999977 ], [ 146.655565932000059, -37.996783746999938 ], [ 146.624347952000107, -38.049241786999971 ] ] ] } },
{ "type": "Feature", "properties": { "objectid": 748, "sa2_code_2021": "205041493", "sa2_name_2021": "Traralgon - East", "change_flag_2021": "1", "change_label_2021": "New", "sa3_code_2021": "20504", "sa3_name_2021": "Latrobe Valley", "sa4_code_2021": "205", "sa4_name_2021": "Latrobe - Gippsland", "gccsa_code_2021": "2RVIC", "gccsa_name_2021": "Rest of Vic.", "state_code_2021": "2", "state_name_2021": "Victoria", "aus_code_2021": "AUS", "aus_name_2021": "Australia", "area_albers_sqkm": 108.33, "asgs_loci_uri_2021": "http://linked.data.gov.au/dataset/asgsed3/SA2/205041493", "shape_Length": 0.71089151526102579, "shape_Area": 0.011139980466321486 }, "geometry": { "type": "Polygon", "coordinates": [ [ [ 146.655893002000084, -38.237088996999944 ], [ 146.546853382000108, -38.218235306999929 ], [ 146.524925032000056, -38.171016956999949 ], [ 146.557523022000055, -38.151147996999953 ], [ 146.605395981000015, -38.163127986999939 ], [ 146.642753992000053, -38.145786996999959 ], [ 146.71216301100003, -38.15510300699998 ], [ 146.655893002000084, -38.237088996999944 ] ] ] } },
{ "type": "Feature", "properties": { "objectid": 749, "sa2_code_2021": "205041494", "sa2_name_2021": "Traralgon - West", "change_flag_2021": "1", "change_label_2021": "New", "sa3_code_2021": "20504", "sa3_name_2021": "Latrobe Valley", "sa4_code_2021": "205", "sa4_name_2021": "Latrobe - Gippsland", "gccsa_code_2021": "2RVIC", "gccsa_name_2021": "Rest of Vic.", "state_code_2021": "2", "state_name_2021": "Victoria", "aus_code_2021": "AUS", "aus_name_2021": "Australia", "area_albers_sqkm": 41.3428, "asgs_loci_uri_2021": "http://linked.data.gov.au/dataset/asgsed3/SA2/205041494", "shape_Length": 0.3854313544196219, "shape_Area": 0.0042526672340044641 }, "geometry": { "type": "Polygon", "coordinates": [ [ [ 146.464222092000114, -38.231541596999932 ], [ 146.499014031000115, -38.168607006999935 ], [ 146.526429252000071, -38.168987116999972 ], [ 146.532980171000077, -38.19972374699995 ], [ 146.546573532000025, -38.20163694699994 ], [ 146.542784872000084, -38.249932096999942 ], [ 146.464222092000114, -38.231541596999932 ] ] ] } },
{ "type": "Feature", "properties": { "objectid": 750, "sa2_code_2021": "205051099", "sa2_name_2021": "Alps - West", "change_flag_2021": "0", "change_label_2021": "No change", "sa3_code_2021": "20505", "sa3_name_2021": "Wellington", "sa4_code_2021": "205", "sa4_name_2021": "Latrobe - Gippsland", "gccsa_code_2021": "2RVIC", "gccsa_name_2021": "Rest of Vic.", "state_code_2021": "2", "state_name_2021": "Victoria", "aus_code_2021": "AUS", "aus_name_2021": "Australia", "area_albers_sqkm": 2955.6802, "asgs_loci_uri_2021": "http://linked.data.gov.au/dataset/asgsed3/SA2/205051099", "shape_Length": 3.411299958226941, "shape_Area": 0.30096512755856447 }, "geometry": { "type": "Polygon", "coordinates": [ [ [ 146.435836002000087, -37.618043986999965 ], [ 146.647171981000042, -37.16296800799995 ], [ 146.638567001000069, -37.128105997999967 ], [ 146.651526981000075, -37.120047007999972 ], [ 146.717567021000036, -37.158772997999961 ], [ 146.763442001000044, -37.146021006999945 ], [ 146.826322011000116, -37.203762007999956 ], [ 147.203265071000033, -37.256826756999942 ], [ 147.207487141000115, -37.357960817999981 ], [ 147.171463311000025, -37.367592567999964 ], [ 147.126713331000019, -37.33781274699993 ], [ 147.083279901000083, -37.354602267999951 ], [ 147.109218191000082, -37.371390206999934 ], [ 147.11905541200008, -37.409612096999979 ], [ 147.133616032000077, -37.408537897999963 ], [ 147.110200001000067, -37.431657987999984 ], [ 147.127923452000118, -37.433975377999957 ], [ 147.13718459200004, -37.461537187999966 ], [ 147.167013961000066, -37.468287897999971 ], [ 147.15059546100008, -37.500114146999977 ], [ 147.16967868100005, -37.51471431799996 ], [ 147.171500291000029, -37.542603687999929 ], [ 147.157097971000098, -37.600111607999963 ], [ 147.222061001000043, -37.632657996999967 ], [ 147.198403822000046, -37.726067336999961 ], [ 147.211966012000062, -37.745554997999932 ], [ 147.263230081000074, -37.754720367999937 ], [ 147.232214021000118, -37.769602006999946 ], [ 147.204997001000038, -37.760520997999947 ], [ 147.197354002000111, -37.776907006999977 ], [ 147.195794542000044, -37.757868377999955 ], [ 147.085423322000111, -37.743591227999957 ], [ 147.099192911000046, -37.675960996999947 ], [ 146.700142031000041, -37.621587996999949 ], [ 146.6905559920001, -37.665656996999985 ], [ 146.624631991000115, -37.669679986999938 ], [ 146.623850021000067, -37.644480986999952 ], [ 146.607724972000028, -37.638582007999958 ], [ 146.504747492000092, -37.695143126999938 ], [ 146.51567599100008, -37.675856987999964 ], [ 146.495713011000021, -37.649279006999961 ], [ 146.452288012000054, -37.614912996999976 ], [ 146.435836002000087, -37.618043986999965 ] ] ] } },
{ "type": "Feature", "properties": { "objectid": 751, "sa2_code_2021": "205051100", "sa2_name_2021": "Longford - Loch Sport", "change_flag_2021": "0", "change_label_2021": "No change", "sa3_code_2021": "20505", "sa3_name_2021": "Wellington", "sa4_code_2021": "205", "sa4_name_2021": "Latrobe - Gippsland", "gccsa_code_2021": "2RVIC", "gccsa_name_2021": "Rest of Vic.", "state_code_2021": "2", "state_name_2021": "Victoria", "aus_code_2021": "AUS", "aus_name_2021": "Australia", "area_albers_sqkm": 1610.8491, "asgs_loci_uri_2021": "http://linked.data.gov.au/dataset/asgsed3/SA2/205051100", "shape_Length": 3.6211785557660323, "shape_Area": 0.16555069225225885 }, "geometry": { "type": "Polygon", "coordinates": [ [ [ 147.101042992000089, -38.146161997999968 ], [ 147.089617832000044, -38.136448346999941 ], [ 147.095424362000017, -38.070729446999962 ], [ 147.078576732000101, -38.084225266999965 ], [ 147.068776992000039, -38.056503996999936 ], [ 147.116302002000111, -38.063918006999984 ], [ 147.126026872000011, -38.014364606999948 ], [ 147.165641201000085, -38.02453683799996 ], [ 147.200154032000114, -37.955448986999954 ], [ 147.273584001000017, -37.961486997999941 ], [ 147.275185001000068, -37.921085996999977 ], [ 147.305803502000117, -37.913153896999972 ], [ 147.30227402200012, -37.93005300699997 ], [ 147.352381152000021, -37.943640497999979 ], [ 147.358601621000048, -37.917276476999973 ], [ 147.361596012000064, -37.917801986999962 ], [ 147.381435001000114, -37.980052987999954 ], [ 147.408850082000072, -37.981405436999978 ], [ 147.409034992000102, -38.003426997999952 ], [ 147.463588002000051, -38.013010996999981 ], [ 147.469234001000018, -38.05407400699994 ], [ 147.455686992000096, -38.078706996999983 ], [ 147.500326011000084, -38.073030997999979 ], [ 147.525278982000032, -38.052822996999964 ], [ 147.570540012000038, -38.053683987999932 ], [ 147.660982011000101, -37.976376007999932 ], [ 147.729149002000099, -37.945851007999977 ], [ 147.815889501000015, -37.932842067999957 ], [ 147.83391108100011, -37.900222007999957 ], [ 147.972180091000041, -37.890194847999965 ], [ 147.78821637100009, -37.955322207999984 ], [ 147.648726772000032, -38.032744837999985 ], [ 147.185581701000046, -38.381951296999944 ], [ 147.156142001000035, -38.34568560699995 ], [ 147.092265391000069, -38.324509766999938 ], [ 146.998369582, -38.331289696999931 ], [ 146.939391022000109, -38.317333996999935 ], [ 146.932703022000055, -38.280937986999959 ], [ 146.948052982000036, -38.252081006999958 ], [ 146.887840982000057, -38.225221006999959 ], [ 146.912989002000018, -38.160692006999966 ], [ 146.978188992000014, -38.171386996999956 ], [ 146.986910661000024, -38.114545066999938 ], [ 147.043562131000044, -38.134312226999953 ], [ 147.063357912000015, -38.12193041699993 ], [ 147.101042992000089, -38.146161997999968 ] ] ] } },
{ "type": "Feature", "properties": { "objectid": 752, "sa2_code_2021": "205051101", "sa2_name_2021": "Maffra", "change_flag_2021": "0", "change_label_2021": "No change", "sa3_code_2021": "20505", "sa3_name_2021": "Wellington", "sa4_code_2021": "205", "sa4_name_2021": "Latrobe - Gippsland", "gccsa_code_2021": "2RVIC", "gccsa_name_2021": "Rest of Vic.", "state_code_2021": "2", "state_name_2021": "Victoria", "aus_code_2021": "AUS", "aus_name_2021": "Australia", "area_albers_sqkm": 2532.3197, "asgs_loci_uri_2021": "http://linked.data.gov.au/dataset/asgsed3/SA2/205051101", "shape_Length": 3.1793560167955937, "shape_Area": 0.2592049486396617 }, "geometry": { "type": "Polygon", "coordinates": [ [ [ 146.473312991000057, -37.994692006999969 ], [ 146.504747492000092, -37.695143126999938 ], [ 146.607724972000028, -37.638582007999958 ], [ 146.623850021000067, -37.644480986999952 ], [ 146.625525002000018, -37.669760997999958 ], [ 146.6905559920001, -37.665656996999985 ], [ 146.700142031000041, -37.621587996999949 ], [ 147.099192911000046, -37.675960996999947 ], [ 147.085423322000111, -37.743591227999957 ], [ 147.195794542000044, -37.757868377999955 ], [ 147.191595841000094, -37.776120476999949 ], [ 147.204997001000038, -37.760520997999947 ], [ 147.281314122000026, -37.774606197999958 ], [ 147.264676722000104, -37.861431287999949 ], [ 147.286565992000078, -37.876871997999956 ], [ 147.268184011000017, -37.934515996999949 ], [ 147.282519021000098, -37.954313996999929 ], [ 147.200154032000114, -37.955448986999954 ], [ 147.165641201000085, -38.02453683799996 ], [ 147.126026872000011, -38.014364606999948 ], [ 147.116302002000111, -38.063918006999984 ], [ 147.068776992000039, -38.056503996999936 ], [ 147.06302499200001, -38.074187996999967 ], [ 147.02857300200003, -38.076348006999979 ], [ 147.022965982000073, -38.098253006999983 ], [ 146.995695012000056, -38.045883996999976 ], [ 146.898627022000028, -38.004899987999977 ], [ 146.784352022000121, -37.999589986999979 ], [ 146.753079142000047, -38.026187016999984 ], [ 146.69234201200004, -37.983972996999967 ], [ 146.644042002000106, -37.998098996999943 ], [ 146.627212002000078, -37.971476996999968 ], [ 146.563923992000014, -37.983993986999963 ], [ 146.528132021000033, -37.963471996999942 ], [ 146.514681001000099, -37.983594996999955 ], [ 146.473312991000057, -37.994692006999969 ] ] ] } },
{ "type": "Feature", "properties": { "objectid": 753, "sa2_code_2021": "205051102", "sa2_name_2021": "Rosedale", "change_flag_2021": "0", "change_label_2021": "No change", "sa3_code_2021": "20505", "sa3_name_2021": "Wellington", "sa4_code_2021": "205", "sa4_name_2021": "Latrobe - Gippsland", "gccsa_code_2021": "2RVIC", "gccsa_name_2021": "Rest of Vic.", "state_code_2021": "2", "state_name_2021": "Victoria", "aus_code_2021": "AUS", "aus_name_2021": "Australia", "area_albers_sqkm": 968.4597, "asgs_loci_uri_2021": "http://linked.data.gov.au/dataset/asgsed3/SA2/205051102", "shape_Length": 2.6496662212537192, "shape_Area": 0.099547973973293152 }, "geometry": { "type": "Polygon", "coordinates": [ [ [ 146.571691011000098, -38.154085006999935 ], [ 146.616153011000051, -38.06871199699998 ], [ 146.651050442000042, -38.073371746999953 ], [ 146.663050912000017, -38.054225266999936 ], [ 146.624347952000107, -38.049241786999971 ], [ 146.626537331, -38.035028306999948 ], [ 146.666671012000052, -37.984946996999952 ], [ 146.69234201200004, -37.983972996999967 ], [ 146.738164992000065, -38.008369996999932 ], [ 146.735177062000048, -38.023758976999943 ], [ 146.800802022000084, -37.99783700699993 ], [ 146.95078702100011, -38.019605986999977 ], [ 146.995695012000056, -38.045883996999976 ], [ 147.022599012000114, -38.098110997999981 ], [ 146.986910661000024, -38.114545066999938 ], [ 146.978188992000014, -38.171386996999956 ], [ 146.922332022000091, -38.159330996999984 ], [ 146.896000002000051, -38.182314986999984 ], [ 146.890820002000055, -38.233168986999942 ], [ 146.948052982000036, -38.252081006999958 ], [ 146.931423982000069, -38.298851996999929 ], [ 146.817543982000075, -38.281361986999968 ], [ 146.795389912000019, -38.321429846999933 ], [ 146.708477092000066, -38.314607396999975 ], [ 146.693556002000037, -38.35785399699995 ], [ 146.609368392000079, -38.368659456999978 ], [ 146.588778522000098, -38.365800056999944 ], [ 146.597725002000061, -38.310541006999983 ], [ 146.712179001000095, -38.155155986999944 ], [ 146.571691011000098, -38.154085006999935 ] ] ] } },
{ "type": "Feature", "properties": { "objectid": 754, "sa2_code_2021": "205051103", "sa2_name_2021": "Sale", "change_flag_2021": "0", "change_label_2021": "No change", "sa3_code_2021": "20505", "sa3_name_2021": "Wellington", "sa4_code_2021": "205", "sa4_name_2021": "Latrobe - Gippsland", "gccsa_code_2021": "2RVIC", "gccsa_name_2021": "Rest of Vic.", "state_code_2021": "2", "state_name_2021": "Victoria", "aus_code_2021": "AUS", "aus_name_2021": "Australia", "area_albers_sqkm": 45.6023, "asgs_loci_uri_2021": "http://linked.data.gov.au/dataset/asgsed3/SA2/205051103", "shape_Length": 0.46837065854420162, "shape_Area": 0.004684144220625598 }, "geometry": { "type": "Polygon", "coordinates": [ [ [ 147.021649141000012, -38.102950657999941 ], [ 147.039239002000045, -38.067822006999961 ], [ 147.078042002000075, -38.068553996999981 ], [ 147.080786292000084, -38.084502106999935 ], [ 147.095424362000017, -38.070729446999962 ], [ 147.089617832000044, -38.136448346999941 ], [ 147.101042992000089, -38.146161997999968 ], [ 147.063357912000015, -38.12193041699993 ], [ 147.043562131000044, -38.134312226999953 ], [ 146.991872842000021, -38.12088900699996 ], [ 147.021649141000012, -38.102950657999941 ] ] ] } },
{ "type": "Feature", "properties": { "objectid": 755, "sa2_code_2021": "205051104", "sa2_name_2021": "Yarram", "change_flag_2021": "0", "change_label_2021": "No change", "sa3_code_2021": "20505", "sa3_name_2021": "Wellington", "sa4_code_2021": "205", "sa4_name_2021": "Latrobe - Gippsland", "gccsa_code_2021": "2RVIC", "gccsa_name_2021": "Rest of Vic.", "state_code_2021": "2", "state_name_2021": "Victoria", "aus_code_2021": "AUS", "aus_name_2021": "Australia", "area_albers_sqkm": 1931.8628, "asgs_loci_uri_2021": "http://linked.data.gov.au/dataset/asgsed3/SA2/205051104", "shape_Length": 6.7271284555488506, "shape_Area": 0.19948820011153717 }, "geometry": { "type": "MultiPolygon", "coordinates": [ [ [ [ 146.380288332000077, -38.497521246999952 ], [ 146.565230762000056, -38.429295486999933 ], [ 146.588778522000098, -38.365800056999944 ], [ 146.693556002000037, -38.35785399699995 ], [ 146.708477092000066, -38.314607396999975 ], [ 146.795389912000019, -38.321429846999933 ], [ 146.817543982000075, -38.281361986999968 ], [ 146.844983002000049, -38.276664986999947 ], [ 146.998369582, -38.331289696999931 ], [ 147.092265391000069, -38.324509766999938 ], [ 147.149708042000043, -38.34179860699993 ], [ 147.185975132000067, -38.376131826999938 ], [ 146.883534122000015, -38.634446956999966 ], [ 146.925516972000082, -38.594224976999953 ], [ 146.898673922000057, -38.612217946999976 ], [ 146.844005062000065, -38.604834986999947 ], [ 146.842038002000095, -38.616372996999985 ], [ 146.825351992000037, -38.609722986999941 ], [ 146.79809711200005, -38.62020896699994 ], [ 146.799438852000094, -38.628656016999969 ], [ 146.795792032, -38.623007966999978 ], [ 146.784706902000039, -38.622794026999941 ], [ 146.794947132000061, -38.625396016999957 ], [ 146.786550122000108, -38.632598016999964 ], [ 146.785907862000045, -38.646241026999974 ], [ 146.753517952000038, -38.652582956999936 ], [ 146.74217400200007, -38.664925026999981 ], [ 146.712912832000029, -38.647776946999954 ], [ 146.697707882000032, -38.675349976999939 ], [ 146.679128982000066, -38.670496026999956 ], [ 146.667336122000052, -38.670146996999961 ], [ 146.661621862000061, -38.671921986999962 ], [ 146.657550982000089, -38.671490966999954 ], [ 146.670658902000014, -38.662910006999937 ], [ 146.653120102000116, -38.642985006999936 ], [ 146.641029112000069, -38.668902026999945 ], [ 146.584419832000094, -38.677086976999931 ], [ 146.593670072, -38.684768026999961 ], [ 146.58212990200002, -38.69169596699993 ], [ 146.582692952000116, -38.698475035999934 ], [ 146.58042312200007, -38.679461996999976 ], [ 146.576823852000075, -38.69214300699997 ], [ 146.572004912000011, -38.677699976999975 ], [ 146.546510062000038, -38.684520006999946 ], [ 146.566746022000075, -38.691118966999966 ], [ 146.552763972000093, -38.689290006999954 ], [ 146.55120910200003, -38.703788996999947 ], [ 146.541200042000014, -38.685375976999978 ], [ 146.521450142000049, -38.688988586999983 ], [ 146.525602242000105, -38.619308906999947 ], [ 146.368805062000092, -38.591862386999935 ], [ 146.367621002000078, -38.576563996999937 ], [ 146.312695992000044, -38.561846006999929 ], [ 146.325995312000032, -38.529182696999953 ], [ 146.368202742000108, -38.533253846999969 ], [ 146.380288332000077, -38.497521246999952 ] ] ], [ [ [ 146.642563062000022, -38.747199966999972 ], [ 146.623493162000045, -38.747916006999958 ], [ 146.640473982000117, -38.744218986999954 ], [ 146.642563062000022, -38.747199966999972 ] ] ], [ [ [ 146.576858062000042, -38.707187036999983 ], [ 146.576392942000098, -38.707246976999954 ], [ 146.57676192200006, -38.706896976999985 ], [ 146.576858062000042, -38.707187036999983 ] ] ], [ [ [ 146.572322062000012, -38.700282966999964 ], [ 146.574438842000063, -38.704223966999962 ], [ 146.571235922000028, -38.704782956999964 ], [ 146.572322062000012, -38.700282966999964 ] ] ], [ [ [ 146.541052102000094, -38.746055955999964 ], [ 146.54175517200008, -38.747171976999937 ], [ 146.539176842000074, -38.747724026999947 ], [ 146.541052102000094, -38.746055955999964 ] ] ], [ [ [ 146.548005132000071, -38.74551596699996 ], [ 146.545922882000013, -38.739707996999982 ], [ 146.553374182000084, -38.741099036999969 ], [ 146.548005132000071, -38.74551596699996 ] ] ], [ [ [ 146.464103862000115, -38.737844016999929 ], [ 146.464521862000083, -38.735093966999955 ], [ 146.465972992000047, -38.736765986999956 ], [ 146.464103862000115, -38.737844016999929 ] ] ], [ [ [ 146.527748992000056, -38.74191299599994 ], [ 146.52703585200004, -38.740133966999963 ], [ 146.528466102000039, -38.740863956999931 ], [ 146.527748992000056, -38.74191299599994 ] ] ], [ [ [ 146.540463142000021, -38.746145966999961 ], [ 146.540765142000055, -38.745180006999931 ], [ 146.54127384200001, -38.745101966999982 ], [ 146.540463142000021, -38.746145966999961 ] ] ], [ [ [ 146.531738872000119, -38.715876006999963 ], [ 146.532807012000035, -38.715395036999951 ], [ 146.536477922000017, -38.71643202599995 ], [ 146.531738872000119, -38.715876006999963 ] ] ], [ [ [ 146.438726032000091, -38.727799016999938 ], [ 146.478363832000014, -38.711860026999943 ], [ 146.501921883000023, -38.716252016999931 ], [ 146.438726032000091, -38.727799016999938 ] ] ], [ [ [ 146.512198092000062, -38.724247975999958 ], [ 146.509616882000046, -38.721680986999957 ], [ 146.51683486200011, -38.721069985999975 ], [ 146.512198092000062, -38.724247975999958 ] ] ], [ [ [ 146.500916052000093, -38.763043016999973 ], [ 146.58040513200001, -38.735001986999976 ], [ 146.622557152000013, -38.758230996999941 ], [ 146.667732842000078, -38.747810966999964 ], [ 146.656001882000055, -38.755386986999952 ], [ 146.625875992000033, -38.75930197699995 ], [ 146.610974902000066, -38.75622300699996 ], [ 146.597634002000063, -38.759483966999937 ], [ 146.545340012000111, -38.790889006999976 ], [ 146.494758972000113, -38.774836985999968 ], [ 146.464605012000106, -38.739122016999943 ], [ 146.509583042000031, -38.718533976999936 ], [ 146.508176882000043, -38.737230036999961 ], [ 146.541643952000072, -38.727745006999953 ], [ 146.508244922000017, -38.75290397699996 ], [ 146.523885862000043, -38.752655036999954 ], [ 146.498078172000078, -38.758685036999964 ], [ 146.500916052000093, -38.763043016999973 ] ] ], [ [ [ 146.629722982000089, -38.724144026999966 ], [ 146.663475842000025, -38.721061976999977 ], [ 146.669253862000119, -38.718314986999985 ], [ 146.652635892000035, -38.727206016999958 ], [ 146.629722982000089, -38.724144026999966 ] ] ], [ [ [ 146.693337112000108, -38.710385996999946 ], [ 146.694783972000096, -38.70703096699998 ], [ 146.699964022000017, -38.709550986999943 ], [ 146.693337112000108, -38.710385996999946 ] ] ], [ [ [ 146.567640972000049, -38.715883015999964 ], [ 146.566594072000044, -38.713182036999967 ], [ 146.572441922000053, -38.715011996999976 ], [ 146.567640972000049, -38.715883015999964 ] ] ], [ [ [ 146.68859412200004, -38.708921966999981 ], [ 146.689243932000068, -38.71200302699998 ], [ 146.68691402200011, -38.710968026999979 ], [ 146.68712098200001, -38.709811986999966 ], [ 146.68859412200004, -38.708921966999981 ] ] ], [ [ [ 146.585337852000066, -38.715694016999976 ], [ 146.664279022000073, -38.701551956999936 ], [ 146.677604042000098, -38.70833795599998 ], [ 146.626288912000064, -38.724625986999968 ], [ 146.601020912000081, -38.716540026999951 ], [ 146.60281908200011, -38.726883986999951 ], [ 146.585337852000066, -38.715694016999976 ] ] ], [ [ [ 146.679374182000061, -38.72711501699996 ], [ 146.721021122000025, -38.698499966999975 ], [ 146.732199832000106, -38.696272016999956 ], [ 146.685351972000035, -38.727974966999966 ], [ 146.682560892000083, -38.728634026999941 ], [ 146.679374182000061, -38.72711501699996 ] ] ], [ [ [ 146.556640092000066, -38.70484704699993 ], [ 146.553733083000111, -38.702384006999978 ], [ 146.561720052000055, -38.705099036999968 ], [ 146.556640092000066, -38.70484704699993 ] ] ], [ [ [ 146.564865002000033, -38.696672965999937 ], [ 146.571150992000071, -38.698316986999941 ], [ 146.563090912000121, -38.697195966999971 ], [ 146.564865002000033, -38.696672965999937 ] ] ], [ [ [ 146.70338907200005, -38.702546996999956 ], [ 146.702675162000105, -38.701520006999942 ], [ 146.704389132000074, -38.70220104699996 ], [ 146.70338907200005, -38.702546996999956 ] ] ], [ [ [ 146.688071042000047, -38.696616006999932 ], [ 146.687360022000121, -38.697739005999949 ], [ 146.686875152000084, -38.698797946999946 ], [ 146.68681390200004, -38.698145996999983 ], [ 146.688071042000047, -38.696616006999932 ] ] ], [ [ [ 146.576755092000099, -38.699840966999943 ], [ 146.578290102000096, -38.699666006999962 ], [ 146.577695042000073, -38.701113026999963 ], [ 146.576755092000099, -38.699840966999943 ] ] ], [ [ [ 146.688419182000075, -38.700744026999985 ], [ 146.687491092000073, -38.699288016999958 ], [ 146.689953852000031, -38.70078101699994 ], [ 146.688419182000075, -38.700744026999985 ] ] ], [ [ [ 146.579828022000015, -38.702729956999974 ], [ 146.579168912000114, -38.701877036999974 ], [ 146.580707862000054, -38.702103036999972 ], [ 146.579828022000015, -38.702729956999974 ] ] ], [ [ [ 146.770305872000108, -38.661305036999977 ], [ 146.75606714200012, -38.654647016999945 ], [ 146.774377082000115, -38.659768016999976 ], [ 146.770305872000108, -38.661305036999977 ] ] ], [ [ [ 146.782977862000052, -38.658102016999976 ], [ 146.772865102000083, -38.657993036999983 ], [ 146.775738962000105, -38.656508046999932 ], [ 146.782977862000052, -38.658102016999976 ] ] ], [ [ [ 146.656433172000106, -38.660535996999954 ], [ 146.65546190200007, -38.65872500699993 ], [ 146.658048152000106, -38.658839046999958 ], [ 146.656433172000106, -38.660535996999954 ] ] ], [ [ [ 146.824508152000021, -38.663453956999945 ], [ 146.827464142000053, -38.660632026999963 ], [ 146.828570052000032, -38.660987966999983 ], [ 146.824508152000021, -38.663453956999945 ] ] ], [ [ [ 146.746765082000024, -38.663996026999939 ], [ 146.749349142000028, -38.663719006999941 ], [ 146.749761002000014, -38.664204026999982 ], [ 146.746765082000024, -38.663996026999939 ] ] ], [ [ [ 146.804607002000012, -38.677488026999981 ], [ 146.826293072000112, -38.684184026999958 ], [ 146.752877882000121, -38.689660986999968 ], [ 146.7980460120001, -38.675886036999941 ], [ 146.804607002000012, -38.677488026999981 ] ] ], [ [ [ 146.724087962000112, -38.67728498699995 ], [ 146.715285952000045, -38.683909986999936 ], [ 146.709893882000074, -38.676574976999973 ], [ 146.727793082000062, -38.661227006999979 ], [ 146.727720002000069, -38.667203006999955 ], [ 146.73946107200004, -38.672910996999974 ], [ 146.724087962000112, -38.67728498699995 ] ] ], [ [ [ 146.698404842000059, -38.693134976999943 ], [ 146.708178122000049, -38.676706005999961 ], [ 146.715739942000027, -38.687145026999929 ], [ 146.698404842000059, -38.693134976999943 ] ] ], [ [ [ 146.815364172000045, -38.659067996999966 ], [ 146.797396932000083, -38.660939016999976 ], [ 146.786028822000048, -38.669118026999968 ], [ 146.794057912000085, -38.656819966999933 ], [ 146.815364172000045, -38.659067996999966 ] ] ], [ [ [ 146.6833640320001, -38.689702016999945 ], [ 146.675802992000058, -38.676800966999963 ], [ 146.685400922000099, -38.677859006999938 ], [ 146.6833640320001, -38.689702016999945 ] ] ], [ [ [ 146.621751122000092, -38.694792956999947 ], [ 146.629356852000114, -38.69565298599997 ], [ 146.634077132000016, -38.69716301699998 ], [ 146.621751122000092, -38.694792956999947 ] ] ], [ [ [ 146.60606017200007, -38.683477976999939 ], [ 146.606981072000053, -38.686363006999954 ], [ 146.598495842000034, -38.685662985999954 ], [ 146.60606017200007, -38.683477976999939 ] ] ], [ [ [ 146.738081152000063, -38.668899956999951 ], [ 146.746865172000071, -38.667844976999959 ], [ 146.748134892000053, -38.669030006999947 ], [ 146.738081152000063, -38.668899956999951 ] ] ], [ [ [ 146.737230842000031, -38.666993026999933 ], [ 146.730621932000076, -38.663076946999979 ], [ 146.729030062000106, -38.66169797699996 ], [ 146.737230842000031, -38.666993026999933 ] ] ], [ [ [ 146.744890922000081, -38.674628016999975 ], [ 146.743916042000023, -38.679451996999944 ], [ 146.739719162000029, -38.679120976999968 ], [ 146.744890922000081, -38.674628016999975 ] ] ], [ [ [ 146.753610842000057, -38.67554195699995 ], [ 146.760842182000033, -38.673393026999975 ], [ 146.76248592200011, -38.673060026999963 ], [ 146.755285932000106, -38.676508026999954 ], [ 146.753610842000057, -38.67554195699995 ] ] ], [ [ [ 146.809410102000015, -38.666096996999954 ], [ 146.803857872000094, -38.665658976999964 ], [ 146.811615142000051, -38.664763996999966 ], [ 146.821665972000119, -38.659992016999979 ], [ 146.809410102000015, -38.666096996999954 ] ] ], [ [ [ 146.655619952000052, -38.672867966999945 ], [ 146.652118902000097, -38.670577016999971 ], [ 146.654906042000107, -38.669507016999944 ], [ 146.655619952000052, -38.672867966999945 ] ] ], [ [ [ 146.587718192000011, -38.690582046999964 ], [ 146.593700982000087, -38.689779955999938 ], [ 146.58928306200005, -38.69199098699994 ], [ 146.587718192000011, -38.690582046999964 ] ] ], [ [ [ 146.723884912000017, -38.683621976999973 ], [ 146.721953882000093, -38.68623602699995 ], [ 146.7190339120001, -38.685225966999951 ], [ 146.723884912000017, -38.683621976999973 ] ] ], [ [ [ 146.651103002000013, -38.683486976999973 ], [ 146.643360842000106, -38.684499026999958 ], [ 146.64599497200004, -38.683514966999951 ], [ 146.649106082000117, -38.683022036999944 ], [ 146.651103002000013, -38.683486976999973 ] ] ], [ [ [ 146.657558172000108, -38.685932016999971 ], [ 146.652374882000117, -38.685393976999933 ], [ 146.656328052000049, -38.685454016999984 ], [ 146.657558172000108, -38.685932016999971 ] ] ], [ [ [ 146.729640962000076, -38.686087966999935 ], [ 146.728082892000089, -38.684131026999978 ], [ 146.73276507200012, -38.685117956999932 ], [ 146.729640962000076, -38.686087966999935 ] ] ], [ [ [ 146.757863162000035, -38.672937986999955 ], [ 146.758942072000082, -38.670071036999957 ], [ 146.760945842000069, -38.670116036999957 ], [ 146.757863162000035, -38.672937986999955 ] ] ], [ [ [ 146.683203142000025, -38.67475795699994 ], [ 146.681850962000112, -38.672885965999967 ], [ 146.684548092000114, -38.674852016999978 ], [ 146.683203142000025, -38.67475795699994 ] ] ], [ [ [ 146.729946982000115, -38.678469026999949 ], [ 146.728608852000093, -38.676905996999949 ], [ 146.729441892000068, -38.676891956999953 ], [ 146.729946982000115, -38.678469026999949 ] ] ], [ [ [ 146.750946852000084, -38.674301026999956 ], [ 146.750680112000055, -38.676263046999964 ], [ 146.748364912000056, -38.67658496699994 ], [ 146.750946852000084, -38.674301026999956 ] ] ], [ [ [ 146.629198072, -38.680129966999971 ], [ 146.62718605200007, -38.679352006999977 ], [ 146.631027962000076, -38.678920016999939 ], [ 146.629198072, -38.680129966999971 ] ] ], [ [ [ 146.606784842000025, -38.680253996999966 ], [ 146.607855132000054, -38.68169497699995 ], [ 146.605887022000047, -38.681226006999964 ], [ 146.606784842000025, -38.680253996999966 ] ] ], [ [ [ 146.798674912000024, -38.666303016999962 ], [ 146.797832162000077, -38.665873986999941 ], [ 146.799806042000114, -38.666199956999947 ], [ 146.798674912000024, -38.666303016999962 ] ] ], [ [ [ 146.689583052000103, -38.686426996999955 ], [ 146.688919922000082, -38.685284016999958 ], [ 146.689883992000091, -38.685139016999983 ], [ 146.689583052000103, -38.686426996999955 ] ] ], [ [ [ 146.794601142000033, -38.66712496699995 ], [ 146.793458872000087, -38.666168006999953 ], [ 146.795091122000031, -38.66651001699995 ], [ 146.794601142000033, -38.66712496699995 ] ] ], [ [ [ 146.571085072000074, -38.690741956999943 ], [ 146.570613862000073, -38.689811006999946 ], [ 146.570919832000072, -38.68978300699996 ], [ 146.571085072000074, -38.690741956999943 ] ] ], [ [ [ 146.691501852000101, -38.680896966999967 ], [ 146.688471002000028, -38.681173986999966 ], [ 146.691734032000113, -38.680678976999957 ], [ 146.691501852000101, -38.680896966999967 ] ] ], [ [ [ 146.745695162000061, -38.673241016999953 ], [ 146.746001142000068, -38.671724956999981 ], [ 146.747053102000109, -38.671606986999961 ], [ 146.745695162000061, -38.673241016999953 ] ] ], [ [ [ 146.823756142000093, -38.680054006999967 ], [ 146.822910102000037, -38.677494956999965 ], [ 146.823946922000118, -38.680113946999938 ], [ 146.823756142000093, -38.680054006999967 ] ] ], [ [ [ 146.733351152000068, -38.678397016999952 ], [ 146.73429792200011, -38.677735975999951 ], [ 146.734877142000073, -38.67812297699993 ], [ 146.733351152000068, -38.678397016999952 ] ] ], [ [ [ 146.803808162000109, -38.676474986999949 ], [ 146.803987082000049, -38.676329996999982 ], [ 146.804313942000022, -38.676845966999963 ], [ 146.803808162000109, -38.676474986999949 ] ] ], [ [ [ 146.811194992000082, -38.667318016999957 ], [ 146.810931832000051, -38.666411996999955 ], [ 146.81142899200006, -38.667331986999955 ], [ 146.811194992000082, -38.667318016999957 ] ] ], [ [ [ 146.685942032000071, -38.686206956999968 ], [ 146.685674892000065, -38.685286976999976 ], [ 146.685980902000097, -38.685096976999944 ], [ 146.685942032000071, -38.686206956999968 ] ] ], [ [ [ 146.707671982000079, -38.676311996999971 ], [ 146.71021212200003, -38.675797016999979 ], [ 146.710351082000102, -38.675842026999931 ], [ 146.709358902000076, -38.676250986999946 ], [ 146.707671982000079, -38.676311996999971 ] ] ], [ [ [ 146.733692022000014, -38.682101956999929 ], [ 146.732676122000044, -38.682122036999942 ], [ 146.733814082000094, -38.681718026999931 ], [ 146.733692022000014, -38.682101956999929 ] ] ], [ [ [ 146.812982032000036, -38.667743996999945 ], [ 146.812466872000073, -38.667287976999944 ], [ 146.813154132000022, -38.66759198699998 ], [ 146.812982032000036, -38.667743996999945 ] ] ], [ [ [ 146.880381942000099, -38.610861026999942 ], [ 146.880280112000037, -38.609791006999956 ], [ 146.881590862000053, -38.610477986999967 ], [ 146.880381942000099, -38.610861026999942 ] ] ], [ [ [ 146.880079952000074, -38.615525996999963 ], [ 146.81987787200012, -38.650634996999941 ], [ 146.791054072000065, -38.633034966999958 ], [ 146.800977112000055, -38.632991046999962 ], [ 146.819121112000062, -38.613195986999983 ], [ 146.825274972000102, -38.620738976999974 ], [ 146.880079952000074, -38.615525996999963 ] ] ], [ [ [ 146.828436822000072, -38.679496016999963 ], [ 146.857623832000058, -38.652037016999941 ], [ 146.835528122000028, -38.654171006999945 ], [ 146.879039182000042, -38.63814902699994 ], [ 146.833072952000066, -38.679500966999967 ], [ 146.828436822000072, -38.679496016999963 ] ] ], [ [ [ 146.872199892000026, -38.632177966999961 ], [ 146.876558062000072, -38.631767026999967 ], [ 146.878686012000117, -38.628358016999982 ], [ 146.876437102000068, -38.632312986999978 ], [ 146.872199892000026, -38.632177966999961 ] ] ], [ [ [ 146.853156962000071, -38.635986956999943 ], [ 146.852832952000085, -38.635894976999964 ], [ 146.853285842000105, -38.635607966999942 ], [ 146.853156962000071, -38.635986956999943 ] ] ] ] } },
{ "type": "Feature", "properties": { "objectid": 756, "sa2_code_2021": "206011106", "sa2_name_2021": "Brunswick East", "change_flag_2021": "0", "change_label_2021": "No change", "sa3_code_2021": "20601", "sa3_name_2021": "Brunswick - Coburg", "sa4_code_2021": "206", "sa4_name_2021": "Melbourne - Inner", "gccsa_code_2021": "2GMEL", "gccsa_name_2021": "Greater Melbourne", "state_code_2021": "2", "state_name_2021": "Victoria", "aus_code_2021": "AUS", "aus_name_2021": "Australia", "area_albers_sqkm": 2.1682, "asgs_loci_uri_2021": "http://linked.data.gov.au/dataset/asgsed3/SA2/206011106", "shape_Length": 0.075170334487867807, "shape_Area": 0.00022169843126986614 }, "geometry": { "type": "Polygon", "coordinates": [ [ [ 144.970525802000111, -37.779289106999954 ], [ 144.98017720200005, -37.757299985999964 ], [ 144.986865132000048, -37.77437798699998 ], [ 144.970525802000111, -37.779289106999954 ] ] ] } },
{ "type": "Feature", "properties": { "objectid": 757, "sa2_code_2021": "206011107", "sa2_name_2021": "Brunswick West", "change_flag_2021": "0", "change_label_2021": "No change", "sa3_code_2021": "20601", "sa3_name_2021": "Brunswick - Coburg", "sa4_code_2021": "206", "sa4_name_2021": "Melbourne - Inner", "gccsa_code_2021": "2GMEL", "gccsa_name_2021": "Greater Melbourne", "state_code_2021": "2", "state_name_2021": "Victoria", "aus_code_2021": "AUS", "aus_name_2021": "Australia", "area_albers_sqkm": 3.1795, "asgs_loci_uri_2021": "http://linked.data.gov.au/dataset/asgsed3/SA2/206011107", "shape_Length": 0.11553335811857797, "shape_Area": 0.00032501582267324073 }, "geometry": { "type": "Polygon", "coordinates": [ [ [ 144.949404272000038, -37.776738326999975 ], [ 144.926956002000111, -37.751073996999935 ], [ 144.95386033200009, -37.754231576999985 ], [ 144.949404272000038, -37.776738326999975 ] ] ] } },
{ "type": "Feature", "properties": { "objectid": 758, "sa2_code_2021": "206011109", "sa2_name_2021": "Pascoe Vale South", "change_flag_2021": "0", "change_label_2021": "No change", "sa3_code_2021": "20601", "sa3_name_2021": "Brunswick - Coburg", "sa4_code_2021": "206", "sa4_name_2021": "Melbourne - Inner", "gccsa_code_2021": "2GMEL", "gccsa_name_2021": "Greater Melbourne", "state_code_2021": "2", "state_name_2021": "Victoria", "aus_code_2021": "AUS", "aus_name_2021": "Australia", "area_albers_sqkm": 2.9887, "asgs_loci_uri_2021": "http://linked.data.gov.au/dataset/asgsed3/SA2/206011109", "shape_Length": 0.087208165305385985, "shape_Area": 0.00030553336909698543 }, "geometry": { "type": "Polygon", "coordinates": [ [ [ 144.926956002000111, -37.751073996999935 ], [ 144.928784942000107, -37.733625446999952 ], [ 144.949052522000102, -37.736008116999983 ], [ 144.94574591200012, -37.753277396999977 ], [ 144.926956002000111, -37.751073996999935 ] ] ] } },
{ "type": "Feature", "properties": { "objectid": 759, "sa2_code_2021": "206011495", "sa2_name_2021": "Brunswick - North", "change_flag_2021": "1", "change_label_2021": "New", "sa3_code_2021": "20601", "sa3_name_2021": "Brunswick - Coburg", "sa4_code_2021": "206", "sa4_name_2021": "Melbourne - Inner", "gccsa_code_2021": "2GMEL", "gccsa_name_2021": "Greater Melbourne", "state_code_2021": "2", "state_name_2021": "Victoria", "aus_code_2021": "AUS", "aus_name_2021": "Australia", "area_albers_sqkm": 2.4091, "asgs_loci_uri_2021": "http://linked.data.gov.au/dataset/asgsed3/SA2/206011495", "shape_Length": 0.074911219721261801, "shape_Area": 0.00024628645458286849 }, "geometry": { "type": "Polygon", "coordinates": [ [ [ 144.972307472000011, -37.768136116999983 ], [ 144.95386033200009, -37.754231576999985 ], [ 144.976983852000103, -37.756920956999977 ], [ 144.972307472000011, -37.768136116999983 ] ] ] } },
{ "type": "Feature", "properties": { "objectid": 760, "sa2_code_2021": "206011496", "sa2_name_2021": "Brunswick - South", "change_flag_2021": "1", "change_label_2021": "New", "sa3_code_2021": "20601", "sa3_name_2021": "Brunswick - Coburg", "sa4_code_2021": "206", "sa4_name_2021": "Melbourne - Inner", "gccsa_code_2021": "2GMEL", "gccsa_name_2021": "Greater Melbourne", "state_code_2021": "2", "state_name_2021": "Victoria", "aus_code_2021": "AUS", "aus_name_2021": "Australia", "area_albers_sqkm": 2.7334, "asgs_loci_uri_2021": "http://linked.data.gov.au/dataset/asgsed3/SA2/206011496", "shape_Length": 0.074520559771675821, "shape_Area": 0.000279553604943234 }, "geometry": { "type": "Polygon", "coordinates": [ [ [ 144.949404272000038, -37.776738326999975 ], [ 144.972307472000011, -37.768136116999983 ], [ 144.970525802000111, -37.779289106999954 ], [ 144.949404272000038, -37.776738326999975 ] ] ] } },
{ "type": "Feature", "properties": { "objectid": 761, "sa2_code_2021": "206011497", "sa2_name_2021": "Coburg - East", "change_flag_2021": "1", "change_label_2021": "New", "sa3_code_2021": "20601", "sa3_name_2021": "Brunswick - Coburg", "sa4_code_2021": "206", "sa4_name_2021": "Melbourne - Inner", "gccsa_code_2021": "2GMEL", "gccsa_name_2021": "Greater Melbourne", "state_code_2021": "2", "state_name_2021": "Victoria", "aus_code_2021": "AUS", "aus_name_2021": "Australia", "area_albers_sqkm": 3.7471, "asgs_loci_uri_2021": "http://linked.data.gov.au/dataset/asgsed3/SA2/206011497", "shape_Length": 0.089645477213546959, "shape_Area": 0.00038300618397546645 }, "geometry": { "type": "Polygon", "coordinates": [ [ [ 144.961736782000116, -37.755157406999956 ], [ 144.982906922000097, -37.735955556999954 ], [ 144.98017720200005, -37.757299985999964 ], [ 144.961736782000116, -37.755157406999956 ] ] ] } },
{ "type": "Feature", "properties": { "objectid": 762, "sa2_code_2021": "206011498", "sa2_name_2021": "Coburg - West", "change_flag_2021": "1", "change_label_2021": "New", "sa3_code_2021": "20601", "sa3_name_2021": "Brunswick - Coburg", "sa4_code_2021": "206", "sa4_name_2021": "Melbourne - Inner", "gccsa_code_2021": "2GMEL", "gccsa_name_2021": "Greater Melbourne", "state_code_2021": "2", "state_name_2021": "Victoria", "aus_code_2021": "AUS", "aus_name_2021": "Australia", "area_albers_sqkm": 3.1876, "asgs_loci_uri_2021": "http://linked.data.gov.au/dataset/asgsed3/SA2/206011498", "shape_Length": 0.074189683267125731, "shape_Area": 0.00032579269655423518 }, "geometry": { "type": "Polygon", "coordinates": [ [ [ 144.94574591200012, -37.753277396999977 ], [ 144.962862113000028, -37.733759456999962 ], [ 144.961736782000116, -37.755157406999956 ], [ 144.94574591200012, -37.753277396999977 ] ] ] } },
{ "type": "Feature", "properties": { "objectid": 763, "sa2_code_2021": "206021110", "sa2_name_2021": "Alphington - Fairfield", "change_flag_2021": "0", "change_label_2021": "No change", "sa3_code_2021": "20602", "sa3_name_2021": "Darebin - South", "sa4_code_2021": "206", "sa4_name_2021": "Melbourne - Inner", "gccsa_code_2021": "2GMEL", "gccsa_name_2021": "Greater Melbourne", "state_code_2021": "2", "state_name_2021": "Victoria", "aus_code_2021": "AUS", "aus_name_2021": "Australia", "area_albers_sqkm": 2.8853, "asgs_loci_uri_2021": "http://linked.data.gov.au/dataset/asgsed3/SA2/206021110", "shape_Length": 0.083233083747454542, "shape_Area": 0.00029504749380687933 }, "geometry": { "type": "Polygon", "coordinates": [ [ [ 145.014305063000052, -37.783833736999952 ], [ 145.031203252000068, -37.766631916999984 ], [ 145.035971282000105, -37.77888356699998 ], [ 145.014305063000052, -37.783833736999952 ] ] ] } },
{ "type": "Feature", "properties": { "objectid": 764, "sa2_code_2021": "206021112", "sa2_name_2021": "Thornbury", "change_flag_2021": "0", "change_label_2021": "No change", "sa3_code_2021": "20602", "sa3_name_2021": "Darebin - South", "sa4_code_2021": "206", "sa4_name_2021": "Melbourne - Inner", "gccsa_code_2021": "2GMEL", "gccsa_name_2021": "Greater Melbourne", "state_code_2021": "2", "state_name_2021": "Victoria", "aus_code_2021": "AUS", "aus_name_2021": "Australia", "area_albers_sqkm": 4.9972, "asgs_loci_uri_2021": "http://linked.data.gov.au/dataset/asgsed3/SA2/206021112", "shape_Length": 0.1333088758853874, "shape_Area": 0.0005109222052037028 }, "geometry": { "type": "Polygon", "coordinates": [ [ [ 144.981277092000028, -37.752576526999974 ], [ 145.03136801200003, -37.755731996999941 ], [ 145.031203252000068, -37.766631916999984 ], [ 144.987375992000011, -37.761436616999958 ], [ 144.981277092000028, -37.752576526999974 ] ] ] } },
{ "type": "Feature", "properties": { "objectid": 765, "sa2_code_2021": "206021499", "sa2_name_2021": "Northcote - East", "change_flag_2021": "1", "change_label_2021": "New", "sa3_code_2021": "20602", "sa3_name_2021": "Darebin - South", "sa4_code_2021": "206", "sa4_name_2021": "Melbourne - Inner", "gccsa_code_2021": "2GMEL", "gccsa_name_2021": "Greater Melbourne", "state_code_2021": "2", "state_name_2021": "Victoria", "aus_code_2021": "AUS", "aus_name_2021": "Australia", "area_albers_sqkm": 3.5134, "asgs_loci_uri_2021": "http://linked.data.gov.au/dataset/asgsed3/SA2/206021499", "shape_Length": 0.082733270975775958, "shape_Area": 0.00035932043477034423 }, "geometry": { "type": "Polygon", "coordinates": [ [ [ 144.995591512000033, -37.784697656999981 ], [ 144.999818252000068, -37.763260146999983 ], [ 145.017796732000079, -37.767217856999935 ], [ 145.014305063000052, -37.783833736999952 ], [ 144.995591512000033, -37.784697656999981 ] ] ] } },
{ "type": "Feature", "properties": { "objectid": 766, "sa2_code_2021": "206021500", "sa2_name_2021": "Northcote - West", "change_flag_2021": "1", "change_label_2021": "New", "sa3_code_2021": "20602", "sa3_name_2021": "Darebin - South", "sa4_code_2021": "206", "sa4_name_2021": "Melbourne - Inner", "gccsa_code_2021": "2GMEL", "gccsa_name_2021": "Greater Melbourne", "state_code_2021": "2", "state_name_2021": "Victoria", "aus_code_2021": "AUS", "aus_name_2021": "Australia", "area_albers_sqkm": 2.6316, "asgs_loci_uri_2021": "http://linked.data.gov.au/dataset/asgsed3/SA2/206021500", "shape_Length": 0.08560924406551268, "shape_Area": 0.00026908960802890308 }, "geometry": { "type": "Polygon", "coordinates": [ [ [ 144.98445314200012, -37.771235996999962 ], [ 144.999913302000095, -37.762697876999937 ], [ 144.995591512000033, -37.784697656999981 ], [ 144.98445314200012, -37.771235996999962 ] ] ] } },
{ "type": "Feature", "properties": { "objectid": 767, "sa2_code_2021": "206031113", "sa2_name_2021": "Ascot Vale", "change_flag_2021": "0", "change_label_2021": "No change", "sa3_code_2021": "20603", "sa3_name_2021": "Essendon", "sa4_code_2021": "206", "sa4_name_2021": "Melbourne - Inner", "gccsa_code_2021": "2GMEL", "gccsa_name_2021": "Greater Melbourne", "state_code_2021": "2", "state_name_2021": "Victoria", "aus_code_2021": "AUS", "aus_name_2021": "Australia", "area_albers_sqkm": 3.8361, "asgs_loci_uri_2021": "http://linked.data.gov.au/dataset/asgsed3/SA2/206031113", "shape_Length": 0.12236947104335723, "shape_Area": 0.00039230529310344713 }, "geometry": { "type": "Polygon", "coordinates": [ [ [ 144.899425293000036, -37.770406526999977 ], [ 144.935165552000058, -37.773420476999945 ], [ 144.937074172000052, -37.777774216999944 ], [ 144.902712013000041, -37.789655006999965 ], [ 144.899425293000036, -37.770406526999977 ] ] ] } },
{ "type": "Feature", "properties": { "objectid": 768, "sa2_code_2021": "206031115", "sa2_name_2021": "Flemington", "change_flag_2021": "0", "change_label_2021": "No change", "sa3_code_2021": "20603", "sa3_name_2021": "Essendon", "sa4_code_2021": "206", "sa4_name_2021": "Melbourne - Inner", "gccsa_code_2021": "2GMEL", "gccsa_name_2021": "Greater Melbourne", "state_code_2021": "2", "state_name_2021": "Victoria", "aus_code_2021": "AUS", "aus_name_2021": "Australia", "area_albers_sqkm": 1.5808, "asgs_loci_uri_2021": "http://linked.data.gov.au/dataset/asgsed3/SA2/206031115", "shape_Length": 0.068905645036460059, "shape_Area": 0.00016168798200069 }, "geometry": { "type": "Polygon", "coordinates": [ [ [ 144.917613392000021, -37.783614046999958 ], [ 144.937074172000052, -37.777774216999944 ], [ 144.94036212200001, -37.787619156999938 ], [ 144.917613392000021, -37.783614046999958 ] ] ] } },
{ "type": "Feature", "properties": { "objectid": 769, "sa2_code_2021": "206031116", "sa2_name_2021": "Moonee Ponds", "change_flag_2021": "0", "change_label_2021": "No change", "sa3_code_2021": "20603", "sa3_name_2021": "Essendon", "sa4_code_2021": "206", "sa4_name_2021": "Melbourne - Inner", "gccsa_code_2021": "2GMEL", "gccsa_name_2021": "Greater Melbourne", "state_code_2021": "2", "state_name_2021": "Victoria", "aus_code_2021": "AUS", "aus_name_2021": "Australia", "area_albers_sqkm": 4.3551, "asgs_loci_uri_2021": "http://linked.data.gov.au/dataset/asgsed3/SA2/206031116", "shape_Length": 0.11452348295477473, "shape_Area": 0.00044535714791053539 }, "geometry": { "type": "Polygon", "coordinates": [ [ [ 144.90095245200007, -37.770025466999982 ], [ 144.932140102000062, -37.758733106999955 ], [ 144.938426382000102, -37.77172025699997 ], [ 144.90095245200007, -37.770025466999982 ] ] ] } },
{ "type": "Feature", "properties": { "objectid": 770, "sa2_code_2021": "206031501", "sa2_name_2021": "Essendon (West) - Aberfeldie", "change_flag_2021": "1", "change_label_2021": "New", "sa3_code_2021": "20603", "sa3_name_2021": "Essendon", "sa4_code_2021": "206", "sa4_name_2021": "Melbourne - Inner", "gccsa_code_2021": "2GMEL", "gccsa_name_2021": "Greater Melbourne", "state_code_2021": "2", "state_name_2021": "Victoria", "aus_code_2021": "AUS", "aus_name_2021": "Australia", "area_albers_sqkm": 4.8886, "asgs_loci_uri_2021": "http://linked.data.gov.au/dataset/asgsed3/SA2/206031501", "shape_Length": 0.09678911600065418, "shape_Area": 0.00049978537706289381 }, "geometry": { "type": "Polygon", "coordinates": [ [ [ 144.888945412000112, -37.761904466999965 ], [ 144.90449857200008, -37.735369636999962 ], [ 144.90356366200001, -37.764882546999957 ], [ 144.888945412000112, -37.761904466999965 ] ] ] } },
{ "type": "Feature", "properties": { "objectid": 771, "sa2_code_2021": "206031502", "sa2_name_2021": "Essendon - East", "change_flag_2021": "1", "change_label_2021": "New", "sa3_code_2021": "20603", "sa3_name_2021": "Essendon", "sa4_code_2021": "206", "sa4_name_2021": "Melbourne - Inner", "gccsa_code_2021": "2GMEL", "gccsa_name_2021": "Greater Melbourne", "state_code_2021": "2", "state_name_2021": "Victoria", "aus_code_2021": "AUS", "aus_name_2021": "Australia", "area_albers_sqkm": 3.5543, "asgs_loci_uri_2021": "http://linked.data.gov.au/dataset/asgsed3/SA2/206031502", "shape_Length": 0.11582937827555842, "shape_Area": 0.00036337801070064548 }, "geometry": { "type": "Polygon", "coordinates": [ [ [ 144.909695992000024, -37.746868996999979 ], [ 144.933482642000058, -37.744058536999944 ], [ 144.933817022000085, -37.759393996999961 ], [ 144.906405122000024, -37.760597276999931 ], [ 144.909695992000024, -37.746868996999979 ] ] ] } },
{ "type": "Feature", "properties": { "objectid": 772, "sa2_code_2021": "206041117", "sa2_name_2021": "Carlton", "change_flag_2021": "0", "change_label_2021": "No change", "sa3_code_2021": "20604", "sa3_name_2021": "Melbourne City", "sa4_code_2021": "206", "sa4_name_2021": "Melbourne - Inner", "gccsa_code_2021": "2GMEL", "gccsa_name_2021": "Greater Melbourne", "state_code_2021": "2", "state_name_2021": "Victoria", "aus_code_2021": "AUS", "aus_name_2021": "Australia", "area_albers_sqkm": 1.8187, "asgs_loci_uri_2021": "http://linked.data.gov.au/dataset/asgsed3/SA2/206041117", "shape_Length": 0.062571019722700211, "shape_Area": 0.00018600571058670026 }, "geometry": { "type": "Polygon", "coordinates": [ [ [ 144.964110232000053, -37.792730236999944 ], [ 144.973188002000029, -37.80792295699996 ], [ 144.957327832000033, -37.801554386999953 ], [ 144.964110232000053, -37.792730236999944 ] ] ] } },
{ "type": "Feature", "properties": { "objectid": 773, "sa2_code_2021": "206041118", "sa2_name_2021": "Docklands", "change_flag_2021": "0", "change_label_2021": "No change", "sa3_code_2021": "20604", "sa3_name_2021": "Melbourne City", "sa4_code_2021": "206", "sa4_name_2021": "Melbourne - Inner", "gccsa_code_2021": "2GMEL", "gccsa_name_2021": "Greater Melbourne", "state_code_2021": "2", "state_name_2021": "Victoria", "aus_code_2021": "AUS", "aus_name_2021": "Australia", "area_albers_sqkm": 2.444, "asgs_loci_uri_2021": "http://linked.data.gov.au/dataset/asgsed3/SA2/206041118", "shape_Length": 0.069488553753315155, "shape_Area": 0.0002500478747032818 }, "geometry": { "type": "Polygon", "coordinates": [ [ [ 144.935019982000085, -37.809458996999979 ], [ 144.955987082000092, -37.823053236999954 ], [ 144.93147156200007, -37.821791876999953 ], [ 144.935019982000085, -37.809458996999979 ] ] ] } },
{ "type": "Feature", "properties": { "objectid": 774, "sa2_code_2021": "206041119", "sa2_name_2021": "East Melbourne", "change_flag_2021": "0", "change_label_2021": "No change", "sa3_code_2021": "20604", "sa3_name_2021": "Melbourne City", "sa4_code_2021": "206", "sa4_name_2021": "Melbourne - Inner", "gccsa_code_2021": "2GMEL", "gccsa_name_2021": "Greater Melbourne", "state_code_2021": "2", "state_name_2021": "Victoria", "aus_code_2021": "AUS", "aus_name_2021": "Australia", "area_albers_sqkm": 2.8998, "asgs_loci_uri_2021": "http://linked.data.gov.au/dataset/asgsed3/SA2/206041119", "shape_Length": 0.081954262489820517, "shape_Area": 0.00029670933888981165 }, "geometry": { "type": "Polygon", "coordinates": [ [ [ 144.968433872000105, -37.819621436999967 ], [ 144.991351052000027, -37.809731236999937 ], [ 144.987920492000057, -37.829672316999961 ], [ 144.968433872000105, -37.819621436999967 ] ] ] } },
{ "type": "Feature", "properties": { "objectid": 775, "sa2_code_2021": "206041120", "sa2_name_2021": "Flemington Racecourse", "change_flag_2021": "0", "change_label_2021": "No change", "sa3_code_2021": "20604", "sa3_name_2021": "Melbourne City", "sa4_code_2021": "206", "sa4_name_2021": "Melbourne - Inner", "gccsa_code_2021": "2GMEL", "gccsa_name_2021": "Greater Melbourne", "state_code_2021": "2", "state_name_2021": "Victoria", "aus_code_2021": "AUS", "aus_name_2021": "Australia", "area_albers_sqkm": 1.7093, "asgs_loci_uri_2021": "http://linked.data.gov.au/dataset/asgsed3/SA2/206041120", "shape_Length": 0.053918889444486071, "shape_Area": 0.00017482844630174244 }, "geometry": { "type": "Polygon", "coordinates": [ [ [ 144.908231793000027, -37.782531266999968 ], [ 144.922921912000106, -37.789147626999977 ], [ 144.90307022200011, -37.791065756999956 ], [ 144.908231793000027, -37.782531266999968 ] ] ] } },
{ "type": "Feature", "properties": { "objectid": 776, "sa2_code_2021": "206041121", "sa2_name_2021": "Kensington (Vic.)", "change_flag_2021": "0", "change_label_2021": "No change", "sa3_code_2021": "20604", "sa3_name_2021": "Melbourne City", "sa4_code_2021": "206", "sa4_name_2021": "Melbourne - Inner", "gccsa_code_2021": "2GMEL", "gccsa_name_2021": "Greater Melbourne", "state_code_2021": "2", "state_name_2021": "Victoria", "aus_code_2021": "AUS", "aus_name_2021": "Australia", "area_albers_sqkm": 2.147, "asgs_loci_uri_2021": "http://linked.data.gov.au/dataset/asgsed3/SA2/206041121", "shape_Length": 0.07019275219535509, "shape_Area": 0.00021961503468184715 }, "geometry": { "type": "Polygon", "coordinates": [ [ [ 144.912924272000055, -37.795160976999966 ], [ 144.937831322000079, -37.788940606999972 ], [ 144.935903392000114, -37.802286326999933 ], [ 144.912924272000055, -37.795160976999966 ] ] ] } },
{ "type": "Feature", "properties": { "objectid": 777, "sa2_code_2021": "206041124", "sa2_name_2021": "Parkville", "change_flag_2021": "0", "change_label_2021": "No change", "sa3_code_2021": "20604", "sa3_name_2021": "Melbourne City", "sa4_code_2021": "206", "sa4_name_2021": "Melbourne - Inner", "gccsa_code_2021": "2GMEL", "gccsa_name_2021": "Greater Melbourne", "state_code_2021": "2", "state_name_2021": "Victoria", "aus_code_2021": "AUS", "aus_name_2021": "Australia", "area_albers_sqkm": 4.0491, "asgs_loci_uri_2021": "http://linked.data.gov.au/dataset/asgsed3/SA2/206041124", "shape_Length": 0.092812818547904297, "shape_Area": 0.00041411080349891473 }, "geometry": { "type": "Polygon", "coordinates": [ [ [ 144.938963222000098, -37.781571596999981 ], [ 144.960233752000022, -37.778044216999945 ], [ 144.963975622000021, -37.800426866999942 ], [ 144.957327832000033, -37.801554386999953 ], [ 144.938963222000098, -37.781571596999981 ] ] ] } },
{ "type": "Feature", "properties": { "objectid": 778, "sa2_code_2021": "206041125", "sa2_name_2021": "South Yarra - West", "change_flag_2021": "0", "change_label_2021": "No change", "sa3_code_2021": "20604", "sa3_name_2021": "Melbourne City", "sa4_code_2021": "206", "sa4_name_2021": "Melbourne - Inner", "gccsa_code_2021": "2GMEL", "gccsa_name_2021": "Greater Melbourne", "state_code_2021": "2", "state_name_2021": "Victoria", "aus_code_2021": "AUS", "aus_name_2021": "Australia", "area_albers_sqkm": 1.5027, "asgs_loci_uri_2021": "http://linked.data.gov.au/dataset/asgsed3/SA2/206041125", "shape_Length": 0.065101693056175511, "shape_Area": 0.00015376176198007656 }, "geometry": { "type": "Polygon", "coordinates": [ [ [ 144.974544482000056, -37.834678526999937 ], [ 144.987845522000043, -37.830633316999979 ], [ 144.98420180200003, -37.850667375999933 ], [ 144.980642542000055, -37.850219355999968 ], [ 144.974544482000056, -37.834678526999937 ] ] ] } },
{ "type": "Feature", "properties": { "objectid": 779, "sa2_code_2021": "206041127", "sa2_name_2021": "West Melbourne - Industrial", "change_flag_2021": "3", "change_label_2021": "Name change", "sa3_code_2021": "20604", "sa3_name_2021": "Melbourne City", "sa4_code_2021": "206", "sa4_name_2021": "Melbourne - Inner", "gccsa_code_2021": "2GMEL", "gccsa_name_2021": "Greater Melbourne", "state_code_2021": "2", "state_name_2021": "Victoria", "aus_code_2021": "AUS", "aus_name_2021": "Australia", "area_albers_sqkm": 6.1992, "asgs_loci_uri_2021": "http://linked.data.gov.au/dataset/asgsed3/SA2/206041127", "shape_Length": 0.1167919977191928, "shape_Area": 0.00063426351828553237 }, "geometry": { "type": "Polygon", "coordinates": [ [ [ 144.90758651200008, -37.806135206999954 ], [ 144.926043142000026, -37.799478636999936 ], [ 144.946021702000053, -37.811641546999965 ], [ 144.907032952, -37.823309005999931 ], [ 144.90758651200008, -37.806135206999954 ] ] ] } },
{ "type": "Feature", "properties": { "objectid": 780, "sa2_code_2021": "206041503", "sa2_name_2021": "Melbourne CBD - East", "change_flag_2021": "1", "change_label_2021": "New", "sa3_code_2021": "20604", "sa3_name_2021": "Melbourne City", "sa4_code_2021": "206", "sa4_name_2021": "Melbourne - Inner", "gccsa_code_2021": "2GMEL", "gccsa_name_2021": "Greater Melbourne", "state_code_2021": "2", "state_name_2021": "Victoria", "aus_code_2021": "AUS", "aus_name_2021": "Australia", "area_albers_sqkm": 0.802, "asgs_loci_uri_2021": "http://linked.data.gov.au/dataset/asgsed3/SA2/206041503", "shape_Length": 0.040134668289722765, "shape_Area": 8.2037541354667393e-05 }, "geometry": { "type": "Polygon", "coordinates": [ [ [ 144.964969912000015, -37.818171346999975 ], [ 144.971283612000093, -37.807555396999931 ], [ 144.974867402000086, -37.815289825999969 ], [ 144.964969912000015, -37.818171346999975 ] ] ] } },
{ "type": "Feature", "properties": { "objectid": 781, "sa2_code_2021": "206041504", "sa2_name_2021": "Melbourne CBD - North", "change_flag_2021": "1", "change_label_2021": "New", "sa3_code_2021": "20604", "sa3_name_2021": "Melbourne City", "sa4_code_2021": "206", "sa4_name_2021": "Melbourne - Inner", "gccsa_code_2021": "2GMEL", "gccsa_name_2021": "Greater Melbourne", "state_code_2021": "2", "state_name_2021": "Victoria", "aus_code_2021": "AUS", "aus_name_2021": "Australia", "area_albers_sqkm": 0.5616, "asgs_loci_uri_2021": "http://linked.data.gov.au/dataset/asgsed3/SA2/206041504", "shape_Length": 0.032721285014912532, "shape_Area": 5.7448233408547511e-05 }, "geometry": { "type": "Polygon", "coordinates": [ [ [ 144.959788812000056, -37.81300437699997 ], [ 144.965852372000086, -37.806973016999962 ], [ 144.967201922000072, -37.810841946999972 ], [ 144.959788812000056, -37.81300437699997 ] ] ] } },
{ "type": "Feature", "properties": { "objectid": 782, "sa2_code_2021": "206041505", "sa2_name_2021": "Melbourne CBD - West", "change_flag_2021": "1", "change_label_2021": "New", "sa3_code_2021": "20604", "sa3_name_2021": "Melbourne City", "sa4_code_2021": "206", "sa4_name_2021": "Melbourne - Inner", "gccsa_code_2021": "2GMEL", "gccsa_name_2021": "Greater Melbourne", "state_code_2021": "2", "state_name_2021": "Victoria", "aus_code_2021": "AUS", "aus_name_2021": "Australia", "area_albers_sqkm": 1.0051, "asgs_loci_uri_2021": "http://linked.data.gov.au/dataset/asgsed3/SA2/206041505", "shape_Length": 0.04735003493186201, "shape_Area": 0.00010286895298167963 }, "geometry": { "type": "Polygon", "coordinates": [ [ [ 144.955987082000092, -37.823053236999954 ], [ 144.95889387200009, -37.811038326999949 ], [ 144.968251662000057, -37.819224186999975 ], [ 144.955987082000092, -37.823053236999954 ] ] ] } },
{ "type": "Feature", "properties": { "objectid": 783, "sa2_code_2021": "206041506", "sa2_name_2021": "North Melbourne", "change_flag_2021": "1", "change_label_2021": "New", "sa3_code_2021": "20604", "sa3_name_2021": "Melbourne City", "sa4_code_2021": "206", "sa4_name_2021": "Melbourne - Inner", "gccsa_code_2021": "2GMEL", "gccsa_name_2021": "Greater Melbourne", "state_code_2021": "2", "state_name_2021": "Victoria", "aus_code_2021": "AUS", "aus_name_2021": "Australia", "area_albers_sqkm": 2.4248, "asgs_loci_uri_2021": "http://linked.data.gov.au/dataset/asgsed3/SA2/206041506", "shape_Length": 0.072676771489289999, "shape_Area": 0.00024809720531430502 }, "geometry": { "type": "Polygon", "coordinates": [ [ [ 144.942630852000093, -37.807321576999982 ], [ 144.94036212200001, -37.787619156999938 ], [ 144.959504042000049, -37.806293236999977 ], [ 144.942630852000093, -37.807321576999982 ] ] ] } },
{ "type": "Feature", "properties": { "objectid": 784, "sa2_code_2021": "206041507", "sa2_name_2021": "Royal Botanic Gardens Victoria", "change_flag_2021": "1", "change_label_2021": "New", "sa3_code_2021": "20604", "sa3_name_2021": "Melbourne City", "sa4_code_2021": "206", "sa4_name_2021": "Melbourne - Inner", "gccsa_code_2021": "2GMEL", "gccsa_name_2021": "Greater Melbourne", "state_code_2021": "2", "state_name_2021": "Victoria", "aus_code_2021": "AUS", "aus_name_2021": "Australia", "area_albers_sqkm": 1.3511, "asgs_loci_uri_2021": "http://linked.data.gov.au/dataset/asgsed3/SA2/206041507", "shape_Length": 0.059585838983769568, "shape_Area": 0.00013826975063523575 }, "geometry": { "type": "Polygon", "coordinates": [ [ [ 144.972256662000063, -37.832810306999932 ], [ 144.986501262000047, -37.828310196999951 ], [ 144.987845522000043, -37.830633316999979 ], [ 144.972256662000063, -37.832810306999932 ] ] ] } },
{ "type": "Feature", "properties": { "objectid": 785, "sa2_code_2021": "206041508", "sa2_name_2021": "Southbank (West) - South Wharf", "change_flag_2021": "1", "change_label_2021": "New", "sa3_code_2021": "20604", "sa3_name_2021": "Melbourne City", "sa4_code_2021": "206", "sa4_name_2021": "Melbourne - Inner", "gccsa_code_2021": "2GMEL", "gccsa_name_2021": "Greater Melbourne", "state_code_2021": "2", "state_name_2021": "Victoria", "aus_code_2021": "AUS", "aus_name_2021": "Australia", "area_albers_sqkm": 0.8496, "asgs_loci_uri_2021": "http://linked.data.gov.au/dataset/asgsed3/SA2/206041508", "shape_Length": 0.062723648349843425, "shape_Area": 8.6966452709300406e-05 }, "geometry": { "type": "Polygon", "coordinates": [ [ [ 144.964774893000026, -37.819712156999969 ], [ 144.957180012000094, -37.828414006999935 ], [ 144.941443002000028, -37.825797996999938 ], [ 144.942541372000051, -37.824245076999944 ], [ 144.964774893000026, -37.819712156999969 ] ] ] } },
{ "type": "Feature", "properties": { "objectid": 786, "sa2_code_2021": "206041509", "sa2_name_2021": "Southbank - East", "change_flag_2021": "1", "change_label_2021": "New", "sa3_code_2021": "20604", "sa3_name_2021": "Melbourne City", "sa4_code_2021": "206", "sa4_name_2021": "Melbourne - Inner", "gccsa_code_2021": "2GMEL", "gccsa_name_2021": "Greater Melbourne", "state_code_2021": "2", "state_name_2021": "Victoria", "aus_code_2021": "AUS", "aus_name_2021": "Australia", "area_albers_sqkm": 0.804, "asgs_loci_uri_2021": "http://linked.data.gov.au/dataset/asgsed3/SA2/206041509", "shape_Length": 0.03975759070215467, "shape_Area": 8.2262813671412575e-05 }, "geometry": { "type": "Polygon", "coordinates": [ [ [ 144.963710992000074, -37.82286845699997 ], [ 144.971321422000074, -37.829895016999956 ], [ 144.957180012000094, -37.828414006999935 ], [ 144.963710992000074, -37.82286845699997 ] ] ] } },
{ "type": "Feature", "properties": { "objectid": 787, "sa2_code_2021": "206041510", "sa2_name_2021": "West Melbourne - Residential", "change_flag_2021": "1", "change_label_2021": "New", "sa3_code_2021": "20604", "sa3_name_2021": "Melbourne City", "sa4_code_2021": "206", "sa4_name_2021": "Melbourne - Inner", "gccsa_code_2021": "2GMEL", "gccsa_name_2021": "Greater Melbourne", "state_code_2021": "2", "state_name_2021": "Victoria", "aus_code_2021": "AUS", "aus_name_2021": "Australia", "area_albers_sqkm": 0.8247, "asgs_loci_uri_2021": "http://linked.data.gov.au/dataset/asgsed3/SA2/206041510", "shape_Length": 0.039267528444514727, "shape_Area": 8.4364182649867271e-05 }, "geometry": { "type": "Polygon", "coordinates": [ [ [ 144.950328742000011, -37.813479936999954 ], [ 144.955987592000042, -37.805878185999973 ], [ 144.956446542000094, -37.811754806999943 ], [ 144.950328742000011, -37.813479936999954 ] ] ] } },
{ "type": "Feature", "properties": { "objectid": 788, "sa2_code_2021": "206051128", "sa2_name_2021": "Albert Park", "change_flag_2021": "0", "change_label_2021": "No change", "sa3_code_2021": "20605", "sa3_name_2021": "Port Phillip", "sa4_code_2021": "206", "sa4_name_2021": "Melbourne - Inner", "gccsa_code_2021": "2GMEL", "gccsa_name_2021": "Greater Melbourne", "state_code_2021": "2", "state_name_2021": "Victoria", "aus_code_2021": "AUS", "aus_name_2021": "Australia", "area_albers_sqkm": 4.6747, "asgs_loci_uri_2021": "http://linked.data.gov.au/dataset/asgsed3/SA2/206051128", "shape_Length": 0.10827198456085348, "shape_Area": 0.00047859371978306733 }, "geometry": { "type": "Polygon", "coordinates": [ [ [ 144.952499512000031, -37.838510726999971 ], [ 144.979048982000108, -37.85276192699996 ], [ 144.942695682000021, -37.846099445999982 ], [ 144.952499512000031, -37.838510726999971 ] ] ] } },
{ "type": "Feature", "properties": { "objectid": 789, "sa2_code_2021": "206051129", "sa2_name_2021": "Elwood", "change_flag_2021": "0", "change_label_2021": "No change", "sa3_code_2021": "20605", "sa3_name_2021": "Port Phillip", "sa4_code_2021": "206", "sa4_name_2021": "Melbourne - Inner", "gccsa_code_2021": "2GMEL", "gccsa_name_2021": "Greater Melbourne", "state_code_2021": "2", "state_name_2021": "Victoria", "aus_code_2021": "AUS", "aus_name_2021": "Australia", "area_albers_sqkm": 2.553, "asgs_loci_uri_2021": "http://linked.data.gov.au/dataset/asgsed3/SA2/206051129", "shape_Length": 0.072603255873615047, "shape_Area": 0.00026151257707794824 }, "geometry": { "type": "Polygon", "coordinates": [ [ [ 144.984989942000084, -37.891002535999974 ], [ 144.988783942000055, -37.870740535999971 ], [ 144.99700921200008, -37.883814116999929 ], [ 144.984989942000084, -37.891002535999974 ] ] ] } },
{ "type": "Feature", "properties": { "objectid": 790, "sa2_code_2021": "206051130", "sa2_name_2021": "Port Melbourne", "change_flag_2021": "0", "change_label_2021": "No change", "sa3_code_2021": "20605", "sa3_name_2021": "Port Phillip", "sa4_code_2021": "206", "sa4_name_2021": "Melbourne - Inner", "gccsa_code_2021": "2GMEL", "gccsa_name_2021": "Greater Melbourne", "state_code_2021": "2", "state_name_2021": "Victoria", "aus_code_2021": "AUS", "aus_name_2021": "Australia", "area_albers_sqkm": 2.7894, "asgs_loci_uri_2021": "http://linked.data.gov.au/dataset/asgsed3/SA2/206051130", "shape_Length": 0.11162334625476962, "shape_Area": 0.00028546272882310798 }, "geometry": { "type": "Polygon", "coordinates": [ [ [ 144.91690273200004, -37.836549986999955 ], [ 144.945689992000098, -37.830567996999946 ], [ 144.949756792000017, -37.834098236999978 ], [ 144.930007482000065, -37.847365846999935 ], [ 144.91690273200004, -37.836549986999955 ] ] ] } },
{ "type": "Feature", "properties": { "objectid": 791, "sa2_code_2021": "206051134", "sa2_name_2021": "St Kilda East", "change_flag_2021": "0", "change_label_2021": "No change", "sa3_code_2021": "20605", "sa3_name_2021": "Port Phillip", "sa4_code_2021": "206", "sa4_name_2021": "Melbourne - Inner", "gccsa_code_2021": "2GMEL", "gccsa_name_2021": "Greater Melbourne", "state_code_2021": "2", "state_name_2021": "Victoria", "aus_code_2021": "AUS", "aus_name_2021": "Australia", "area_albers_sqkm": 2.4135, "asgs_loci_uri_2021": "http://linked.data.gov.au/dataset/asgsed3/SA2/206051134", "shape_Length": 0.081549732894913754, "shape_Area": 0.00024709451227945904 }, "geometry": { "type": "Polygon", "coordinates": [ [ [ 144.988783942000055, -37.870740535999971 ], [ 145.010521622000056, -37.860225236999952 ], [ 144.996745242000088, -37.883501466999974 ], [ 144.988783942000055, -37.870740535999971 ] ] ] } },
{ "type": "Feature", "properties": { "objectid": 792, "sa2_code_2021": "206051511", "sa2_name_2021": "Port Melbourne Industrial", "change_flag_2021": "1", "change_label_2021": "New", "sa3_code_2021": "20605", "sa3_name_2021": "Port Phillip", "sa4_code_2021": "206", "sa4_name_2021": "Melbourne - Inner", "gccsa_code_2021": "2GMEL", "gccsa_name_2021": "Greater Melbourne", "state_code_2021": "2", "state_name_2021": "Victoria", "aus_code_2021": "AUS", "aus_name_2021": "Australia", "area_albers_sqkm": 7.6426, "asgs_loci_uri_2021": "http://linked.data.gov.au/dataset/asgsed3/SA2/206051511", "shape_Length": 0.18916920643121649, "shape_Area": 0.00078215090496610011 }, "geometry": { "type": "Polygon", "coordinates": [ [ [ 144.897399762000077, -37.831412096999941 ], [ 144.931436932000111, -37.820693216999985 ], [ 144.957180012000094, -37.828414006999935 ], [ 144.914848622000022, -37.836946946999944 ], [ 144.91263845200001, -37.849998966999976 ], [ 144.902970922, -37.839464515999964 ], [ 144.907212972000025, -37.849525996999944 ], [ 144.897399762000077, -37.831412096999941 ] ] ] } },
{ "type": "Feature", "properties": { "objectid": 793, "sa2_code_2021": "206051512", "sa2_name_2021": "South Melbourne", "change_flag_2021": "1", "change_label_2021": "New", "sa3_code_2021": "20605", "sa3_name_2021": "Port Phillip", "sa4_code_2021": "206", "sa4_name_2021": "Melbourne - Inner", "gccsa_code_2021": "2GMEL", "gccsa_name_2021": "Greater Melbourne", "state_code_2021": "2", "state_name_2021": "Victoria", "aus_code_2021": "AUS", "aus_name_2021": "Australia", "area_albers_sqkm": 1.8897, "asgs_loci_uri_2021": "http://linked.data.gov.au/dataset/asgsed3/SA2/206051512", "shape_Length": 0.070152114655591971, "shape_Area": 0.00019339948472485766 }, "geometry": { "type": "Polygon", "coordinates": [ [ [ 144.946529972000121, -37.841012576999958 ], [ 144.961388822000117, -37.82806551699997 ], [ 144.971799762000046, -37.832280466999975 ], [ 144.946529972000121, -37.841012576999958 ] ] ] } },
{ "type": "Feature", "properties": { "objectid": 794, "sa2_code_2021": "206051513", "sa2_name_2021": "St Kilda - Central", "change_flag_2021": "1", "change_label_2021": "New", "sa3_code_2021": "20605", "sa3_name_2021": "Port Phillip", "sa4_code_2021": "206", "sa4_name_2021": "Melbourne - Inner", "gccsa_code_2021": "2GMEL", "gccsa_name_2021": "Greater Melbourne", "state_code_2021": "2", "state_name_2021": "Victoria", "aus_code_2021": "AUS", "aus_name_2021": "Australia", "area_albers_sqkm": 1.5375, "asgs_loci_uri_2021": "http://linked.data.gov.au/dataset/asgsed3/SA2/206051513", "shape_Length": 0.056896409250826896, "shape_Area": 0.00015743625247585991 }, "geometry": { "type": "Polygon", "coordinates": [ [ [ 144.981225012000095, -37.86716933699995 ], [ 144.993275663000077, -37.857908076999934 ], [ 144.979871772000024, -37.874176096999975 ], [ 144.981225012000095, -37.86716933699995 ] ] ] } },
{ "type": "Feature", "properties": { "objectid": 795, "sa2_code_2021": "206051514", "sa2_name_2021": "St Kilda - West", "change_flag_2021": "1", "change_label_2021": "New", "sa3_code_2021": "20605", "sa3_name_2021": "Port Phillip", "sa4_code_2021": "206", "sa4_name_2021": "Melbourne - Inner", "gccsa_code_2021": "2GMEL", "gccsa_name_2021": "Greater Melbourne", "state_code_2021": "2", "state_name_2021": "Victoria", "aus_code_2021": "AUS", "aus_name_2021": "Australia", "area_albers_sqkm": 2.3637, "asgs_loci_uri_2021": "http://linked.data.gov.au/dataset/asgsed3/SA2/206051514", "shape_Length": 0.086601098263660525, "shape_Area": 0.00024201245453786226 }, "geometry": { "type": "Polygon", "coordinates": [ [ [ 144.979871772000024, -37.874176096999975 ], [ 144.968275462000065, -37.854396996999981 ], [ 144.98420180200003, -37.850667375999933 ], [ 144.979871772000024, -37.874176096999975 ] ] ] } },
{ "type": "Feature", "properties": { "objectid": 796, "sa2_code_2021": "206061135", "sa2_name_2021": "Armadale", "change_flag_2021": "0", "change_label_2021": "No change", "sa3_code_2021": "20606", "sa3_name_2021": "Stonnington - West", "sa4_code_2021": "206", "sa4_name_2021": "Melbourne - Inner", "gccsa_code_2021": "2GMEL", "gccsa_name_2021": "Greater Melbourne", "state_code_2021": "2", "state_name_2021": "Victoria", "aus_code_2021": "AUS", "aus_name_2021": "Australia", "area_albers_sqkm": 2.1835, "asgs_loci_uri_2021": "http://linked.data.gov.au/dataset/asgsed3/SA2/206061135", "shape_Length": 0.06220896751060153, "shape_Area": 0.00022348011138928166 }, "geometry": { "type": "Polygon", "coordinates": [ [ [ 145.010521622000056, -37.860225236999952 ], [ 145.030050952000011, -37.851626266999972 ], [ 145.027684432000115, -37.866319946999965 ], [ 145.010521622000056, -37.860225236999952 ] ] ] } },
{ "type": "Feature", "properties": { "objectid": 797, "sa2_code_2021": "206061136", "sa2_name_2021": "Prahran - Windsor", "change_flag_2021": "0", "change_label_2021": "No change", "sa3_code_2021": "20606", "sa3_name_2021": "Stonnington - West", "sa4_code_2021": "206", "sa4_name_2021": "Melbourne - Inner", "gccsa_code_2021": "2GMEL", "gccsa_name_2021": "Greater Melbourne", "state_code_2021": "2", "state_name_2021": "Victoria", "aus_code_2021": "AUS", "aus_name_2021": "Australia", "area_albers_sqkm": 2.9053, "asgs_loci_uri_2021": "http://linked.data.gov.au/dataset/asgsed3/SA2/206061136", "shape_Length": 0.076439794832129287, "shape_Area": 0.0002973490076973365 }, "geometry": { "type": "Polygon", "coordinates": [ [ [ 144.985023382, -37.845687596999937 ], [ 145.010521622000056, -37.860225236999952 ], [ 144.983321642000078, -37.855656996999983 ], [ 144.985023382, -37.845687596999937 ] ] ] } },
{ "type": "Feature", "properties": { "objectid": 798, "sa2_code_2021": "206061138", "sa2_name_2021": "Toorak", "change_flag_2021": "0", "change_label_2021": "No change", "sa3_code_2021": "20606", "sa3_name_2021": "Stonnington - West", "sa4_code_2021": "206", "sa4_name_2021": "Melbourne - Inner", "gccsa_code_2021": "2GMEL", "gccsa_name_2021": "Greater Melbourne", "state_code_2021": "2", "state_name_2021": "Victoria", "aus_code_2021": "AUS", "aus_name_2021": "Australia", "area_albers_sqkm": 4.3233, "asgs_loci_uri_2021": "http://linked.data.gov.au/dataset/asgsed3/SA2/206061138", "shape_Length": 0.0911836219219372, "shape_Area": 0.00044254503621573383 }, "geometry": { "type": "Polygon", "coordinates": [ [ [ 145.004698082000118, -37.840590816999963 ], [ 145.012726262000115, -37.830510056999969 ], [ 145.032685992000097, -37.837355996999975 ], [ 145.030050952000011, -37.851626266999972 ], [ 145.004698082000118, -37.840590816999963 ] ] ] } },
{ "type": "Feature", "properties": { "objectid": 799, "sa2_code_2021": "206061515", "sa2_name_2021": "South Yarra - North", "change_flag_2021": "1", "change_label_2021": "New", "sa3_code_2021": "20606", "sa3_name_2021": "Stonnington - West", "sa4_code_2021": "206", "sa4_name_2021": "Melbourne - Inner", "gccsa_code_2021": "2GMEL", "gccsa_name_2021": "Greater Melbourne", "state_code_2021": "2", "state_name_2021": "Victoria", "aus_code_2021": "AUS", "aus_name_2021": "Australia", "area_albers_sqkm": 1.1696, "asgs_loci_uri_2021": "http://linked.data.gov.au/dataset/asgsed3/SA2/206061515", "shape_Length": 0.060252700414539812, "shape_Area": 0.00011971051806858684 }, "geometry": { "type": "Polygon", "coordinates": [ [ [ 144.986524592000023, -37.838321106999956 ], [ 145.006442312000104, -37.83157611699994 ], [ 145.004698082000118, -37.840590816999963 ], [ 144.986524592000023, -37.838321106999956 ] ] ] } },
{ "type": "Feature", "properties": { "objectid": 800, "sa2_code_2021": "206061516", "sa2_name_2021": "South Yarra - South", "change_flag_2021": "1", "change_label_2021": "New", "sa3_code_2021": "20606", "sa3_name_2021": "Stonnington - West", "sa4_code_2021": "206", "sa4_name_2021": "Melbourne - Inner", "gccsa_code_2021": "2GMEL", "gccsa_name_2021": "Greater Melbourne", "state_code_2021": "2", "state_name_2021": "Victoria", "aus_code_2021": "AUS", "aus_name_2021": "Australia", "area_albers_sqkm": 1.3475, "asgs_loci_uri_2021": "http://linked.data.gov.au/dataset/asgsed3/SA2/206061516", "shape_Length": 0.051818555486194073, "shape_Area": 0.00013796444520735828 }, "geometry": { "type": "Polygon", "coordinates": [ [ [ 145.00318643200012, -37.848102666999978 ], [ 144.986524592000023, -37.838321106999956 ], [ 145.004698082000118, -37.840590816999963 ], [ 145.00318643200012, -37.848102666999978 ] ] ] } },
{ "type": "Feature", "properties": { "objectid": 801, "sa2_code_2021": "206071139", "sa2_name_2021": "Abbotsford", "change_flag_2021": "0", "change_label_2021": "No change", "sa3_code_2021": "20607", "sa3_name_2021": "Yarra", "sa4_code_2021": "206", "sa4_name_2021": "Melbourne - Inner", "gccsa_code_2021": "2GMEL", "gccsa_name_2021": "Greater Melbourne", "state_code_2021": "2", "state_name_2021": "Victoria", "aus_code_2021": "AUS", "aus_name_2021": "Australia", "area_albers_sqkm": 1.7405, "asgs_loci_uri_2021": "http://linked.data.gov.au/dataset/asgsed3/SA2/206071139", "shape_Length": 0.092990133945566697, "shape_Area": 0.00017808356250802927 }, "geometry": { "type": "Polygon", "coordinates": [ [ [ 145.015406822000045, -37.812144866999972 ], [ 144.993600002000107, -37.796054396999978 ], [ 145.001292602000035, -37.795597666999981 ], [ 145.015406822000045, -37.812144866999972 ] ] ] } },
{ "type": "Feature", "properties": { "objectid": 802, "sa2_code_2021": "206071140", "sa2_name_2021": "Carlton North - Princes Hill", "change_flag_2021": "0", "change_label_2021": "No change", "sa3_code_2021": "20607", "sa3_name_2021": "Yarra", "sa4_code_2021": "206", "sa4_name_2021": "Melbourne - Inner", "gccsa_code_2021": "2GMEL", "gccsa_name_2021": "Greater Melbourne", "state_code_2021": "2", "state_name_2021": "Victoria", "aus_code_2021": "AUS", "aus_name_2021": "Australia", "area_albers_sqkm": 2.3042, "asgs_loci_uri_2021": "http://linked.data.gov.au/dataset/asgsed3/SA2/206071140", "shape_Length": 0.061797911882869483, "shape_Area": 0.00023566596024923457 }, "geometry": { "type": "Polygon", "coordinates": [ [ [ 144.975715552000111, -37.793047056999967 ], [ 144.960233752000022, -37.778044216999945 ], [ 144.978111012000113, -37.780208186999971 ], [ 144.975715552000111, -37.793047056999967 ] ] ] } },
{ "type": "Feature", "properties": { "objectid": 803, "sa2_code_2021": "206071141", "sa2_name_2021": "Collingwood", "change_flag_2021": "0", "change_label_2021": "No change", "sa3_code_2021": "20607", "sa3_name_2021": "Yarra", "sa4_code_2021": "206", "sa4_name_2021": "Melbourne - Inner", "gccsa_code_2021": "2GMEL", "gccsa_name_2021": "Greater Melbourne", "state_code_2021": "2", "state_name_2021": "Victoria", "aus_code_2021": "AUS", "aus_name_2021": "Australia", "area_albers_sqkm": 1.2669, "asgs_loci_uri_2021": "http://linked.data.gov.au/dataset/asgsed3/SA2/206071141", "shape_Length": 0.046612798452948162, "shape_Area": 0.00012962220626261528 }, "geometry": { "type": "Polygon", "coordinates": [ [ [ 144.982553282000026, -37.808921196999961 ], [ 144.993614382000032, -37.795979246999934 ], [ 144.991351052000027, -37.809731236999937 ], [ 144.982553282000026, -37.808921196999961 ] ] ] } },
{ "type": "Feature", "properties": { "objectid": 804, "sa2_code_2021": "206071142", "sa2_name_2021": "Fitzroy", "change_flag_2021": "0", "change_label_2021": "No change", "sa3_code_2021": "20607", "sa3_name_2021": "Yarra", "sa4_code_2021": "206", "sa4_name_2021": "Melbourne - Inner", "gccsa_code_2021": "2GMEL", "gccsa_name_2021": "Greater Melbourne", "state_code_2021": "2", "state_name_2021": "Victoria", "aus_code_2021": "AUS", "aus_name_2021": "Australia", "area_albers_sqkm": 1.3779, "asgs_loci_uri_2021": "http://linked.data.gov.au/dataset/asgsed3/SA2/206071142", "shape_Length": 0.048973657793404214, "shape_Area": 0.00014091892612743315 }, "geometry": { "type": "Polygon", "coordinates": [ [ [ 144.973188002000029, -37.80792295699996 ], [ 144.985096052000017, -37.794169056999976 ], [ 144.982553282000026, -37.808921196999961 ], [ 144.973188002000029, -37.80792295699996 ] ] ] } },
{ "type": "Feature", "properties": { "objectid": 805, "sa2_code_2021": "206071143", "sa2_name_2021": "Fitzroy North", "change_flag_2021": "0", "change_label_2021": "No change", "sa3_code_2021": "20607", "sa3_name_2021": "Yarra", "sa4_code_2021": "206", "sa4_name_2021": "Melbourne - Inner", "gccsa_code_2021": "2GMEL", "gccsa_name_2021": "Greater Melbourne", "state_code_2021": "2", "state_name_2021": "Victoria", "aus_code_2021": "AUS", "aus_name_2021": "Australia", "area_albers_sqkm": 2.5051, "asgs_loci_uri_2021": "http://linked.data.gov.au/dataset/asgsed3/SA2/206071143", "shape_Length": 0.069676391375369295, "shape_Area": 0.00025620976858747207 }, "geometry": { "type": "Polygon", "coordinates": [ [ [ 144.975864982000076, -37.793200996999929 ], [ 144.986865132000048, -37.77437798699998 ], [ 144.995648022000069, -37.786994996999965 ], [ 144.975864982000076, -37.793200996999929 ] ] ] } },
{ "type": "Feature", "properties": { "objectid": 806, "sa2_code_2021": "206071145", "sa2_name_2021": "Clifton Hill - Alphington", "change_flag_2021": "3", "change_label_2021": "Name change", "sa3_code_2021": "20607", "sa3_name_2021": "Yarra", "sa4_code_2021": "206", "sa4_name_2021": "Melbourne - Inner", "gccsa_code_2021": "2GMEL", "gccsa_name_2021": "Greater Melbourne", "state_code_2021": "2", "state_name_2021": "Victoria", "aus_code_2021": "AUS", "aus_name_2021": "Australia", "area_albers_sqkm": 5.2089, "asgs_loci_uri_2021": "http://linked.data.gov.au/dataset/asgsed3/SA2/206071145", "shape_Length": 0.20431690219669718, "shape_Area": 0.00053276543486608979 }, "geometry": { "type": "Polygon", "coordinates": [ [ [ 145.014305063000052, -37.783833736999952 ], [ 145.045282292000024, -37.784203606999938 ], [ 145.013177622000057, -37.78566064599994 ], [ 145.019470693000017, -37.803660026999978 ], [ 144.985096052000017, -37.794169056999976 ], [ 145.014305063000052, -37.783833736999952 ] ] ] } },
{ "type": "Feature", "properties": { "objectid": 807, "sa2_code_2021": "206071517", "sa2_name_2021": "Richmond (South) - Cremorne", "change_flag_2021": "1", "change_label_2021": "New", "sa3_code_2021": "20607", "sa3_name_2021": "Yarra", "sa4_code_2021": "206", "sa4_name_2021": "Melbourne - Inner", "gccsa_code_2021": "2GMEL", "gccsa_name_2021": "Greater Melbourne", "state_code_2021": "2", "state_name_2021": "Victoria", "aus_code_2021": "AUS", "aus_name_2021": "Australia", "area_albers_sqkm": 4.2891, "asgs_loci_uri_2021": "http://linked.data.gov.au/dataset/asgsed3/SA2/206071517", "shape_Length": 0.10923918891429564, "shape_Area": 0.00043891365068705131 }, "geometry": { "type": "Polygon", "coordinates": [ [ [ 144.989149302000101, -37.822807076999936 ], [ 145.015258952000067, -37.820106075999945 ], [ 145.028360052000039, -37.83120491699998 ], [ 144.996072482000045, -37.834216216999948 ], [ 144.989149302000101, -37.822807076999936 ] ] ] } },
{ "type": "Feature", "properties": { "objectid": 808, "sa2_code_2021": "206071518", "sa2_name_2021": "Richmond - North", "change_flag_2021": "1", "change_label_2021": "New", "sa3_code_2021": "20607", "sa3_name_2021": "Yarra", "sa4_code_2021": "206", "sa4_name_2021": "Melbourne - Inner", "gccsa_code_2021": "2GMEL", "gccsa_name_2021": "Greater Melbourne", "state_code_2021": "2", "state_name_2021": "Victoria", "aus_code_2021": "AUS", "aus_name_2021": "Australia", "area_albers_sqkm": 1.9233, "asgs_loci_uri_2021": "http://linked.data.gov.au/dataset/asgsed3/SA2/206071518", "shape_Length": 0.065802710870410036, "shape_Area": 0.00019683026827601707 }, "geometry": { "type": "Polygon", "coordinates": [ [ [ 144.990013262000048, -37.817554886999972 ], [ 145.015406822000045, -37.812144866999972 ], [ 145.015258952000067, -37.820106075999945 ], [ 144.990013262000048, -37.817554886999972 ] ] ] } },
{ "type": "Feature", "properties": { "objectid": 809, "sa2_code_2021": "207011146", "sa2_name_2021": "Ashburton (Vic.)", "change_flag_2021": "0", "change_label_2021": "No change", "sa3_code_2021": "20701", "sa3_name_2021": "Boroondara", "sa4_code_2021": "207", "sa4_name_2021": "Melbourne - Inner East", "gccsa_code_2021": "2GMEL", "gccsa_name_2021": "Greater Melbourne", "state_code_2021": "2", "state_name_2021": "Victoria", "aus_code_2021": "AUS", "aus_name_2021": "Australia", "area_albers_sqkm": 2.8366, "asgs_loci_uri_2021": "http://linked.data.gov.au/dataset/asgsed3/SA2/207011146", "shape_Length": 0.086623408285574244, "shape_Area": 0.00029043701584861842 }, "geometry": { "type": "Polygon", "coordinates": [ [ [ 145.0653166620001, -37.867508556999951 ], [ 145.076089712000112, -37.858099986999946 ], [ 145.093653662000065, -37.861375306999946 ], [ 145.074970882000116, -37.875932456999976 ], [ 145.0653166620001, -37.867508556999951 ] ] ] } },
{ "type": "Feature", "properties": { "objectid": 810, "sa2_code_2021": "207011147", "sa2_name_2021": "Balwyn", "change_flag_2021": "0", "change_label_2021": "No change", "sa3_code_2021": "20701", "sa3_name_2021": "Boroondara", "sa4_code_2021": "207", "sa4_name_2021": "Melbourne - Inner East", "gccsa_code_2021": "2GMEL", "gccsa_name_2021": "Greater Melbourne", "state_code_2021": "2", "state_name_2021": "Victoria", "aus_code_2021": "AUS", "aus_name_2021": "Australia", "area_albers_sqkm": 5.5851, "asgs_loci_uri_2021": "http://linked.data.gov.au/dataset/asgsed3/SA2/207011147", "shape_Length": 0.1225958104723784, "shape_Area": 0.00057147199699751682 }, "geometry": { "type": "Polygon", "coordinates": [ [ [ 145.086911162000092, -37.819106766999937 ], [ 145.062520103000111, -37.800792336999962 ], [ 145.104880332000107, -37.803172396999969 ], [ 145.086911162000092, -37.819106766999937 ] ] ] } },
{ "type": "Feature", "properties": { "objectid": 811, "sa2_code_2021": "207011148", "sa2_name_2021": "Balwyn North", "change_flag_2021": "0", "change_label_2021": "No change", "sa3_code_2021": "20701", "sa3_name_2021": "Boroondara", "sa4_code_2021": "207", "sa4_name_2021": "Melbourne - Inner East", "gccsa_code_2021": "2GMEL", "gccsa_name_2021": "Greater Melbourne", "state_code_2021": "2", "state_name_2021": "Victoria", "aus_code_2021": "AUS", "aus_name_2021": "Australia", "area_albers_sqkm": 8.8492, "asgs_loci_uri_2021": "http://linked.data.gov.au/dataset/asgsed3/SA2/207011148", "shape_Length": 0.14100285219740918, "shape_Area": 0.00090515791460763504 }, "geometry": { "type": "Polygon", "coordinates": [ [ [ 145.064360872000066, -37.791391436999959 ], [ 145.078322412000034, -37.776861176999944 ], [ 145.106682592000084, -37.793994896999948 ], [ 145.092344772000047, -37.804703846999985 ], [ 145.064360872000066, -37.791391436999959 ] ] ] } },
{ "type": "Feature", "properties": { "objectid": 812, "sa2_code_2021": "207011149", "sa2_name_2021": "Camberwell", "change_flag_2021": "0", "change_label_2021": "No change", "sa3_code_2021": "20701", "sa3_name_2021": "Boroondara", "sa4_code_2021": "207", "sa4_name_2021": "Melbourne - Inner East", "gccsa_code_2021": "2GMEL", "gccsa_name_2021": "Greater Melbourne", "state_code_2021": "2", "state_name_2021": "Victoria", "aus_code_2021": "AUS", "aus_name_2021": "Australia", "area_albers_sqkm": 7.2919, "asgs_loci_uri_2021": "http://linked.data.gov.au/dataset/asgsed3/SA2/207011149", "shape_Length": 0.13662524118997654, "shape_Area": 0.0007463105598353721 }, "geometry": { "type": "Polygon", "coordinates": [ [ [ 145.057618992000016, -37.826536996999948 ], [ 145.098207252000066, -37.835978076999936 ], [ 145.095611552000037, -37.850387206999983 ], [ 145.053977943000064, -37.845703636999929 ], [ 145.057618992000016, -37.826536996999948 ] ] ] } },
{ "type": "Feature", "properties": { "objectid": 813, "sa2_code_2021": "207011150", "sa2_name_2021": "Glen Iris - East", "change_flag_2021": "0", "change_label_2021": "No change", "sa3_code_2021": "20701", "sa3_name_2021": "Boroondara", "sa4_code_2021": "207", "sa4_name_2021": "Melbourne - Inner East", "gccsa_code_2021": "2GMEL", "gccsa_name_2021": "Greater Melbourne", "state_code_2021": "2", "state_name_2021": "Victoria", "aus_code_2021": "AUS", "aus_name_2021": "Australia", "area_albers_sqkm": 5.7049, "asgs_loci_uri_2021": "http://linked.data.gov.au/dataset/asgsed3/SA2/207011150", "shape_Length": 0.14458316773611088, "shape_Area": 0.00058408770426469176 }, "geometry": { "type": "Polygon", "coordinates": [ [ [ 145.064161982000087, -37.868051986999944 ], [ 145.044983172000116, -37.845431726999948 ], [ 145.095611552000037, -37.850387206999983 ], [ 145.064161982000087, -37.868051986999944 ] ] ] } },
{ "type": "Feature", "properties": { "objectid": 814, "sa2_code_2021": "207011152", "sa2_name_2021": "Hawthorn East", "change_flag_2021": "0", "change_label_2021": "No change", "sa3_code_2021": "20701", "sa3_name_2021": "Boroondara", "sa4_code_2021": "207", "sa4_name_2021": "Melbourne - Inner East", "gccsa_code_2021": "2GMEL", "gccsa_name_2021": "Greater Melbourne", "state_code_2021": "2", "state_name_2021": "Victoria", "aus_code_2021": "AUS", "aus_name_2021": "Australia", "area_albers_sqkm": 3.824, "asgs_loci_uri_2021": "http://linked.data.gov.au/dataset/asgsed3/SA2/207011152", "shape_Length": 0.089892161538310519, "shape_Area": 0.00039141499017774511 }, "geometry": { "type": "Polygon", "coordinates": [ [ [ 145.040262082000027, -37.845643756999948 ], [ 145.059356472000104, -37.817372386999978 ], [ 145.044458663000114, -37.848219106999977 ], [ 145.040262082000027, -37.845643756999948 ] ] ] } },
{ "type": "Feature", "properties": { "objectid": 815, "sa2_code_2021": "207011154", "sa2_name_2021": "Kew East", "change_flag_2021": "0", "change_label_2021": "No change", "sa3_code_2021": "20701", "sa3_name_2021": "Boroondara", "sa4_code_2021": "207", "sa4_name_2021": "Melbourne - Inner East", "gccsa_code_2021": "2GMEL", "gccsa_name_2021": "Greater Melbourne", "state_code_2021": "2", "state_name_2021": "Victoria", "aus_code_2021": "AUS", "aus_name_2021": "Australia", "area_albers_sqkm": 4.0154, "asgs_loci_uri_2021": "http://linked.data.gov.au/dataset/asgsed3/SA2/207011154", "shape_Length": 0.11483468438672188, "shape_Area": 0.00041074454249667057 }, "geometry": { "type": "Polygon", "coordinates": [ [ [ 145.039435102000084, -37.792194406999954 ], [ 145.045019232000072, -37.780037556999957 ], [ 145.065036742000075, -37.787505506999935 ], [ 145.062520103000111, -37.800792336999962 ], [ 145.039435102000084, -37.792194406999954 ] ] ] } },
{ "type": "Feature", "properties": { "objectid": 816, "sa2_code_2021": "207011155", "sa2_name_2021": "Surrey Hills (West) - Canterbury", "change_flag_2021": "0", "change_label_2021": "No change", "sa3_code_2021": "20701", "sa3_name_2021": "Boroondara", "sa4_code_2021": "207", "sa4_name_2021": "Melbourne - Inner East", "gccsa_code_2021": "2GMEL", "gccsa_name_2021": "Greater Melbourne", "state_code_2021": "2", "state_name_2021": "Victoria", "aus_code_2021": "AUS", "aus_name_2021": "Australia", "area_albers_sqkm": 5.7026, "asgs_loci_uri_2021": "http://linked.data.gov.au/dataset/asgsed3/SA2/207011155", "shape_Length": 0.13057940951151509, "shape_Area": 0.00058356389381428642 }, "geometry": { "type": "Polygon", "coordinates": [ [ [ 145.098207252000066, -37.835978076999936 ], [ 145.059639452000056, -37.815883376999977 ], [ 145.101652192000074, -37.815289476999965 ], [ 145.098207252000066, -37.835978076999936 ] ] ] } },
{ "type": "Feature", "properties": { "objectid": 817, "sa2_code_2021": "207011519", "sa2_name_2021": "Hawthorn - North", "change_flag_2021": "1", "change_label_2021": "New", "sa3_code_2021": "20701", "sa3_name_2021": "Boroondara", "sa4_code_2021": "207", "sa4_name_2021": "Melbourne - Inner East", "gccsa_code_2021": "2GMEL", "gccsa_name_2021": "Greater Melbourne", "state_code_2021": "2", "state_name_2021": "Victoria", "aus_code_2021": "AUS", "aus_name_2021": "Australia", "area_albers_sqkm": 2.4558, "asgs_loci_uri_2021": "http://linked.data.gov.au/dataset/asgsed3/SA2/207011519", "shape_Length": 0.082400796304124668, "shape_Area": 0.00025128856429548134 }, "geometry": { "type": "Polygon", "coordinates": [ [ [ 145.017244922000032, -37.825729746999968 ], [ 145.015406822000045, -37.812144866999972 ], [ 145.046296662000032, -37.815814616999944 ], [ 145.017244922000032, -37.825729746999968 ] ] ] } },
{ "type": "Feature", "properties": { "objectid": 818, "sa2_code_2021": "207011520", "sa2_name_2021": "Hawthorn - South", "change_flag_2021": "1", "change_label_2021": "New", "sa3_code_2021": "20701", "sa3_name_2021": "Boroondara", "sa4_code_2021": "207", "sa4_name_2021": "Melbourne - Inner East", "gccsa_code_2021": "2GMEL", "gccsa_name_2021": "Greater Melbourne", "state_code_2021": "2", "state_name_2021": "Victoria", "aus_code_2021": "AUS", "aus_name_2021": "Australia", "area_albers_sqkm": 3.2163, "asgs_loci_uri_2021": "http://linked.data.gov.au/dataset/asgsed3/SA2/207011520", "shape_Length": 0.094754361252590388, "shape_Area": 0.00032914667296917631 }, "geometry": { "type": "Polygon", "coordinates": [ [ [ 145.02022416300008, -37.823974906999979 ], [ 145.045015512000077, -37.822585405999973 ], [ 145.040860092000116, -37.844888026999968 ], [ 145.024760022, -37.834677996999972 ], [ 145.02022416300008, -37.823974906999979 ] ] ] } },
{ "type": "Feature", "properties": { "objectid": 819, "sa2_code_2021": "207011521", "sa2_name_2021": "Kew - South", "change_flag_2021": "1", "change_label_2021": "New", "sa3_code_2021": "20701", "sa3_name_2021": "Boroondara", "sa4_code_2021": "207", "sa4_name_2021": "Melbourne - Inner East", "gccsa_code_2021": "2GMEL", "gccsa_name_2021": "Greater Melbourne", "state_code_2021": "2", "state_name_2021": "Victoria", "aus_code_2021": "AUS", "aus_name_2021": "Australia", "area_albers_sqkm": 4.3235, "asgs_loci_uri_2021": "http://linked.data.gov.au/dataset/asgsed3/SA2/207011521", "shape_Length": 0.095984680602093753, "shape_Area": 0.00044232109045054736 }, "geometry": { "type": "Polygon", "coordinates": [ [ [ 145.02351263200012, -37.813132006999979 ], [ 145.050628332000088, -37.799328156999934 ], [ 145.062520103000111, -37.800792336999962 ], [ 145.059356472000104, -37.817372386999978 ], [ 145.02351263200012, -37.813132006999979 ] ] ] } },
{ "type": "Feature", "properties": { "objectid": 820, "sa2_code_2021": "207011522", "sa2_name_2021": "Kew - West", "change_flag_2021": "1", "change_label_2021": "New", "sa3_code_2021": "20701", "sa3_name_2021": "Boroondara", "sa4_code_2021": "207", "sa4_name_2021": "Melbourne - Inner East", "gccsa_code_2021": "2GMEL", "gccsa_name_2021": "Greater Melbourne", "state_code_2021": "2", "state_name_2021": "Victoria", "aus_code_2021": "AUS", "aus_name_2021": "Australia", "area_albers_sqkm": 6.2106, "asgs_loci_uri_2021": "http://linked.data.gov.au/dataset/asgsed3/SA2/207011522", "shape_Length": 0.20374294053510997, "shape_Area": 0.00063528498013522717 }, "geometry": { "type": "Polygon", "coordinates": [ [ [ 145.020452692000049, -37.798128006999946 ], [ 145.013177622000057, -37.78566064599994 ], [ 145.050628332000088, -37.799328156999934 ], [ 145.02351263200012, -37.813132006999979 ], [ 144.999370982000073, -37.805656136999971 ], [ 145.020452692000049, -37.798128006999946 ] ] ] } },
{ "type": "Feature", "properties": { "objectid": 821, "sa2_code_2021": "207021156", "sa2_name_2021": "Bulleen", "change_flag_2021": "0", "change_label_2021": "No change", "sa3_code_2021": "20702", "sa3_name_2021": "Manningham - West", "sa4_code_2021": "207", "sa4_name_2021": "Melbourne - Inner East", "gccsa_code_2021": "2GMEL", "gccsa_name_2021": "Greater Melbourne", "state_code_2021": "2", "state_name_2021": "Victoria", "aus_code_2021": "AUS", "aus_name_2021": "Australia", "area_albers_sqkm": 6.6711, "asgs_loci_uri_2021": "http://linked.data.gov.au/dataset/asgsed3/SA2/207021156", "shape_Length": 0.17262893641480423, "shape_Area": 0.00068216893028032253 }, "geometry": { "type": "Polygon", "coordinates": [ [ [ 145.067112572000042, -37.780935476999957 ], [ 145.093709902000114, -37.753083186999959 ], [ 145.103206692000072, -37.782161636999945 ], [ 145.067112572000042, -37.780935476999957 ] ] ] } },
{ "type": "Feature", "properties": { "objectid": 822, "sa2_code_2021": "207021157", "sa2_name_2021": "Doncaster", "change_flag_2021": "0", "change_label_2021": "No change", "sa3_code_2021": "20702", "sa3_name_2021": "Manningham - West", "sa4_code_2021": "207", "sa4_name_2021": "Melbourne - Inner East", "gccsa_code_2021": "2GMEL", "gccsa_name_2021": "Greater Melbourne", "state_code_2021": "2", "state_name_2021": "Victoria", "aus_code_2021": "AUS", "aus_name_2021": "Australia", "area_albers_sqkm": 8.7738, "asgs_loci_uri_2021": "http://linked.data.gov.au/dataset/asgsed3/SA2/207021157", "shape_Length": 0.15081063726018068, "shape_Area": 0.00089743568633016948 }, "geometry": { "type": "Polygon", "coordinates": [ [ [ 145.104350052000086, -37.774936166999964 ], [ 145.132530102000032, -37.767084876999945 ], [ 145.142224682000119, -37.797089856999946 ], [ 145.109690552000075, -37.794789866999963 ], [ 145.104350052000086, -37.774936166999964 ] ] ] } },
{ "type": "Feature", "properties": { "objectid": 823, "sa2_code_2021": "207021159", "sa2_name_2021": "Templestowe", "change_flag_2021": "0", "change_label_2021": "No change", "sa3_code_2021": "20702", "sa3_name_2021": "Manningham - West", "sa4_code_2021": "207", "sa4_name_2021": "Melbourne - Inner East", "gccsa_code_2021": "2GMEL", "gccsa_name_2021": "Greater Melbourne", "state_code_2021": "2", "state_name_2021": "Victoria", "aus_code_2021": "AUS", "aus_name_2021": "Australia", "area_albers_sqkm": 16.1176, "asgs_loci_uri_2021": "http://linked.data.gov.au/dataset/asgsed3/SA2/207021159", "shape_Length": 0.21635931271044123, "shape_Area": 0.0016477843881609606 }, "geometry": { "type": "Polygon", "coordinates": [ [ [ 145.139562002000048, -37.776797006999971 ], [ 145.122969732000115, -37.740419046999932 ], [ 145.176675752000051, -37.735375186999931 ], [ 145.164442712000096, -37.775234066999928 ], [ 145.139562002000048, -37.776797006999971 ] ] ] } },
{ "type": "Feature", "properties": { "objectid": 824, "sa2_code_2021": "207021160", "sa2_name_2021": "Templestowe Lower", "change_flag_2021": "0", "change_label_2021": "No change", "sa3_code_2021": "20702", "sa3_name_2021": "Manningham - West", "sa4_code_2021": "207", "sa4_name_2021": "Melbourne - Inner East", "gccsa_code_2021": "2GMEL", "gccsa_name_2021": "Greater Melbourne", "state_code_2021": "2", "state_name_2021": "Victoria", "aus_code_2021": "AUS", "aus_name_2021": "Australia", "area_albers_sqkm": 5.9386, "asgs_loci_uri_2021": "http://linked.data.gov.au/dataset/asgsed3/SA2/207021160", "shape_Length": 0.12828484860202227, "shape_Area": 0.00060718497564099581 }, "geometry": { "type": "Polygon", "coordinates": [ [ [ 145.123225552000122, -37.779596186999981 ], [ 145.095950822000077, -37.749152566999953 ], [ 145.12114294200012, -37.75231012699993 ], [ 145.131461742000056, -37.767266786999983 ], [ 145.123225552000122, -37.779596186999981 ] ] ] } },
{ "type": "Feature", "properties": { "objectid": 825, "sa2_code_2021": "207021424", "sa2_name_2021": "Doncaster East - North", "change_flag_2021": "3", "change_label_2021": "Name change", "sa3_code_2021": "20702", "sa3_name_2021": "Manningham - West", "sa4_code_2021": "207", "sa4_name_2021": "Melbourne - Inner East", "gccsa_code_2021": "2GMEL", "gccsa_name_2021": "Greater Melbourne", "state_code_2021": "2", "state_name_2021": "Victoria", "aus_code_2021": "AUS", "aus_name_2021": "Australia", "area_albers_sqkm": 6.403, "asgs_loci_uri_2021": "http://linked.data.gov.au/dataset/asgsed3/SA2/207021424", "shape_Length": 0.16509143746184424, "shape_Area": 0.00065478882869121765 }, "geometry": { "type": "Polygon", "coordinates": [ [ [ 145.144801112000096, -37.780352536999942 ], [ 145.169907852000051, -37.746005756999978 ], [ 145.180813612000065, -37.75191439699995 ], [ 145.174281462000067, -37.786439966999978 ], [ 145.144801112000096, -37.780352536999942 ] ] ] } },
{ "type": "Feature", "properties": { "objectid": 826, "sa2_code_2021": "207021425", "sa2_name_2021": "Doncaster East - South", "change_flag_2021": "3", "change_label_2021": "Name change", "sa3_code_2021": "20702", "sa3_name_2021": "Manningham - West", "sa4_code_2021": "207", "sa4_name_2021": "Melbourne - Inner East", "gccsa_code_2021": "2GMEL", "gccsa_name_2021": "Greater Melbourne", "state_code_2021": "2", "state_name_2021": "Victoria", "aus_code_2021": "AUS", "aus_name_2021": "Australia", "area_albers_sqkm": 4.7684, "asgs_loci_uri_2021": "http://linked.data.gov.au/dataset/asgsed3/SA2/207021425", "shape_Length": 0.10243366237084674, "shape_Area": 0.00048778365623491422 }, "geometry": { "type": "Polygon", "coordinates": [ [ [ 145.166674352000086, -37.802488236999977 ], [ 145.144801112000096, -37.780352536999942 ], [ 145.172963162000087, -37.79034928699997 ], [ 145.166674352000086, -37.802488236999977 ] ] ] } },
{ "type": "Feature", "properties": { "objectid": 827, "sa2_code_2021": "207031161", "sa2_name_2021": "Blackburn", "change_flag_2021": "0", "change_label_2021": "No change", "sa3_code_2021": "20703", "sa3_name_2021": "Whitehorse - West", "sa4_code_2021": "207", "sa4_name_2021": "Melbourne - Inner East", "gccsa_code_2021": "2GMEL", "gccsa_name_2021": "Greater Melbourne", "state_code_2021": "2", "state_name_2021": "Victoria", "aus_code_2021": "AUS", "aus_name_2021": "Australia", "area_albers_sqkm": 8.6076, "asgs_loci_uri_2021": "http://linked.data.gov.au/dataset/asgsed3/SA2/207031161", "shape_Length": 0.14145141203680256, "shape_Area": 0.000880710062453316 }, "geometry": { "type": "Polygon", "coordinates": [ [ [ 145.141493292000064, -37.804020366999964 ], [ 145.169575522000059, -37.802965496999946 ], [ 145.165350602000103, -37.833951056999979 ], [ 145.136298612000019, -37.830407616999935 ], [ 145.141493292000064, -37.804020366999964 ] ] ] } },
{ "type": "Feature", "properties": { "objectid": 828, "sa2_code_2021": "207031162", "sa2_name_2021": "Blackburn South", "change_flag_2021": "0", "change_label_2021": "No change", "sa3_code_2021": "20703", "sa3_name_2021": "Whitehorse - West", "sa4_code_2021": "207", "sa4_name_2021": "Melbourne - Inner East", "gccsa_code_2021": "2GMEL", "gccsa_name_2021": "Greater Melbourne", "state_code_2021": "2", "state_name_2021": "Victoria", "aus_code_2021": "AUS", "aus_name_2021": "Australia", "area_albers_sqkm": 3.5966, "asgs_loci_uri_2021": "http://linked.data.gov.au/dataset/asgsed3/SA2/207031162", "shape_Length": 0.086202418575383938, "shape_Area": 0.000368136212756668 }, "geometry": { "type": "Polygon", "coordinates": [ [ [ 145.152876622000122, -37.848111026999959 ], [ 145.136298612000019, -37.830407616999935 ], [ 145.160070112000085, -37.833290106999982 ], [ 145.152876622000122, -37.848111026999959 ] ] ] } },
{ "type": "Feature", "properties": { "objectid": 829, "sa2_code_2021": "207031163", "sa2_name_2021": "Box Hill", "change_flag_2021": "0", "change_label_2021": "No change", "sa3_code_2021": "20703", "sa3_name_2021": "Whitehorse - West", "sa4_code_2021": "207", "sa4_name_2021": "Melbourne - Inner East", "gccsa_code_2021": "2GMEL", "gccsa_name_2021": "Greater Melbourne", "state_code_2021": "2", "state_name_2021": "Victoria", "aus_code_2021": "AUS", "aus_name_2021": "Australia", "area_albers_sqkm": 7.0123, "asgs_loci_uri_2021": "http://linked.data.gov.au/dataset/asgsed3/SA2/207031163", "shape_Length": 0.11485319314655057, "shape_Area": 0.00071764269458896826 }, "geometry": { "type": "Polygon", "coordinates": [ [ [ 145.115029812000103, -37.81689397699995 ], [ 145.139452402000074, -37.815424426999982 ], [ 145.133483402000024, -37.845838335999929 ], [ 145.1101669520001, -37.843082006999964 ], [ 145.115029812000103, -37.81689397699995 ] ] ] } },
{ "type": "Feature", "properties": { "objectid": 830, "sa2_code_2021": "207031164", "sa2_name_2021": "Box Hill North", "change_flag_2021": "0", "change_label_2021": "No change", "sa3_code_2021": "20703", "sa3_name_2021": "Whitehorse - West", "sa4_code_2021": "207", "sa4_name_2021": "Melbourne - Inner East", "gccsa_code_2021": "2GMEL", "gccsa_name_2021": "Greater Melbourne", "state_code_2021": "2", "state_name_2021": "Victoria", "aus_code_2021": "AUS", "aus_name_2021": "Australia", "area_albers_sqkm": 6.2087, "asgs_loci_uri_2021": "http://linked.data.gov.au/dataset/asgsed3/SA2/207031164", "shape_Length": 0.12668105890472786, "shape_Area": 0.00063515475140022803 }, "geometry": { "type": "Polygon", "coordinates": [ [ [ 145.104880332000107, -37.803172396999969 ], [ 145.106720292000091, -37.792159106999975 ], [ 145.142224682000119, -37.797089856999946 ], [ 145.139452402000074, -37.815424426999982 ], [ 145.104880332000107, -37.803172396999969 ] ] ] } },
{ "type": "Feature", "properties": { "objectid": 831, "sa2_code_2021": "207031165", "sa2_name_2021": "Burwood (Vic.)", "change_flag_2021": "3", "change_label_2021": "Name change", "sa3_code_2021": "20703", "sa3_name_2021": "Whitehorse - West", "sa4_code_2021": "207", "sa4_name_2021": "Melbourne - Inner East", "gccsa_code_2021": "2GMEL", "gccsa_name_2021": "Greater Melbourne", "state_code_2021": "2", "state_name_2021": "Victoria", "aus_code_2021": "AUS", "aus_name_2021": "Australia", "area_albers_sqkm": 5.0392, "asgs_loci_uri_2021": "http://linked.data.gov.au/dataset/asgsed3/SA2/207031165", "shape_Length": 0.11353418799098547, "shape_Area": 0.00051583870724428464 }, "geometry": { "type": "Polygon", "coordinates": [ [ [ 145.095110992000059, -37.853349556999945 ], [ 145.133483402000024, -37.845838335999929 ], [ 145.131435722000106, -37.857562736999967 ], [ 145.095110992000059, -37.853349556999945 ] ] ] } },
{ "type": "Feature", "properties": { "objectid": 832, "sa2_code_2021": "207031166", "sa2_name_2021": "Burwood East", "change_flag_2021": "0", "change_label_2021": "No change", "sa3_code_2021": "20703", "sa3_name_2021": "Whitehorse - West", "sa4_code_2021": "207", "sa4_name_2021": "Melbourne - Inner East", "gccsa_code_2021": "2GMEL", "gccsa_name_2021": "Greater Melbourne", "state_code_2021": "2", "state_name_2021": "Victoria", "aus_code_2021": "AUS", "aus_name_2021": "Australia", "area_albers_sqkm": 4.2629, "asgs_loci_uri_2021": "http://linked.data.gov.au/dataset/asgsed3/SA2/207031166", "shape_Length": 0.10378132843450172, "shape_Area": 0.00043634953717207998 }, "geometry": { "type": "Polygon", "coordinates": [ [ [ 145.131435722000106, -37.857562736999967 ], [ 145.164375072000098, -37.846805116999974 ], [ 145.16922705200011, -37.862015346999954 ], [ 145.131435722000106, -37.857562736999967 ] ] ] } },
{ "type": "Feature", "properties": { "objectid": 833, "sa2_code_2021": "207031167", "sa2_name_2021": "Surrey Hills (East) - Mont Albert", "change_flag_2021": "0", "change_label_2021": "No change", "sa3_code_2021": "20703", "sa3_name_2021": "Whitehorse - West", "sa4_code_2021": "207", "sa4_name_2021": "Melbourne - Inner East", "gccsa_code_2021": "2GMEL", "gccsa_name_2021": "Greater Melbourne", "state_code_2021": "2", "state_name_2021": "Victoria", "aus_code_2021": "AUS", "aus_name_2021": "Australia", "area_albers_sqkm": 3.3279, "asgs_loci_uri_2021": "http://linked.data.gov.au/dataset/asgsed3/SA2/207031167", "shape_Length": 0.079499382371916852, "shape_Area": 0.00034055964404709825 }, "geometry": { "type": "Polygon", "coordinates": [ [ [ 145.111382652000088, -37.837506766999979 ], [ 145.103065072000049, -37.810776916999941 ], [ 145.115801272000112, -37.812619536999932 ], [ 145.111382652000088, -37.837506766999979 ] ] ] } },
{ "type": "Feature", "properties": { "objectid": 834, "sa2_code_2021": "208011168", "sa2_name_2021": "Beaumaris", "change_flag_2021": "0", "change_label_2021": "No change", "sa3_code_2021": "20801", "sa3_name_2021": "Bayside", "sa4_code_2021": "208", "sa4_name_2021": "Melbourne - Inner South", "gccsa_code_2021": "2GMEL", "gccsa_name_2021": "Greater Melbourne", "state_code_2021": "2", "state_name_2021": "Victoria", "aus_code_2021": "AUS", "aus_name_2021": "Australia", "area_albers_sqkm": 5.9678, "asgs_loci_uri_2021": "http://linked.data.gov.au/dataset/asgsed3/SA2/208011168", "shape_Length": 0.11120526135526085, "shape_Area": 0.00061200197495873488 }, "geometry": { "type": "Polygon", "coordinates": [ [ [ 145.038297502000091, -37.996415756999966 ], [ 145.022819023000011, -37.967535866999981 ], [ 145.054355053000108, -37.972463236999943 ], [ 145.038297502000091, -37.996415756999966 ] ] ] } },
{ "type": "Feature", "properties": { "objectid": 835, "sa2_code_2021": "208011169", "sa2_name_2021": "Brighton (Vic.)", "change_flag_2021": "0", "change_label_2021": "No change", "sa3_code_2021": "20801", "sa3_name_2021": "Bayside", "sa4_code_2021": "208", "sa4_name_2021": "Melbourne - Inner South", "gccsa_code_2021": "2GMEL", "gccsa_name_2021": "Greater Melbourne", "state_code_2021": "2", "state_name_2021": "Victoria", "aus_code_2021": "AUS", "aus_name_2021": "Australia", "area_albers_sqkm": 8.2004, "asgs_loci_uri_2021": "http://linked.data.gov.au/dataset/asgsed3/SA2/208011169", "shape_Length": 0.13427649595220853, "shape_Area": 0.00084012128084420855 }, "geometry": { "type": "Polygon", "coordinates": [ [ [ 144.985526052000068, -37.926237805999961 ], [ 144.99700921200008, -37.883814116999929 ], [ 145.004046702000096, -37.929318556999931 ], [ 144.985526052000068, -37.926237805999961 ] ] ] } },
{ "type": "Feature", "properties": { "objectid": 836, "sa2_code_2021": "208011170", "sa2_name_2021": "Brighton East", "change_flag_2021": "0", "change_label_2021": "No change", "sa3_code_2021": "20801", "sa3_name_2021": "Bayside", "sa4_code_2021": "208", "sa4_name_2021": "Melbourne - Inner South", "gccsa_code_2021": "2GMEL", "gccsa_name_2021": "Greater Melbourne", "state_code_2021": "2", "state_name_2021": "Victoria", "aus_code_2021": "AUS", "aus_name_2021": "Australia", "area_albers_sqkm": 5.6083, "asgs_loci_uri_2021": "http://linked.data.gov.au/dataset/asgsed3/SA2/208011170", "shape_Length": 0.11681770288948451, "shape_Area": 0.00057457702869699112 }, "geometry": { "type": "Polygon", "coordinates": [ [ [ 145.004046702000096, -37.929318556999931 ], [ 145.006321272000037, -37.899820286999955 ], [ 145.025987772000121, -37.902165286999946 ], [ 145.034373462000076, -37.933006196999941 ], [ 145.004046702000096, -37.929318556999931 ] ] ] } },
{ "type": "Feature", "properties": { "objectid": 837, "sa2_code_2021": "208011171", "sa2_name_2021": "Highett (West) - Cheltenham", "change_flag_2021": "3", "change_label_2021": "Name change", "sa3_code_2021": "20801", "sa3_name_2021": "Bayside", "sa4_code_2021": "208", "sa4_name_2021": "Melbourne - Inner South", "gccsa_code_2021": "2GMEL", "gccsa_name_2021": "Greater Melbourne", "state_code_2021": "2", "state_name_2021": "Victoria", "aus_code_2021": "AUS", "aus_name_2021": "Australia", "area_albers_sqkm": 5.3198, "asgs_loci_uri_2021": "http://linked.data.gov.au/dataset/asgsed3/SA2/208011171", "shape_Length": 0.11194963085451215, "shape_Area": 0.00054533549294268156 }, "geometry": { "type": "Polygon", "coordinates": [ [ [ 145.021713102000035, -37.948772616999975 ], [ 145.039304173000119, -37.944738985999948 ], [ 145.054355053000108, -37.972463236999943 ], [ 145.036028152000085, -37.970211416999973 ], [ 145.021713102000035, -37.948772616999975 ] ] ] } },
{ "type": "Feature", "properties": { "objectid": 838, "sa2_code_2021": "208011172", "sa2_name_2021": "Hampton", "change_flag_2021": "0", "change_label_2021": "No change", "sa3_code_2021": "20801", "sa3_name_2021": "Bayside", "sa4_code_2021": "208", "sa4_name_2021": "Melbourne - Inner South", "gccsa_code_2021": "2GMEL", "gccsa_name_2021": "Greater Melbourne", "state_code_2021": "2", "state_name_2021": "Victoria", "aus_code_2021": "AUS", "aus_name_2021": "Australia", "area_albers_sqkm": 5.6847, "asgs_loci_uri_2021": "http://linked.data.gov.au/dataset/asgsed3/SA2/208011172", "shape_Length": 0.1318470152345757, "shape_Area": 0.00058263325460693031 }, "geometry": { "type": "Polygon", "coordinates": [ [ [ 144.99486425200007, -37.945043796999983 ], [ 145.034373462000076, -37.933006196999941 ], [ 145.039304173000119, -37.944738985999948 ], [ 144.99486425200007, -37.945043796999983 ] ] ] } },
{ "type": "Feature", "properties": { "objectid": 839, "sa2_code_2021": "208011173", "sa2_name_2021": "Sandringham - Black Rock", "change_flag_2021": "0", "change_label_2021": "No change", "sa3_code_2021": "20801", "sa3_name_2021": "Bayside", "sa4_code_2021": "208", "sa4_name_2021": "Melbourne - Inner South", "gccsa_code_2021": "2GMEL", "gccsa_name_2021": "Greater Melbourne", "state_code_2021": "2", "state_name_2021": "Victoria", "aus_code_2021": "AUS", "aus_name_2021": "Australia", "area_albers_sqkm": 6.4301, "asgs_loci_uri_2021": "http://linked.data.gov.au/dataset/asgsed3/SA2/208011173", "shape_Length": 0.16212192454987248, "shape_Area": 0.00065918687049527111 }, "geometry": { "type": "Polygon", "coordinates": [ [ [ 145.023739552000052, -37.985736895999935 ], [ 144.99486425200007, -37.945043796999983 ], [ 145.022185782000065, -37.946402986999942 ], [ 145.037161802000014, -37.964249806999931 ], [ 145.022819023000011, -37.967535866999981 ], [ 145.023739552000052, -37.985736895999935 ] ] ] } },
{ "type": "Feature", "properties": { "objectid": 840, "sa2_code_2021": "208021174", "sa2_name_2021": "Bentleigh - McKinnon", "change_flag_2021": "0", "change_label_2021": "No change", "sa3_code_2021": "20802", "sa3_name_2021": "Glen Eira", "sa4_code_2021": "208", "sa4_name_2021": "Melbourne - Inner South", "gccsa_code_2021": "2GMEL", "gccsa_name_2021": "Greater Melbourne", "state_code_2021": "2", "state_name_2021": "Victoria", "aus_code_2021": "AUS", "aus_name_2021": "Australia", "area_albers_sqkm": 6.2242, "asgs_loci_uri_2021": "http://linked.data.gov.au/dataset/asgsed3/SA2/208021174", "shape_Length": 0.10031931578120099, "shape_Area": 0.00063779920924996391 }, "geometry": { "type": "Polygon", "coordinates": [ [ [ 145.052596082000036, -37.910420446999979 ], [ 145.048316532000058, -37.934691116999943 ], [ 145.02245796200009, -37.920611976999965 ], [ 145.025269232000028, -37.906114316999947 ], [ 145.052596082000036, -37.910420446999979 ] ] ] } },
{ "type": "Feature", "properties": { "objectid": 841, "sa2_code_2021": "208021176", "sa2_name_2021": "Carnegie", "change_flag_2021": "0", "change_label_2021": "No change", "sa3_code_2021": "20802", "sa3_name_2021": "Glen Eira", "sa4_code_2021": "208", "sa4_name_2021": "Melbourne - Inner South", "gccsa_code_2021": "2GMEL", "gccsa_name_2021": "Greater Melbourne", "state_code_2021": "2", "state_name_2021": "Victoria", "aus_code_2021": "AUS", "aus_name_2021": "Australia", "area_albers_sqkm": 3.8045, "asgs_loci_uri_2021": "http://linked.data.gov.au/dataset/asgsed3/SA2/208021176", "shape_Length": 0.086139610918985393, "shape_Area": 0.00038970191440741101 }, "geometry": { "type": "Polygon", "coordinates": [ [ [ 145.060351712000056, -37.90649981699994 ], [ 145.049635352000109, -37.881025816999966 ], [ 145.067460162000089, -37.884645696999939 ], [ 145.060351712000056, -37.90649981699994 ] ] ] } },
{ "type": "Feature", "properties": { "objectid": 842, "sa2_code_2021": "208021177", "sa2_name_2021": "Caulfield - North", "change_flag_2021": "0", "change_label_2021": "No change", "sa3_code_2021": "20802", "sa3_name_2021": "Glen Eira", "sa4_code_2021": "208", "sa4_name_2021": "Melbourne - Inner South", "gccsa_code_2021": "2GMEL", "gccsa_name_2021": "Greater Melbourne", "state_code_2021": "2", "state_name_2021": "Victoria", "aus_code_2021": "AUS", "aus_name_2021": "Australia", "area_albers_sqkm": 6.4189, "asgs_loci_uri_2021": "http://linked.data.gov.au/dataset/asgsed3/SA2/208021177", "shape_Length": 0.13134794264405936, "shape_Area": 0.00065733025348596987 }, "geometry": { "type": "Polygon", "coordinates": [ [ [ 145.010425012000042, -37.860775996999962 ], [ 145.045967282000106, -37.876519826999981 ], [ 145.046129052000083, -37.887272996999968 ], [ 144.998004092000087, -37.876916416999961 ], [ 145.010425012000042, -37.860775996999962 ] ] ] } },
{ "type": "Feature", "properties": { "objectid": 843, "sa2_code_2021": "208021178", "sa2_name_2021": "Caulfield - South", "change_flag_2021": "0", "change_label_2021": "No change", "sa3_code_2021": "20802", "sa3_name_2021": "Glen Eira", "sa4_code_2021": "208", "sa4_name_2021": "Melbourne - Inner South", "gccsa_code_2021": "2GMEL", "gccsa_name_2021": "Greater Melbourne", "state_code_2021": "2", "state_name_2021": "Victoria", "aus_code_2021": "AUS", "aus_name_2021": "Australia", "area_albers_sqkm": 4.7426, "asgs_loci_uri_2021": "http://linked.data.gov.au/dataset/asgsed3/SA2/208021178", "shape_Length": 0.086409909856140249, "shape_Area": 0.00048572732981412391 }, "geometry": { "type": "Polygon", "coordinates": [ [ [ 145.012215182000091, -37.900524186999974 ], [ 145.034603012000048, -37.88139298699997 ], [ 145.034886062000055, -37.903289086999962 ], [ 145.012215182000091, -37.900524186999974 ] ] ] } },
{ "type": "Feature", "properties": { "objectid": 844, "sa2_code_2021": "208021179", "sa2_name_2021": "Elsternwick", "change_flag_2021": "0", "change_label_2021": "No change", "sa3_code_2021": "20802", "sa3_name_2021": "Glen Eira", "sa4_code_2021": "208", "sa4_name_2021": "Melbourne - Inner South", "gccsa_code_2021": "2GMEL", "gccsa_name_2021": "Greater Melbourne", "state_code_2021": "2", "state_name_2021": "Victoria", "aus_code_2021": "AUS", "aus_name_2021": "Australia", "area_albers_sqkm": 2.8616, "asgs_loci_uri_2021": "http://linked.data.gov.au/dataset/asgsed3/SA2/208021179", "shape_Length": 0.071956666408730344, "shape_Area": 0.00029309634095370213 }, "geometry": { "type": "Polygon", "coordinates": [ [ [ 144.997071332000019, -37.881792716999939 ], [ 145.016310592000082, -37.87915563699994 ], [ 145.012215182000091, -37.900524186999974 ], [ 145.006321272000037, -37.899820286999955 ], [ 144.997071332000019, -37.881792716999939 ] ] ] } },
{ "type": "Feature", "properties": { "objectid": 845, "sa2_code_2021": "208021180", "sa2_name_2021": "Hughesdale", "change_flag_2021": "0", "change_label_2021": "No change", "sa3_code_2021": "20802", "sa3_name_2021": "Glen Eira", "sa4_code_2021": "208", "sa4_name_2021": "Melbourne - Inner South", "gccsa_code_2021": "2GMEL", "gccsa_name_2021": "Greater Melbourne", "state_code_2021": "2", "state_name_2021": "Victoria", "aus_code_2021": "AUS", "aus_name_2021": "Australia", "area_albers_sqkm": 2.0095, "asgs_loci_uri_2021": "http://linked.data.gov.au/dataset/asgsed3/SA2/208021180", "shape_Length": 0.061465110312828697, "shape_Area": 0.00020586361064614555 }, "geometry": { "type": "Polygon", "coordinates": [ [ [ 145.074166672000047, -37.908139896999955 ], [ 145.088226112000029, -37.892976426999951 ], [ 145.085234642000046, -37.909506775999944 ], [ 145.074166672000047, -37.908139896999955 ] ] ] } },
{ "type": "Feature", "properties": { "objectid": 846, "sa2_code_2021": "208021181", "sa2_name_2021": "Murrumbeena", "change_flag_2021": "0", "change_label_2021": "No change", "sa3_code_2021": "20802", "sa3_name_2021": "Glen Eira", "sa4_code_2021": "208", "sa4_name_2021": "Melbourne - Inner South", "gccsa_code_2021": "2GMEL", "gccsa_name_2021": "Greater Melbourne", "state_code_2021": "2", "state_name_2021": "Victoria", "aus_code_2021": "AUS", "aus_name_2021": "Australia", "area_albers_sqkm": 2.5148, "asgs_loci_uri_2021": "http://linked.data.gov.au/dataset/asgsed3/SA2/208021181", "shape_Length": 0.072201295454841413, "shape_Area": 0.00025759410606344827 }, "geometry": { "type": "Polygon", "coordinates": [ [ [ 145.067460162000089, -37.884645696999939 ], [ 145.074166672000047, -37.908139896999955 ], [ 145.060351712000056, -37.90649981699994 ], [ 145.067460162000089, -37.884645696999939 ] ] ] } },
{ "type": "Feature", "properties": { "objectid": 847, "sa2_code_2021": "208021182", "sa2_name_2021": "Ormond - Glen Huntly", "change_flag_2021": "0", "change_label_2021": "No change", "sa3_code_2021": "20802", "sa3_name_2021": "Glen Eira", "sa4_code_2021": "208", "sa4_name_2021": "Melbourne - Inner South", "gccsa_code_2021": "2GMEL", "gccsa_name_2021": "Greater Melbourne", "state_code_2021": "2", "state_name_2021": "Victoria", "aus_code_2021": "AUS", "aus_name_2021": "Australia", "area_albers_sqkm": 2.9371, "asgs_loci_uri_2021": "http://linked.data.gov.au/dataset/asgsed3/SA2/208021182", "shape_Length": 0.099713016208160393, "shape_Area": 0.00030084945742315117 }, "geometry": { "type": "Polygon", "coordinates": [ [ [ 145.025269232000028, -37.906114316999947 ], [ 145.046129052000083, -37.887272996999968 ], [ 145.052736832000051, -37.909629096999936 ], [ 145.025269232000028, -37.906114316999947 ] ] ] } },
{ "type": "Feature", "properties": { "objectid": 848, "sa2_code_2021": "208021426", "sa2_name_2021": "Bentleigh East - North", "change_flag_2021": "3", "change_label_2021": "Name change", "sa3_code_2021": "20802", "sa3_name_2021": "Glen Eira", "sa4_code_2021": "208", "sa4_name_2021": "Melbourne - Inner South", "gccsa_code_2021": "2GMEL", "gccsa_name_2021": "Greater Melbourne", "state_code_2021": "2", "state_name_2021": "Victoria", "aus_code_2021": "AUS", "aus_name_2021": "Australia", "area_albers_sqkm": 4.5989, "asgs_loci_uri_2021": "http://linked.data.gov.au/dataset/asgsed3/SA2/208021426", "shape_Length": 0.093231591748559939, "shape_Area": 0.00047120567733616961 }, "geometry": { "type": "Polygon", "coordinates": [ [ [ 145.082475972000111, -37.923997936999967 ], [ 145.053445732000114, -37.905646046999948 ], [ 145.085234642000046, -37.909506775999944 ], [ 145.082475972000111, -37.923997936999967 ] ] ] } },
{ "type": "Feature", "properties": { "objectid": 849, "sa2_code_2021": "208021427", "sa2_name_2021": "Bentleigh East - South", "change_flag_2021": "3", "change_label_2021": "Name change", "sa3_code_2021": "20802", "sa3_name_2021": "Glen Eira", "sa4_code_2021": "208", "sa4_name_2021": "Melbourne - Inner South", "gccsa_code_2021": "2GMEL", "gccsa_name_2021": "Greater Melbourne", "state_code_2021": "2", "state_name_2021": "Victoria", "aus_code_2021": "AUS", "aus_name_2021": "Australia", "area_albers_sqkm": 4.5882, "asgs_loci_uri_2021": "http://linked.data.gov.au/dataset/asgsed3/SA2/208021427", "shape_Length": 0.093220119240524674, "shape_Area": 0.00047016562525235156 }, "geometry": { "type": "Polygon", "coordinates": [ [ [ 145.048316532000058, -37.934691116999943 ], [ 145.082475972000111, -37.923997936999967 ], [ 145.079533262000041, -37.938752015999967 ], [ 145.048316532000058, -37.934691116999943 ] ] ] } },
{ "type": "Feature", "properties": { "objectid": 850, "sa2_code_2021": "208031183", "sa2_name_2021": "Aspendale Gardens - Waterways", "change_flag_2021": "0", "change_label_2021": "No change", "sa3_code_2021": "20803", "sa3_name_2021": "Kingston", "sa4_code_2021": "208", "sa4_name_2021": "Melbourne - Inner South", "gccsa_code_2021": "2GMEL", "gccsa_name_2021": "Greater Melbourne", "state_code_2021": "2", "state_name_2021": "Victoria", "aus_code_2021": "AUS", "aus_name_2021": "Australia", "area_albers_sqkm": 5.3073, "asgs_loci_uri_2021": "http://linked.data.gov.au/dataset/asgsed3/SA2/208031183", "shape_Length": 0.10747976247518405, "shape_Area": 0.00054451844545927376 }, "geometry": { "type": "Polygon", "coordinates": [ [ [ 145.103599102000089, -38.016220806999968 ], [ 145.115176142000109, -38.008624146999978 ], [ 145.14082600200004, -38.010742826999945 ], [ 145.123112992000074, -38.033792995999931 ], [ 145.103599102000089, -38.016220806999968 ] ] ] } },
{ "type": "Feature", "properties": { "objectid": 851, "sa2_code_2021": "208031184", "sa2_name_2021": "Braeside", "change_flag_2021": "0", "change_label_2021": "No change", "sa3_code_2021": "20803", "sa3_name_2021": "Kingston", "sa4_code_2021": "208", "sa4_name_2021": "Melbourne - Inner South", "gccsa_code_2021": "2GMEL", "gccsa_name_2021": "Greater Melbourne", "state_code_2021": "2", "state_name_2021": "Victoria", "aus_code_2021": "AUS", "aus_name_2021": "Australia", "area_albers_sqkm": 9.0819, "asgs_loci_uri_2021": "http://linked.data.gov.au/dataset/asgsed3/SA2/208031184", "shape_Length": 0.15182970748117852, "shape_Area": 0.0009315441129057495 }, "geometry": { "type": "Polygon", "coordinates": [ [ [ 145.10344142200006, -38.01203630699996 ], [ 145.117121442000098, -37.972963346999961 ], [ 145.118865232000076, -37.987792006999939 ], [ 145.144691932000114, -37.990881616999957 ], [ 145.14082600200004, -38.010742826999945 ], [ 145.10344142200006, -38.01203630699996 ] ] ] } },
{ "type": "Feature", "properties": { "objectid": 852, "sa2_code_2021": "208031185", "sa2_name_2021": "Carrum - Patterson Lakes", "change_flag_2021": "0", "change_label_2021": "No change", "sa3_code_2021": "20803", "sa3_name_2021": "Kingston", "sa4_code_2021": "208", "sa4_name_2021": "Melbourne - Inner South", "gccsa_code_2021": "2GMEL", "gccsa_name_2021": "Greater Melbourne", "state_code_2021": "2", "state_name_2021": "Victoria", "aus_code_2021": "AUS", "aus_name_2021": "Australia", "area_albers_sqkm": 5.8242, "asgs_loci_uri_2021": "http://linked.data.gov.au/dataset/asgsed3/SA2/208031185", "shape_Length": 0.13111326291539752, "shape_Area": 0.00059805680767876525 }, "geometry": { "type": "Polygon", "coordinates": [ [ [ 145.122786903000019, -38.084999976999939 ], [ 145.144828593000057, -38.051508315999968 ], [ 145.156253672000048, -38.067395416999943 ], [ 145.148664852000024, -38.083410365999953 ], [ 145.122786903000019, -38.084999976999939 ] ] ] } },
{ "type": "Feature", "properties": { "objectid": 853, "sa2_code_2021": "208031186", "sa2_name_2021": "Chelsea - Bonbeach", "change_flag_2021": "0", "change_label_2021": "No change", "sa3_code_2021": "20803", "sa3_name_2021": "Kingston", "sa4_code_2021": "208", "sa4_name_2021": "Melbourne - Inner South", "gccsa_code_2021": "2GMEL", "gccsa_name_2021": "Greater Melbourne", "state_code_2021": "2", "state_name_2021": "Victoria", "aus_code_2021": "AUS", "aus_name_2021": "Australia", "area_albers_sqkm": 5.423, "asgs_loci_uri_2021": "http://linked.data.gov.au/dataset/asgsed3/SA2/208031186", "shape_Length": 0.099862650702915542, "shape_Area": 0.00055668575494754395 }, "geometry": { "type": "Polygon", "coordinates": [ [ [ 145.11958818200003, -38.073219085999938 ], [ 145.12591060200009, -38.039165905999937 ], [ 145.139716002000114, -38.06472399699993 ], [ 145.11958818200003, -38.073219085999938 ] ] ] } },
{ "type": "Feature", "properties": { "objectid": 854, "sa2_code_2021": "208031187", "sa2_name_2021": "Chelsea Heights", "change_flag_2021": "0", "change_label_2021": "No change", "sa3_code_2021": "20803", "sa3_name_2021": "Kingston", "sa4_code_2021": "208", "sa4_name_2021": "Melbourne - Inner South", "gccsa_code_2021": "2GMEL", "gccsa_name_2021": "Greater Melbourne", "state_code_2021": "2", "state_name_2021": "Victoria", "aus_code_2021": "AUS", "aus_name_2021": "Australia", "area_albers_sqkm": 3.1958, "asgs_loci_uri_2021": "http://linked.data.gov.au/dataset/asgsed3/SA2/208031187", "shape_Length": 0.07706601795882731, "shape_Area": 0.00032795111825035378 }, "geometry": { "type": "Polygon", "coordinates": [ [ [ 145.123084992000031, -38.033921995999947 ], [ 145.144828593000057, -38.051508315999968 ], [ 145.134468982000044, -38.05499498699993 ], [ 145.123084992000031, -38.033921995999947 ] ] ] } },
{ "type": "Feature", "properties": { "objectid": 855, "sa2_code_2021": "208031188", "sa2_name_2021": "Highett (East) - Cheltenham ", "change_flag_2021": "3", "change_label_2021": "Name change", "sa3_code_2021": "20803", "sa3_name_2021": "Kingston", "sa4_code_2021": "208", "sa4_name_2021": "Melbourne - Inner South", "gccsa_code_2021": "2GMEL", "gccsa_name_2021": "Greater Melbourne", "state_code_2021": "2", "state_name_2021": "Victoria", "aus_code_2021": "AUS", "aus_name_2021": "Australia", "area_albers_sqkm": 8.7376, "asgs_loci_uri_2021": "http://linked.data.gov.au/dataset/asgsed3/SA2/208031188", "shape_Length": 0.15595724774529224, "shape_Area": 0.00089570542190400989 }, "geometry": { "type": "Polygon", "coordinates": [ [ [ 145.054168072000039, -37.973488246999977 ], [ 145.039304173000119, -37.944738985999948 ], [ 145.077350602000024, -37.949840346999963 ], [ 145.092247023000027, -37.969884006999962 ], [ 145.054168072000039, -37.973488246999977 ] ] ] } },
{ "type": "Feature", "properties": { "objectid": 856, "sa2_code_2021": "208031189", "sa2_name_2021": "Edithvale - Aspendale", "change_flag_2021": "0", "change_label_2021": "No change", "sa3_code_2021": "20803", "sa3_name_2021": "Kingston", "sa4_code_2021": "208", "sa4_name_2021": "Melbourne - Inner South", "gccsa_code_2021": "2GMEL", "gccsa_name_2021": "Greater Melbourne", "state_code_2021": "2", "state_name_2021": "Victoria", "aus_code_2021": "AUS", "aus_name_2021": "Australia", "area_albers_sqkm": 5.1001, "asgs_loci_uri_2021": "http://linked.data.gov.au/dataset/asgsed3/SA2/208031189", "shape_Length": 0.12460457755857883, "shape_Area": 0.0005233661104843705 }, "geometry": { "type": "Polygon", "coordinates": [ [ [ 145.109865863000095, -38.046017645999939 ], [ 145.084947092000107, -38.010381145999929 ], [ 145.12591060200009, -38.039165905999937 ], [ 145.109865863000095, -38.046017645999939 ] ] ] } },
{ "type": "Feature", "properties": { "objectid": 857, "sa2_code_2021": "208031190", "sa2_name_2021": "Mentone", "change_flag_2021": "0", "change_label_2021": "No change", "sa3_code_2021": "20803", "sa3_name_2021": "Kingston", "sa4_code_2021": "208", "sa4_name_2021": "Melbourne - Inner South", "gccsa_code_2021": "2GMEL", "gccsa_name_2021": "Greater Melbourne", "state_code_2021": "2", "state_name_2021": "Victoria", "aus_code_2021": "AUS", "aus_name_2021": "Australia", "area_albers_sqkm": 4.45, "asgs_loci_uri_2021": "http://linked.data.gov.au/dataset/asgsed3/SA2/208031190", "shape_Length": 0.12734138416110108, "shape_Area": 0.00045629685486890513 }, "geometry": { "type": "Polygon", "coordinates": [ [ [ 145.053035142000113, -37.979825326999958 ], [ 145.075056172000018, -37.974932636999938 ], [ 145.095326602000114, -37.984465956999941 ], [ 145.071351022000044, -37.982173776999957 ], [ 145.06869908200008, -37.994916146999969 ], [ 145.053035142000113, -37.979825326999958 ] ] ] } },
{ "type": "Feature", "properties": { "objectid": 858, "sa2_code_2021": "208031191", "sa2_name_2021": "Moorabbin - Heatherton", "change_flag_2021": "0", "change_label_2021": "No change", "sa3_code_2021": "20803", "sa3_name_2021": "Kingston", "sa4_code_2021": "208", "sa4_name_2021": "Melbourne - Inner South", "gccsa_code_2021": "2GMEL", "gccsa_name_2021": "Greater Melbourne", "state_code_2021": "2", "state_name_2021": "Victoria", "aus_code_2021": "AUS", "aus_name_2021": "Australia", "area_albers_sqkm": 11.6997, "asgs_loci_uri_2021": "http://linked.data.gov.au/dataset/asgsed3/SA2/208031191", "shape_Length": 0.21057599059770421, "shape_Area": 0.0011993112227281322 }, "geometry": { "type": "Polygon", "coordinates": [ [ [ 145.036445022000066, -37.938475996999955 ], [ 145.091591992000076, -37.940936996999937 ], [ 145.111686012000064, -37.972271995999961 ], [ 145.077350602000024, -37.949840346999963 ], [ 145.036445022000066, -37.938475996999955 ] ] ] } },
{ "type": "Feature", "properties": { "objectid": 859, "sa2_code_2021": "208031192", "sa2_name_2021": "Moorabbin Airport", "change_flag_2021": "0", "change_label_2021": "No change", "sa3_code_2021": "20803", "sa3_name_2021": "Kingston", "sa4_code_2021": "208", "sa4_name_2021": "Melbourne - Inner South", "gccsa_code_2021": "2GMEL", "gccsa_name_2021": "Greater Melbourne", "state_code_2021": "2", "state_name_2021": "Victoria", "aus_code_2021": "AUS", "aus_name_2021": "Australia", "area_albers_sqkm": 3.0755, "asgs_loci_uri_2021": "http://linked.data.gov.au/dataset/asgsed3/SA2/208031192", "shape_Length": 0.078474079633592389, "shape_Area": 0.00031537843369098417 }, "geometry": { "type": "Polygon", "coordinates": [ [ [ 145.109250032000091, -37.986614546999931 ], [ 145.087065042000063, -37.969257206999941 ], [ 145.111686012000064, -37.972271995999961 ], [ 145.109250032000091, -37.986614546999931 ] ] ] } },
{ "type": "Feature", "properties": { "objectid": 860, "sa2_code_2021": "208031193", "sa2_name_2021": "Mordialloc - Parkdale", "change_flag_2021": "0", "change_label_2021": "No change", "sa3_code_2021": "20803", "sa3_name_2021": "Kingston", "sa4_code_2021": "208", "sa4_name_2021": "Melbourne - Inner South", "gccsa_code_2021": "2GMEL", "gccsa_name_2021": "Greater Melbourne", "state_code_2021": "2", "state_name_2021": "Victoria", "aus_code_2021": "AUS", "aus_name_2021": "Australia", "area_albers_sqkm": 7.9681, "asgs_loci_uri_2021": "http://linked.data.gov.au/dataset/asgsed3/SA2/208031193", "shape_Length": 0.12685467810387935, "shape_Area": 0.00081725135934250612 }, "geometry": { "type": "Polygon", "coordinates": [ [ [ 145.070285632000036, -37.987844246999941 ], [ 145.109250032000091, -37.986614546999931 ], [ 145.103390103000038, -38.011872095999934 ], [ 145.084145192000051, -38.01115215699997 ], [ 145.070285632000036, -37.987844246999941 ] ] ] } },
{ "type": "Feature", "properties": { "objectid": 861, "sa2_code_2021": "208041194", "sa2_name_2021": "Malvern - Glen Iris", "change_flag_2021": "0", "change_label_2021": "No change", "sa3_code_2021": "20804", "sa3_name_2021": "Stonnington - East", "sa4_code_2021": "208", "sa4_name_2021": "Melbourne - Inner South", "gccsa_code_2021": "2GMEL", "gccsa_name_2021": "Greater Melbourne", "state_code_2021": "2", "state_name_2021": "Victoria", "aus_code_2021": "AUS", "aus_name_2021": "Australia", "area_albers_sqkm": 6.1552, "asgs_loci_uri_2021": "http://linked.data.gov.au/dataset/asgsed3/SA2/208041194", "shape_Length": 0.132679047109316, "shape_Area": 0.00063016792596497955 }, "geometry": { "type": "Polygon", "coordinates": [ [ [ 145.038261292000016, -37.873738986999967 ], [ 145.038724002000095, -37.838839995999933 ], [ 145.063586932000021, -37.867084476999935 ], [ 145.038261292000016, -37.873738986999967 ] ] ] } },
{ "type": "Feature", "properties": { "objectid": 862, "sa2_code_2021": "208041195", "sa2_name_2021": "Malvern East", "change_flag_2021": "0", "change_label_2021": "No change", "sa3_code_2021": "20804", "sa3_name_2021": "Stonnington - East", "sa4_code_2021": "208", "sa4_name_2021": "Melbourne - Inner South", "gccsa_code_2021": "2GMEL", "gccsa_name_2021": "Greater Melbourne", "state_code_2021": "2", "state_name_2021": "Victoria", "aus_code_2021": "AUS", "aus_name_2021": "Australia", "area_albers_sqkm": 7.5666, "asgs_loci_uri_2021": "http://linked.data.gov.au/dataset/asgsed3/SA2/208041195", "shape_Length": 0.15056746219455958, "shape_Area": 0.00077499013337714302 }, "geometry": { "type": "Polygon", "coordinates": [ [ [ 145.039212742000018, -37.868737675999967 ], [ 145.092084562000082, -37.871810306999976 ], [ 145.088226112000029, -37.892976426999951 ], [ 145.05167636200008, -37.882711796999956 ], [ 145.039212742000018, -37.868737675999967 ] ] ] } },
{ "type": "Feature", "properties": { "objectid": 863, "sa2_code_2021": "209011196", "sa2_name_2021": "Bundoora - East", "change_flag_2021": "0", "change_label_2021": "No change", "sa3_code_2021": "20901", "sa3_name_2021": "Banyule", "sa4_code_2021": "209", "sa4_name_2021": "Melbourne - North East", "gccsa_code_2021": "2GMEL", "gccsa_name_2021": "Greater Melbourne", "state_code_2021": "2", "state_name_2021": "Victoria", "aus_code_2021": "AUS", "aus_name_2021": "Australia", "area_albers_sqkm": 4.0749, "asgs_loci_uri_2021": "http://linked.data.gov.au/dataset/asgsed3/SA2/209011196", "shape_Length": 0.099790646451301854, "shape_Area": 0.00041631863406210777 }, "geometry": { "type": "Polygon", "coordinates": [ [ [ 145.051324822000083, -37.708384286999944 ], [ 145.068238342000086, -37.686063016999981 ], [ 145.079090192000081, -37.687195196999937 ], [ 145.074948682000013, -37.70878913699994 ], [ 145.051324822000083, -37.708384286999944 ] ] ] } },
{ "type": "Feature", "properties": { "objectid": 864, "sa2_code_2021": "209011197", "sa2_name_2021": "Greensborough", "change_flag_2021": "0", "change_label_2021": "No change", "sa3_code_2021": "20901", "sa3_name_2021": "Banyule", "sa4_code_2021": "209", "sa4_name_2021": "Melbourne - North East", "gccsa_code_2021": "2GMEL", "gccsa_name_2021": "Greater Melbourne", "state_code_2021": "2", "state_name_2021": "Victoria", "aus_code_2021": "AUS", "aus_name_2021": "Australia", "area_albers_sqkm": 10.0974, "asgs_loci_uri_2021": "http://linked.data.gov.au/dataset/asgsed3/SA2/209011197", "shape_Length": 0.19773143637243218, "shape_Area": 0.0010315612777557601 }, "geometry": { "type": "Polygon", "coordinates": [ [ [ 145.091997612000114, -37.717286996999974 ], [ 145.095028212000102, -37.693032116999973 ], [ 145.143703482000092, -37.682624156999964 ], [ 145.140356502000031, -37.701262896999935 ], [ 145.114757302000044, -37.699888896999937 ], [ 145.110896402000094, -37.720332206999956 ], [ 145.091997612000114, -37.717286996999974 ] ] ] } },
{ "type": "Feature", "properties": { "objectid": 865, "sa2_code_2021": "209011198", "sa2_name_2021": "Heidelberg - Rosanna", "change_flag_2021": "0", "change_label_2021": "No change", "sa3_code_2021": "20901", "sa3_name_2021": "Banyule", "sa4_code_2021": "209", "sa4_name_2021": "Melbourne - North East", "gccsa_code_2021": "2GMEL", "gccsa_name_2021": "Greater Melbourne", "state_code_2021": "2", "state_name_2021": "Victoria", "aus_code_2021": "AUS", "aus_name_2021": "Australia", "area_albers_sqkm": 6.3717, "asgs_loci_uri_2021": "http://linked.data.gov.au/dataset/asgsed3/SA2/209011198", "shape_Length": 0.13649674666714542, "shape_Area": 0.00065138601213737813 }, "geometry": { "type": "Polygon", "coordinates": [ [ [ 145.053635382000039, -37.758024346999946 ], [ 145.06535108200012, -37.729739946999985 ], [ 145.086246022000068, -37.745280996999952 ], [ 145.073945552000055, -37.760345636999944 ], [ 145.053635382000039, -37.758024346999946 ] ] ] } },
{ "type": "Feature", "properties": { "objectid": 866, "sa2_code_2021": "209011199", "sa2_name_2021": "Heidelberg West", "change_flag_2021": "0", "change_label_2021": "No change", "sa3_code_2021": "20901", "sa3_name_2021": "Banyule", "sa4_code_2021": "209", "sa4_name_2021": "Melbourne - North East", "gccsa_code_2021": "2GMEL", "gccsa_name_2021": "Greater Melbourne", "state_code_2021": "2", "state_name_2021": "Victoria", "aus_code_2021": "AUS", "aus_name_2021": "Australia", "area_albers_sqkm": 6.6912, "asgs_loci_uri_2021": "http://linked.data.gov.au/dataset/asgsed3/SA2/209011199", "shape_Length": 0.12259656593027989, "shape_Area": 0.00068401163847204129 }, "geometry": { "type": "Polygon", "coordinates": [ [ [ 145.031260012000075, -37.755634006999969 ], [ 145.038601252000035, -37.727323806999948 ], [ 145.060775042000046, -37.729502656999955 ], [ 145.053635382000039, -37.758024346999946 ], [ 145.031260012000075, -37.755634006999969 ] ] ] } },
{ "type": "Feature", "properties": { "objectid": 867, "sa2_code_2021": "209011200", "sa2_name_2021": "Ivanhoe", "change_flag_2021": "0", "change_label_2021": "No change", "sa3_code_2021": "20901", "sa3_name_2021": "Banyule", "sa4_code_2021": "209", "sa4_name_2021": "Melbourne - North East", "gccsa_code_2021": "2GMEL", "gccsa_name_2021": "Greater Melbourne", "state_code_2021": "2", "state_name_2021": "Victoria", "aus_code_2021": "AUS", "aus_name_2021": "Australia", "area_albers_sqkm": 5.0498, "asgs_loci_uri_2021": "http://linked.data.gov.au/dataset/asgsed3/SA2/209011200", "shape_Length": 0.16020554756439612, "shape_Area": 0.00051643296223357043 }, "geometry": { "type": "Polygon", "coordinates": [ [ [ 145.028518752000082, -37.761359456999969 ], [ 145.053635382000039, -37.758024346999946 ], [ 145.048148302000072, -37.772580156999936 ], [ 145.063369462000082, -37.781287346999932 ], [ 145.038180962000069, -37.783503436999979 ], [ 145.028518752000082, -37.761359456999969 ] ] ] } },
{ "type": "Feature", "properties": { "objectid": 868, "sa2_code_2021": "209011201", "sa2_name_2021": "Ivanhoe East - Eaglemont", "change_flag_2021": "0", "change_label_2021": "No change", "sa3_code_2021": "20901", "sa3_name_2021": "Banyule", "sa4_code_2021": "209", "sa4_name_2021": "Melbourne - North East", "gccsa_code_2021": "2GMEL", "gccsa_name_2021": "Greater Melbourne", "state_code_2021": "2", "state_name_2021": "Victoria", "aus_code_2021": "AUS", "aus_name_2021": "Australia", "area_albers_sqkm": 4.2769, "asgs_loci_uri_2021": "http://linked.data.gov.au/dataset/asgsed3/SA2/209011201", "shape_Length": 0.12002945613997522, "shape_Area": 0.00043742241214621096 }, "geometry": { "type": "Polygon", "coordinates": [ [ [ 145.066875542000048, -37.783700556999975 ], [ 145.053635382000039, -37.758024346999946 ], [ 145.079204252000068, -37.762271786999975 ], [ 145.066875542000048, -37.783700556999975 ] ] ] } },
{ "type": "Feature", "properties": { "objectid": 869, "sa2_code_2021": "209011202", "sa2_name_2021": "Montmorency - Briar Hill", "change_flag_2021": "0", "change_label_2021": "No change", "sa3_code_2021": "20901", "sa3_name_2021": "Banyule", "sa4_code_2021": "209", "sa4_name_2021": "Melbourne - North East", "gccsa_code_2021": "2GMEL", "gccsa_name_2021": "Greater Melbourne", "state_code_2021": "2", "state_name_2021": "Victoria", "aus_code_2021": "AUS", "aus_name_2021": "Australia", "area_albers_sqkm": 12.0278, "asgs_loci_uri_2021": "http://linked.data.gov.au/dataset/asgsed3/SA2/209011202", "shape_Length": 0.22276862815558501, "shape_Area": 0.0012292781635838315 }, "geometry": { "type": "Polygon", "coordinates": [ [ [ 145.098177902000089, -37.748889276999932 ], [ 145.125144182000099, -37.70278525699996 ], [ 145.13773044200002, -37.733179756999959 ], [ 145.109673032000046, -37.75544330699995 ], [ 145.098177902000089, -37.748889276999932 ] ] ] } },
{ "type": "Feature", "properties": { "objectid": 870, "sa2_code_2021": "209011203", "sa2_name_2021": "Viewbank - Yallambie", "change_flag_2021": "0", "change_label_2021": "No change", "sa3_code_2021": "20901", "sa3_name_2021": "Banyule", "sa4_code_2021": "209", "sa4_name_2021": "Melbourne - North East", "gccsa_code_2021": "2GMEL", "gccsa_name_2021": "Greater Melbourne", "state_code_2021": "2", "state_name_2021": "Victoria", "aus_code_2021": "AUS", "aus_name_2021": "Australia", "area_albers_sqkm": 10.2379, "asgs_loci_uri_2021": "http://linked.data.gov.au/dataset/asgsed3/SA2/209011203", "shape_Length": 0.19607449069877836, "shape_Area": 0.0010464470958031875 }, "geometry": { "type": "Polygon", "coordinates": [ [ [ 145.061217972, -37.726000646999978 ], [ 145.069278992000022, -37.715571996999984 ], [ 145.112038452000093, -37.721929706999958 ], [ 145.091577972000096, -37.754322446999936 ], [ 145.061217972, -37.726000646999978 ] ] ] } },
{ "type": "Feature", "properties": { "objectid": 871, "sa2_code_2021": "209011204", "sa2_name_2021": "Watsonia", "change_flag_2021": "0", "change_label_2021": "No change", "sa3_code_2021": "20901", "sa3_name_2021": "Banyule", "sa4_code_2021": "209", "sa4_name_2021": "Melbourne - North East", "gccsa_code_2021": "2GMEL", "gccsa_name_2021": "Greater Melbourne", "state_code_2021": "2", "state_name_2021": "Victoria", "aus_code_2021": "AUS", "aus_name_2021": "Australia", "area_albers_sqkm": 3.7857, "asgs_loci_uri_2021": "http://linked.data.gov.au/dataset/asgsed3/SA2/209011204", "shape_Length": 0.11517229674634162, "shape_Area": 0.00038677717836413936 }, "geometry": { "type": "Polygon", "coordinates": [ [ [ 145.09179146200006, -37.718179826999972 ], [ 145.07771166200007, -37.687813336999966 ], [ 145.090373072000034, -37.69247590699996 ], [ 145.09179146200006, -37.718179826999972 ] ] ] } },
{ "type": "Feature", "properties": { "objectid": 872, "sa2_code_2021": "209021205", "sa2_name_2021": "Kingsbury", "change_flag_2021": "0", "change_label_2021": "No change", "sa3_code_2021": "20902", "sa3_name_2021": "Darebin - North", "sa4_code_2021": "209", "sa4_name_2021": "Melbourne - North East", "gccsa_code_2021": "2GMEL", "gccsa_name_2021": "Greater Melbourne", "state_code_2021": "2", "state_name_2021": "Victoria", "aus_code_2021": "AUS", "aus_name_2021": "Australia", "area_albers_sqkm": 9.0094, "asgs_loci_uri_2021": "http://linked.data.gov.au/dataset/asgsed3/SA2/209021205", "shape_Length": 0.17478209613044471, "shape_Area": 0.00092058569792689718 }, "geometry": { "type": "Polygon", "coordinates": [ [ [ 145.025715992000073, -37.713853996999944 ], [ 145.037999992000096, -37.698775996999984 ], [ 145.075397742000064, -37.711050486999966 ], [ 145.060775042000046, -37.729502656999955 ], [ 145.025715992000073, -37.713853996999944 ] ] ] } },
{ "type": "Feature", "properties": { "objectid": 873, "sa2_code_2021": "209021428", "sa2_name_2021": "Preston - East", "change_flag_2021": "0", "change_label_2021": "No change", "sa3_code_2021": "20902", "sa3_name_2021": "Darebin - North", "sa4_code_2021": "209", "sa4_name_2021": "Melbourne - North East", "gccsa_code_2021": "2GMEL", "gccsa_name_2021": "Greater Melbourne", "state_code_2021": "2", "state_name_2021": "Victoria", "aus_code_2021": "AUS", "aus_name_2021": "Australia", "area_albers_sqkm": 7.7457, "asgs_loci_uri_2021": "http://linked.data.gov.au/dataset/asgsed3/SA2/209021428", "shape_Length": 0.13244176739308178, "shape_Area": 0.00079168832145194191 }, "geometry": { "type": "Polygon", "coordinates": [ [ [ 144.994934522000108, -37.751760366999974 ], [ 145.005383302000041, -37.73008862699993 ], [ 145.038268412000093, -37.733773086999975 ], [ 145.03136801200003, -37.755731996999941 ], [ 144.994934522000108, -37.751760366999974 ] ] ] } },
{ "type": "Feature", "properties": { "objectid": 874, "sa2_code_2021": "209021429", "sa2_name_2021": "Preston - West", "change_flag_2021": "0", "change_label_2021": "No change", "sa3_code_2021": "20902", "sa3_name_2021": "Darebin - North", "sa4_code_2021": "209", "sa4_name_2021": "Melbourne - North East", "gccsa_code_2021": "2GMEL", "gccsa_name_2021": "Greater Melbourne", "state_code_2021": "2", "state_name_2021": "Victoria", "aus_code_2021": "AUS", "aus_name_2021": "Australia", "area_albers_sqkm": 3.5679, "asgs_loci_uri_2021": "http://linked.data.gov.au/dataset/asgsed3/SA2/209021429", "shape_Length": 0.081986853588021491, "shape_Area": 0.00036467771168339537 }, "geometry": { "type": "Polygon", "coordinates": [ [ [ 144.983585422000033, -37.731865606999975 ], [ 145.000549462000095, -37.730319846999976 ], [ 144.994934522000108, -37.751760366999974 ], [ 144.980595852000079, -37.749898026999972 ], [ 144.983585422000033, -37.731865606999975 ] ] ] } },
{ "type": "Feature", "properties": { "objectid": 875, "sa2_code_2021": "209021523", "sa2_name_2021": "Reservoir - North East", "change_flag_2021": "1", "change_label_2021": "New", "sa3_code_2021": "20902", "sa3_name_2021": "Darebin - North", "sa4_code_2021": "209", "sa4_name_2021": "Melbourne - North East", "gccsa_code_2021": "2GMEL", "gccsa_name_2021": "Greater Melbourne", "state_code_2021": "2", "state_name_2021": "Victoria", "aus_code_2021": "AUS", "aus_name_2021": "Australia", "area_albers_sqkm": 4.788, "asgs_loci_uri_2021": "http://linked.data.gov.au/dataset/asgsed3/SA2/209021523", "shape_Length": 0.10651885186075376, "shape_Area": 0.00048920409176507712 }, "geometry": { "type": "Polygon", "coordinates": [ [ [ 145.007613992000074, -37.716719916999978 ], [ 145.011402002000068, -37.694851546999985 ], [ 145.040805852000062, -37.698273546999985 ], [ 145.021462902000053, -37.718373596999982 ], [ 145.007613992000074, -37.716719916999978 ] ] ] } },
{ "type": "Feature", "properties": { "objectid": 876, "sa2_code_2021": "209021524", "sa2_name_2021": "Reservoir - North West", "change_flag_2021": "1", "change_label_2021": "New", "sa3_code_2021": "20902", "sa3_name_2021": "Darebin - North", "sa4_code_2021": "209", "sa4_name_2021": "Melbourne - North East", "gccsa_code_2021": "2GMEL", "gccsa_name_2021": "Greater Melbourne", "state_code_2021": "2", "state_name_2021": "Victoria", "aus_code_2021": "AUS", "aus_name_2021": "Australia", "area_albers_sqkm": 4.5297, "asgs_loci_uri_2021": "http://linked.data.gov.au/dataset/asgsed3/SA2/209021524", "shape_Length": 0.11729263661486236, "shape_Area": 0.00046282276306525291 }, "geometry": { "type": "Polygon", "coordinates": [ [ [ 145.008937082000102, -37.708841246999953 ], [ 144.970692132000067, -37.691696966999984 ], [ 145.011402002000068, -37.694851546999985 ], [ 145.008937082000102, -37.708841246999953 ] ] ] } },
{ "type": "Feature", "properties": { "objectid": 877, "sa2_code_2021": "209021525", "sa2_name_2021": "Reservoir - South East", "change_flag_2021": "1", "change_label_2021": "New", "sa3_code_2021": "20902", "sa3_name_2021": "Darebin - North", "sa4_code_2021": "209", "sa4_name_2021": "Melbourne - North East", "gccsa_code_2021": "2GMEL", "gccsa_name_2021": "Greater Melbourne", "state_code_2021": "2", "state_name_2021": "Victoria", "aus_code_2021": "AUS", "aus_name_2021": "Australia", "area_albers_sqkm": 4.1783, "asgs_loci_uri_2021": "http://linked.data.gov.au/dataset/asgsed3/SA2/209021525", "shape_Length": 0.10080151179582711, "shape_Area": 0.00042704505331414637 }, "geometry": { "type": "Polygon", "coordinates": [ [ [ 145.005383302000041, -37.73008862699993 ], [ 145.025125342000024, -37.715986746999931 ], [ 145.040270362000115, -37.732310076999966 ], [ 145.005383302000041, -37.73008862699993 ] ] ] } },
{ "type": "Feature", "properties": { "objectid": 878, "sa2_code_2021": "209021526", "sa2_name_2021": "Reservoir - South West", "change_flag_2021": "1", "change_label_2021": "New", "sa3_code_2021": "20902", "sa3_name_2021": "Darebin - North", "sa4_code_2021": "209", "sa4_name_2021": "Melbourne - North East", "gccsa_code_2021": "2GMEL", "gccsa_name_2021": "Greater Melbourne", "state_code_2021": "2", "state_name_2021": "Victoria", "aus_code_2021": "AUS", "aus_name_2021": "Australia", "area_albers_sqkm": 5.6247, "asgs_loci_uri_2021": "http://linked.data.gov.au/dataset/asgsed3/SA2/209021526", "shape_Length": 0.11471964222453435, "shape_Area": 0.00057482270511902253 }, "geometry": { "type": "Polygon", "coordinates": [ [ [ 145.005256092000081, -37.730778126999951 ], [ 144.98018775200012, -37.706421746999979 ], [ 145.008937082000102, -37.708841246999953 ], [ 145.005256092000081, -37.730778126999951 ] ] ] } },
{ "type": "Feature", "properties": { "objectid": 879, "sa2_code_2021": "209031209", "sa2_name_2021": "Eltham", "change_flag_2021": "0", "change_label_2021": "No change", "sa3_code_2021": "20903", "sa3_name_2021": "Nillumbik - Kinglake", "sa4_code_2021": "209", "sa4_name_2021": "Melbourne - North East", "gccsa_code_2021": "2GMEL", "gccsa_name_2021": "Greater Melbourne", "state_code_2021": "2", "state_name_2021": "Victoria", "aus_code_2021": "AUS", "aus_name_2021": "Australia", "area_albers_sqkm": 19.4882, "asgs_loci_uri_2021": "http://linked.data.gov.au/dataset/asgsed3/SA2/209031209", "shape_Length": 0.26421641241170968, "shape_Area": 0.0019913084192425897 }, "geometry": { "type": "Polygon", "coordinates": [ [ [ 145.142561612, -37.689032286999975 ], [ 145.173116972000116, -37.694573566999964 ], [ 145.172982142000023, -37.723934476999943 ], [ 145.193811812000035, -37.731784076999929 ], [ 145.135671002000095, -37.740913556999942 ], [ 145.128022092000037, -37.702302626999938 ], [ 145.142561612, -37.689032286999975 ] ] ] } },
{ "type": "Feature", "properties": { "objectid": 880, "sa2_code_2021": "209031210", "sa2_name_2021": "Hurstbridge", "change_flag_2021": "0", "change_label_2021": "No change", "sa3_code_2021": "20903", "sa3_name_2021": "Nillumbik - Kinglake", "sa4_code_2021": "209", "sa4_name_2021": "Melbourne - North East", "gccsa_code_2021": "2GMEL", "gccsa_name_2021": "Greater Melbourne", "state_code_2021": "2", "state_name_2021": "Victoria", "aus_code_2021": "AUS", "aus_name_2021": "Australia", "area_albers_sqkm": 14.8421, "asgs_loci_uri_2021": "http://linked.data.gov.au/dataset/asgsed3/SA2/209031210", "shape_Length": 0.29948833209750447, "shape_Area": 0.001515055082612565 }, "geometry": { "type": "Polygon", "coordinates": [ [ [ 145.187211002000026, -37.656942996999931 ], [ 145.166563542000063, -37.624748666999949 ], [ 145.187210022000045, -37.615702006999982 ], [ 145.202800992000107, -37.624245006999956 ], [ 145.191648962000045, -37.633678466999982 ], [ 145.226087012000107, -37.628502006999952 ], [ 145.215071022000075, -37.644297986999959 ], [ 145.227308992000076, -37.649492996999982 ], [ 145.187211002000026, -37.656942996999931 ] ] ] } },
{ "type": "Feature", "properties": { "objectid": 881, "sa2_code_2021": "209031211", "sa2_name_2021": "Kinglake", "change_flag_2021": "0", "change_label_2021": "No change", "sa3_code_2021": "20903", "sa3_name_2021": "Nillumbik - Kinglake", "sa4_code_2021": "209", "sa4_name_2021": "Melbourne - North East", "gccsa_code_2021": "2GMEL", "gccsa_name_2021": "Greater Melbourne", "state_code_2021": "2", "state_name_2021": "Victoria", "aus_code_2021": "AUS", "aus_name_2021": "Australia", "area_albers_sqkm": 319.504, "asgs_loci_uri_2021": "http://linked.data.gov.au/dataset/asgsed3/SA2/209031211", "shape_Length": 1.3147420882875533, "shape_Area": 0.032552154117289275 }, "geometry": { "type": "Polygon", "coordinates": [ [ [ 145.531474661000061, -37.556866616999969 ], [ 145.469914672000073, -37.557672036999975 ], [ 145.417551882000112, -37.526237776999949 ], [ 145.341338902000075, -37.543471696999973 ], [ 145.294388912000045, -37.498581756999954 ], [ 145.251694822000104, -37.510644236999951 ], [ 145.256710322000117, -37.491980866999938 ], [ 145.222272362000012, -37.472599336999963 ], [ 145.224763991000032, -37.458157996999944 ], [ 145.265770941000028, -37.409803806999946 ], [ 145.40031151200003, -37.434435556999972 ], [ 145.413148012000079, -37.44539399699994 ], [ 145.386978022000108, -37.456533996999951 ], [ 145.395276992000049, -37.468000996999933 ], [ 145.488607382000055, -37.46131554699997 ], [ 145.49458681200008, -37.437386586999935 ], [ 145.516763192000099, -37.437217906999933 ], [ 145.512946022000051, -37.457074986999942 ], [ 145.569865432000029, -37.460386936999953 ], [ 145.559987002000071, -37.516219986999943 ], [ 145.573209382000073, -37.586313996999934 ], [ 145.560551031000045, -37.592240206999975 ], [ 145.531474661000061, -37.556866616999969 ] ] ] } },
{ "type": "Feature", "properties": { "objectid": 882, "sa2_code_2021": "209031212", "sa2_name_2021": "Panton Hill - St Andrews", "change_flag_2021": "0", "change_label_2021": "No change", "sa3_code_2021": "20903", "sa3_name_2021": "Nillumbik - Kinglake", "sa4_code_2021": "209", "sa4_name_2021": "Melbourne - North East", "gccsa_code_2021": "2GMEL", "gccsa_name_2021": "Greater Melbourne", "state_code_2021": "2", "state_name_2021": "Victoria", "aus_code_2021": "AUS", "aus_name_2021": "Australia", "area_albers_sqkm": 292.1978, "asgs_loci_uri_2021": "http://linked.data.gov.au/dataset/asgsed3/SA2/209031212", "shape_Length": 1.2235518278855841, "shape_Area": 0.029811050303196175 }, "geometry": { "type": "Polygon", "coordinates": [ [ [ 145.20551320200002, -37.53921584699998 ], [ 145.196740062000117, -37.523722796999948 ], [ 145.234423532000051, -37.51725143699997 ], [ 145.239318732000015, -37.487738996999951 ], [ 145.256710322000117, -37.491980866999938 ], [ 145.251694822000104, -37.510644236999951 ], [ 145.294388912000045, -37.498581756999954 ], [ 145.313830892000055, -37.515559706999966 ], [ 145.304773052000087, -37.521947826999963 ], [ 145.366411772000106, -37.545125946999974 ], [ 145.353883802000041, -37.643910246999951 ], [ 145.311821462000012, -37.715935186999957 ], [ 145.292311552000115, -37.702443096999957 ], [ 145.272470002000091, -37.715955356999984 ], [ 145.251423992000014, -37.664958996999985 ], [ 145.22004801200012, -37.666538006999929 ], [ 145.226087012000107, -37.628502006999952 ], [ 145.13576381200005, -37.619930896999961 ], [ 145.144436872000028, -37.570298186999935 ], [ 145.17991801200003, -37.536438866999958 ], [ 145.20551320200002, -37.53921584699998 ] ] ] } },
{ "type": "Feature", "properties": { "objectid": 883, "sa2_code_2021": "209031213", "sa2_name_2021": "Plenty - Yarrambat", "change_flag_2021": "0", "change_label_2021": "No change", "sa3_code_2021": "20903", "sa3_name_2021": "Nillumbik - Kinglake", "sa4_code_2021": "209", "sa4_name_2021": "Melbourne - North East", "gccsa_code_2021": "2GMEL", "gccsa_name_2021": "Greater Melbourne", "state_code_2021": "2", "state_name_2021": "Victoria", "aus_code_2021": "AUS", "aus_name_2021": "Australia", "area_albers_sqkm": 29.117, "asgs_loci_uri_2021": "http://linked.data.gov.au/dataset/asgsed3/SA2/209031213", "shape_Length": 0.48544025716754347, "shape_Area": 0.0029728848298775047 }, "geometry": { "type": "Polygon", "coordinates": [ [ [ 145.103540342000088, -37.682943246999969 ], [ 145.083854982000048, -37.669251696999936 ], [ 145.107798762000016, -37.658234366999977 ], [ 145.10874440200007, -37.631212996999977 ], [ 145.166214012000069, -37.619968986999936 ], [ 145.122051132000024, -37.680711516999963 ], [ 145.133461762000024, -37.684716866999963 ], [ 145.092122662000065, -37.69524718699995 ], [ 145.078895872000089, -37.688125506999938 ], [ 145.103540342000088, -37.682943246999969 ] ] ] } },
{ "type": "Feature", "properties": { "objectid": 884, "sa2_code_2021": "209031214", "sa2_name_2021": "Research - North Warrandyte", "change_flag_2021": "0", "change_label_2021": "No change", "sa3_code_2021": "20903", "sa3_name_2021": "Nillumbik - Kinglake", "sa4_code_2021": "209", "sa4_name_2021": "Melbourne - North East", "gccsa_code_2021": "2GMEL", "gccsa_name_2021": "Greater Melbourne", "state_code_2021": "2", "state_name_2021": "Victoria", "aus_code_2021": "AUS", "aus_name_2021": "Australia", "area_albers_sqkm": 49.7946, "asgs_loci_uri_2021": "http://linked.data.gov.au/dataset/asgsed3/SA2/209031214", "shape_Length": 0.51766731509910513, "shape_Area": 0.0050871987676741589 }, "geometry": { "type": "Polygon", "coordinates": [ [ [ 145.172982142000023, -37.723934476999943 ], [ 145.164622392000069, -37.689554126999951 ], [ 145.191744012000072, -37.689509986999951 ], [ 145.210440002000041, -37.656809006999936 ], [ 145.251423992000014, -37.664958996999985 ], [ 145.269288812000013, -37.69668719699996 ], [ 145.234810622000055, -37.720950776999985 ], [ 145.242612752000014, -37.735839876999933 ], [ 145.205414722000114, -37.741740836999952 ], [ 145.214901112000121, -37.731191226999954 ], [ 145.19742761200007, -37.741351466999959 ], [ 145.191796722000049, -37.72112848699993 ], [ 145.172982142000023, -37.723934476999943 ] ] ] } },
{ "type": "Feature", "properties": { "objectid": 885, "sa2_code_2021": "209031215", "sa2_name_2021": "Wattle Glen - Diamond Creek", "change_flag_2021": "0", "change_label_2021": "No change", "sa3_code_2021": "20903", "sa3_name_2021": "Nillumbik - Kinglake", "sa4_code_2021": "209", "sa4_name_2021": "Melbourne - North East", "gccsa_code_2021": "2GMEL", "gccsa_name_2021": "Greater Melbourne", "state_code_2021": "2", "state_name_2021": "Victoria", "aus_code_2021": "AUS", "aus_name_2021": "Australia", "area_albers_sqkm": 26.8245, "asgs_loci_uri_2021": "http://linked.data.gov.au/dataset/asgsed3/SA2/209031215", "shape_Length": 0.35276031394472557, "shape_Area": 0.0027393385728296635 }, "geometry": { "type": "Polygon", "coordinates": [ [ [ 145.122051132000024, -37.680711516999963 ], [ 145.16377100200009, -37.630539996999971 ], [ 145.175488012000073, -37.650898986999948 ], [ 145.210991992000118, -37.655300996999983 ], [ 145.188043602000107, -37.690276666999978 ], [ 145.122051132000024, -37.680711516999963 ] ] ] } },
{ "type": "Feature", "properties": { "objectid": 886, "sa2_code_2021": "209041216", "sa2_name_2021": "Bundoora - North", "change_flag_2021": "0", "change_label_2021": "No change", "sa3_code_2021": "20904", "sa3_name_2021": "Whittlesea - Wallan", "sa4_code_2021": "209", "sa4_name_2021": "Melbourne - North East", "gccsa_code_2021": "2GMEL", "gccsa_name_2021": "Greater Melbourne", "state_code_2021": "2", "state_name_2021": "Victoria", "aus_code_2021": "AUS", "aus_name_2021": "Australia", "area_albers_sqkm": 4.715, "asgs_loci_uri_2021": "http://linked.data.gov.au/dataset/asgsed3/SA2/209041216", "shape_Length": 0.15452209325349525, "shape_Area": 0.00048153787880056686 }, "geometry": { "type": "Polygon", "coordinates": [ [ [ 145.042720752000037, -37.687056186999939 ], [ 145.091556002000061, -37.679403806999971 ], [ 145.103648922000048, -37.683176696999965 ], [ 145.042720752000037, -37.687056186999939 ] ] ] } },
{ "type": "Feature", "properties": { "objectid": 887, "sa2_code_2021": "209041217", "sa2_name_2021": "Bundoora - West", "change_flag_2021": "0", "change_label_2021": "No change", "sa3_code_2021": "20904", "sa3_name_2021": "Whittlesea - Wallan", "sa4_code_2021": "209", "sa4_name_2021": "Melbourne - North East", "gccsa_code_2021": "2GMEL", "gccsa_name_2021": "Greater Melbourne", "state_code_2021": "2", "state_name_2021": "Victoria", "aus_code_2021": "AUS", "aus_name_2021": "Australia", "area_albers_sqkm": 2.5601, "asgs_loci_uri_2021": "http://linked.data.gov.au/dataset/asgsed3/SA2/209041217", "shape_Length": 0.089647675068752833, "shape_Area": 0.00026158819760979072 }, "geometry": { "type": "Polygon", "coordinates": [ [ [ 145.032463012000107, -37.697343816999933 ], [ 145.051679602000036, -37.686222116999943 ], [ 145.068238342000086, -37.686063016999981 ], [ 145.058219312000119, -37.699982546999934 ], [ 145.032463012000107, -37.697343816999933 ] ] ] } },
{ "type": "Feature", "properties": { "objectid": 888, "sa2_code_2021": "209041220", "sa2_name_2021": "Mill Park - North", "change_flag_2021": "0", "change_label_2021": "No change", "sa3_code_2021": "20904", "sa3_name_2021": "Whittlesea - Wallan", "sa4_code_2021": "209", "sa4_name_2021": "Melbourne - North East", "gccsa_code_2021": "2GMEL", "gccsa_name_2021": "Greater Melbourne", "state_code_2021": "2", "state_name_2021": "Victoria", "aus_code_2021": "AUS", "aus_name_2021": "Australia", "area_albers_sqkm": 8.1362, "asgs_loci_uri_2021": "http://linked.data.gov.au/dataset/asgsed3/SA2/209041220", "shape_Length": 0.16761041558594786, "shape_Area": 0.0008307437300088716 }, "geometry": { "type": "Polygon", "coordinates": [ [ [ 145.039896672000054, -37.655673766999939 ], [ 145.088132782000116, -37.651235046999943 ], [ 145.094881552000061, -37.661867306999966 ], [ 145.082879952000098, -37.672954316999949 ], [ 145.039896672000054, -37.655673766999939 ] ] ] } },
{ "type": "Feature", "properties": { "objectid": 889, "sa2_code_2021": "209041221", "sa2_name_2021": "Mill Park - South", "change_flag_2021": "0", "change_label_2021": "No change", "sa3_code_2021": "20904", "sa3_name_2021": "Whittlesea - Wallan", "sa4_code_2021": "209", "sa4_name_2021": "Melbourne - North East", "gccsa_code_2021": "2GMEL", "gccsa_name_2021": "Greater Melbourne", "state_code_2021": "2", "state_name_2021": "Victoria", "aus_code_2021": "AUS", "aus_name_2021": "Australia", "area_albers_sqkm": 4.9298, "asgs_loci_uri_2021": "http://linked.data.gov.au/dataset/asgsed3/SA2/209041221", "shape_Length": 0.14817436557869296, "shape_Area": 0.0005034743106419635 }, "geometry": { "type": "Polygon", "coordinates": [ [ [ 145.039270812000041, -37.661655376999931 ], [ 145.054325422000034, -37.662439046999964 ], [ 145.089060972000084, -37.674532736999936 ], [ 145.042235632000029, -37.676466986999969 ], [ 145.039270812000041, -37.661655376999931 ] ] ] } },
{ "type": "Feature", "properties": { "objectid": 890, "sa2_code_2021": "209041223", "sa2_name_2021": "Thomastown", "change_flag_2021": "0", "change_label_2021": "No change", "sa3_code_2021": "20904", "sa3_name_2021": "Whittlesea - Wallan", "sa4_code_2021": "209", "sa4_name_2021": "Melbourne - North East", "gccsa_code_2021": "2GMEL", "gccsa_name_2021": "Greater Melbourne", "state_code_2021": "2", "state_name_2021": "Victoria", "aus_code_2021": "AUS", "aus_name_2021": "Australia", "area_albers_sqkm": 14.6852, "asgs_loci_uri_2021": "http://linked.data.gov.au/dataset/asgsed3/SA2/209041223", "shape_Length": 0.23053544977107784, "shape_Area": 0.0014998867121978751 }, "geometry": { "type": "Polygon", "coordinates": [ [ [ 144.981461742000079, -37.669984056999965 ], [ 145.040824722000025, -37.676016456999946 ], [ 145.052356642000063, -37.688495156999977 ], [ 144.972060842000019, -37.690999016999967 ], [ 144.981461742000079, -37.669984056999965 ] ] ] } },
{ "type": "Feature", "properties": { "objectid": 891, "sa2_code_2021": "209041224", "sa2_name_2021": "Wallan", "change_flag_2021": "0", "change_label_2021": "No change", "sa3_code_2021": "20904", "sa3_name_2021": "Whittlesea - Wallan", "sa4_code_2021": "209", "sa4_name_2021": "Melbourne - North East", "gccsa_code_2021": "2GMEL", "gccsa_name_2021": "Greater Melbourne", "state_code_2021": "2", "state_name_2021": "Victoria", "aus_code_2021": "AUS", "aus_name_2021": "Australia", "area_albers_sqkm": 507.7457, "asgs_loci_uri_2021": "http://linked.data.gov.au/dataset/asgsed3/SA2/209041224", "shape_Length": 1.5388475211846551, "shape_Area": 0.051658456556592472 }, "geometry": { "type": "Polygon", "coordinates": [ [ [ 144.89176650200011, -37.460893356999975 ], [ 144.921103992000099, -37.332661986999938 ], [ 144.991083472000014, -37.341298606999942 ], [ 145.030431822000082, -37.329578056999935 ], [ 145.048393001000022, -37.31565399699997 ], [ 145.05613001200004, -37.263486996999973 ], [ 145.117602002000012, -37.263218006999978 ], [ 145.125267442000109, -37.293897036999965 ], [ 145.227314172000092, -37.294261816999949 ], [ 145.226702872000033, -37.327076456999976 ], [ 145.265820472000087, -37.372703756999954 ], [ 145.265619572000105, -37.419353896999951 ], [ 145.236265212000035, -37.435867556999938 ], [ 145.222272362000012, -37.472599336999963 ], [ 145.185565552000071, -37.443808546999946 ], [ 145.186499732000016, -37.422160556999984 ], [ 145.154558832000021, -37.412880206999944 ], [ 145.141296522000061, -37.428249996999966 ], [ 145.111069272, -37.401750346999961 ], [ 145.067774062000012, -37.438621276999982 ], [ 145.072893952000072, -37.450556086999939 ], [ 145.000767002000089, -37.442379996999932 ], [ 144.986965511000108, -37.499886176999951 ], [ 145.007233882000037, -37.50218629699998 ], [ 144.991927651000083, -37.515389986999935 ], [ 144.880810002000089, -37.502238526999975 ], [ 144.905058342000075, -37.46854058699995 ], [ 144.89176650200011, -37.460893356999975 ] ] ] } },
{ "type": "Feature", "properties": { "objectid": 892, "sa2_code_2021": "209041225", "sa2_name_2021": "Whittlesea", "change_flag_2021": "0", "change_label_2021": "No change", "sa3_code_2021": "20904", "sa3_name_2021": "Whittlesea - Wallan", "sa4_code_2021": "209", "sa4_name_2021": "Melbourne - North East", "gccsa_code_2021": "2GMEL", "gccsa_name_2021": "Greater Melbourne", "state_code_2021": "2", "state_name_2021": "Victoria", "aus_code_2021": "AUS", "aus_name_2021": "Australia", "area_albers_sqkm": 297.9798, "asgs_loci_uri_2021": "http://linked.data.gov.au/dataset/asgsed3/SA2/209041225", "shape_Length": 0.98141096419381213, "shape_Area": 0.030361662329703418 }, "geometry": { "type": "Polygon", "coordinates": [ [ [ 144.986965511000108, -37.499886176999951 ], [ 145.000767002000089, -37.442379996999932 ], [ 145.072893952000072, -37.450556086999939 ], [ 145.067774062000012, -37.438621276999982 ], [ 145.111069272, -37.401750346999961 ], [ 145.141296522000061, -37.428249996999966 ], [ 145.154558832000021, -37.412880206999944 ], [ 145.186499732000016, -37.422160556999984 ], [ 145.185663221000027, -37.443929486999934 ], [ 145.241035732000114, -37.477722786999948 ], [ 145.234423532000051, -37.51725143699997 ], [ 145.196740062000117, -37.523722796999948 ], [ 145.20551320200002, -37.53921584699998 ], [ 145.17991801200003, -37.536438866999958 ], [ 145.125461952000023, -37.574508826999931 ], [ 144.960783142000082, -37.55668598699998 ], [ 144.953782922000073, -37.545059786999957 ], [ 144.975852722000013, -37.514110136999932 ], [ 145.007233882000037, -37.50218629699998 ], [ 144.986965511000108, -37.499886176999951 ] ] ] } },
{ "type": "Feature", "properties": { "objectid": 893, "sa2_code_2021": "209041431", "sa2_name_2021": "Epping - East", "change_flag_2021": "0", "change_label_2021": "No change", "sa3_code_2021": "20904", "sa3_name_2021": "Whittlesea - Wallan", "sa4_code_2021": "209", "sa4_name_2021": "Melbourne - North East", "gccsa_code_2021": "2GMEL", "gccsa_name_2021": "Greater Melbourne", "state_code_2021": "2", "state_name_2021": "Victoria", "aus_code_2021": "AUS", "aus_name_2021": "Australia", "area_albers_sqkm": 7.7691, "asgs_loci_uri_2021": "http://linked.data.gov.au/dataset/asgsed3/SA2/209041431", "shape_Length": 0.12619460325872969, "shape_Area": 0.00079303336828327514 }, "geometry": { "type": "Polygon", "coordinates": [ [ [ 145.026562862000105, -37.640489246999948 ], [ 145.0287847620001, -37.623025526999982 ], [ 145.064513732000023, -37.626348676999953 ], [ 145.066137002000119, -37.648798886999941 ], [ 145.026562862000105, -37.640489246999948 ] ] ] } },
{ "type": "Feature", "properties": { "objectid": 894, "sa2_code_2021": "209041432", "sa2_name_2021": "Epping - South", "change_flag_2021": "0", "change_label_2021": "No change", "sa3_code_2021": "20904", "sa3_name_2021": "Whittlesea - Wallan", "sa4_code_2021": "209", "sa4_name_2021": "Melbourne - North East", "gccsa_code_2021": "2GMEL", "gccsa_name_2021": "Greater Melbourne", "state_code_2021": "2", "state_name_2021": "Victoria", "aus_code_2021": "AUS", "aus_name_2021": "Australia", "area_albers_sqkm": 15.8714, "asgs_loci_uri_2021": "http://linked.data.gov.au/dataset/asgsed3/SA2/209041432", "shape_Length": 0.30022871905729698, "shape_Area": 0.0016201795712387948 }, "geometry": { "type": "Polygon", "coordinates": [ [ [ 144.991925822000098, -37.641097436999985 ], [ 145.067727962000049, -37.649028146999967 ], [ 145.008333012000094, -37.658491006999952 ], [ 144.971692192000091, -37.645357666999985 ], [ 144.9545824920001, -37.615336296999942 ], [ 144.99068051200004, -37.619138876999955 ], [ 144.991925822000098, -37.641097436999985 ] ] ] } },
{ "type": "Feature", "properties": { "objectid": 895, "sa2_code_2021": "209041433", "sa2_name_2021": "Epping (Vic.) - West", "change_flag_2021": "3", "change_label_2021": "Name change", "sa3_code_2021": "20904", "sa3_name_2021": "Whittlesea - Wallan", "sa4_code_2021": "209", "sa4_name_2021": "Melbourne - North East", "gccsa_code_2021": "2GMEL", "gccsa_name_2021": "Greater Melbourne", "state_code_2021": "2", "state_name_2021": "Victoria", "aus_code_2021": "AUS", "aus_name_2021": "Australia", "area_albers_sqkm": 7.3573, "asgs_loci_uri_2021": "http://linked.data.gov.au/dataset/asgsed3/SA2/209041433", "shape_Length": 0.1176090797510235, "shape_Area": 0.00075099285129426492 }, "geometry": { "type": "Polygon", "coordinates": [ [ [ 144.993353592000062, -37.633961426999974 ], [ 144.99068051200004, -37.619138876999955 ], [ 145.0287847620001, -37.623025526999982 ], [ 145.026318052000079, -37.644615556999952 ], [ 144.993353592000062, -37.633961426999974 ] ] ] } },
{ "type": "Feature", "properties": { "objectid": 896, "sa2_code_2021": "209041435", "sa2_name_2021": "South Morang - North", "change_flag_2021": "3", "change_label_2021": "Name change", "sa3_code_2021": "20904", "sa3_name_2021": "Whittlesea - Wallan", "sa4_code_2021": "209", "sa4_name_2021": "Melbourne - North East", "gccsa_code_2021": "2GMEL", "gccsa_name_2021": "Greater Melbourne", "state_code_2021": "2", "state_name_2021": "Victoria", "aus_code_2021": "AUS", "aus_name_2021": "Australia", "area_albers_sqkm": 13.7094, "asgs_loci_uri_2021": "http://linked.data.gov.au/dataset/asgsed3/SA2/209041435", "shape_Length": 0.21936147615012005, "shape_Area": 0.0013991939292937912 }, "geometry": { "type": "Polygon", "coordinates": [ [ [ 145.107953522000116, -37.640086096999937 ], [ 145.042422222000027, -37.624347126999965 ], [ 145.044968282000013, -37.609832836999942 ], [ 145.123396992000039, -37.621690986999965 ], [ 145.107953522000116, -37.640086096999937 ] ] ] } },
{ "type": "Feature", "properties": { "objectid": 897, "sa2_code_2021": "209041436", "sa2_name_2021": "South Morang - South", "change_flag_2021": "3", "change_label_2021": "Name change", "sa3_code_2021": "20904", "sa3_name_2021": "Whittlesea - Wallan", "sa4_code_2021": "209", "sa4_name_2021": "Melbourne - North East", "gccsa_code_2021": "2GMEL", "gccsa_name_2021": "Greater Melbourne", "state_code_2021": "2", "state_name_2021": "Victoria", "aus_code_2021": "AUS", "aus_name_2021": "Australia", "area_albers_sqkm": 7.7445, "asgs_loci_uri_2021": "http://linked.data.gov.au/dataset/asgsed3/SA2/209041436", "shape_Length": 0.18048774840492798, "shape_Area": 0.00079066379178139527 }, "geometry": { "type": "Polygon", "coordinates": [ [ [ 145.060831652000047, -37.631291936999958 ], [ 145.102140022000071, -37.638423626999952 ], [ 145.107798762000016, -37.658234366999977 ], [ 145.066107112000054, -37.64868355699997 ], [ 145.060831652000047, -37.631291936999958 ] ] ] } },
{ "type": "Feature", "properties": { "objectid": 898, "sa2_code_2021": "209041437", "sa2_name_2021": "Wollert", "change_flag_2021": "0", "change_label_2021": "No change", "sa3_code_2021": "20904", "sa3_name_2021": "Whittlesea - Wallan", "sa4_code_2021": "209", "sa4_name_2021": "Melbourne - North East", "gccsa_code_2021": "2GMEL", "gccsa_name_2021": "Greater Melbourne", "state_code_2021": "2", "state_name_2021": "Victoria", "aus_code_2021": "AUS", "aus_name_2021": "Australia", "area_albers_sqkm": 53.892, "asgs_loci_uri_2021": "http://linked.data.gov.au/dataset/asgsed3/SA2/209041437", "shape_Length": 0.36216089181833377, "shape_Area": 0.00549787918968504 }, "geometry": { "type": "Polygon", "coordinates": [ [ [ 145.042392982000024, -37.624431006999941 ], [ 144.946495442000014, -37.607568476999973 ], [ 144.963947512000118, -37.55733659699996 ], [ 145.060992912000074, -37.567356596999957 ], [ 145.042392982000024, -37.624431006999941 ] ] ] } },
{ "type": "Feature", "properties": { "objectid": 899, "sa2_code_2021": "209041527", "sa2_name_2021": "Doreen - North", "change_flag_2021": "1", "change_label_2021": "New", "sa3_code_2021": "20904", "sa3_name_2021": "Whittlesea - Wallan", "sa4_code_2021": "209", "sa4_name_2021": "Melbourne - North East", "gccsa_code_2021": "2GMEL", "gccsa_name_2021": "Greater Melbourne", "state_code_2021": "2", "state_name_2021": "Victoria", "aus_code_2021": "AUS", "aus_name_2021": "Australia", "area_albers_sqkm": 9.4393, "asgs_loci_uri_2021": "http://linked.data.gov.au/dataset/asgsed3/SA2/209041527", "shape_Length": 0.15413181914261867, "shape_Area": 0.00096293308886394476 }, "geometry": { "type": "Polygon", "coordinates": [ [ [ 145.120960332000095, -37.57394374699993 ], [ 145.144011612000099, -37.572715786999936 ], [ 145.138094272000103, -37.60550339699995 ], [ 145.104992022000033, -37.601383996999971 ], [ 145.120960332000095, -37.57394374699993 ] ] ] } },
{ "type": "Feature", "properties": { "objectid": 900, "sa2_code_2021": "209041528", "sa2_name_2021": "Doreen - South", "change_flag_2021": "1", "change_label_2021": "New", "sa3_code_2021": "20904", "sa3_name_2021": "Whittlesea - Wallan", "sa4_code_2021": "209", "sa4_name_2021": "Melbourne - North East", "gccsa_code_2021": "2GMEL", "gccsa_name_2021": "Greater Melbourne", "state_code_2021": "2", "state_name_2021": "Victoria", "aus_code_2021": "AUS", "aus_name_2021": "Australia", "area_albers_sqkm": 5.0223, "asgs_loci_uri_2021": "http://linked.data.gov.au/dataset/asgsed3/SA2/209041528", "shape_Length": 0.11794338055652652, "shape_Area": 0.00051249754488019185 }, "geometry": { "type": "Polygon", "coordinates": [ [ [ 145.128003952000086, -37.622972926999978 ], [ 145.105253212000093, -37.601713006999944 ], [ 145.138094272000103, -37.60550339699995 ], [ 145.128003952000086, -37.622972926999978 ] ] ] } },
{ "type": "Feature", "properties": { "objectid": 901, "sa2_code_2021": "209041529", "sa2_name_2021": "Lalor - East", "change_flag_2021": "1", "change_label_2021": "New", "sa3_code_2021": "20904", "sa3_name_2021": "Whittlesea - Wallan", "sa4_code_2021": "209", "sa4_name_2021": "Melbourne - North East", "gccsa_code_2021": "2GMEL", "gccsa_name_2021": "Greater Melbourne", "state_code_2021": "2", "state_name_2021": "Victoria", "aus_code_2021": "AUS", "aus_name_2021": "Australia", "area_albers_sqkm": 3.3232, "asgs_loci_uri_2021": "http://linked.data.gov.au/dataset/asgsed3/SA2/209041529", "shape_Length": 0.092883394846902251, "shape_Area": 0.00033936790765289374 }, "geometry": { "type": "Polygon", "coordinates": [ [ [ 145.015199282000026, -37.674818026999958 ], [ 145.036447212000098, -37.661437686999932 ], [ 145.045334992000107, -37.672622006999973 ], [ 145.015199282000026, -37.674818026999958 ] ] ] } },
{ "type": "Feature", "properties": { "objectid": 902, "sa2_code_2021": "209041530", "sa2_name_2021": "Lalor - West", "change_flag_2021": "1", "change_label_2021": "New", "sa3_code_2021": "20904", "sa3_name_2021": "Whittlesea - Wallan", "sa4_code_2021": "209", "sa4_name_2021": "Melbourne - North East", "gccsa_code_2021": "2GMEL", "gccsa_name_2021": "Greater Melbourne", "state_code_2021": "2", "state_name_2021": "Victoria", "aus_code_2021": "AUS", "aus_name_2021": "Australia", "area_albers_sqkm": 8.7363, "asgs_loci_uri_2021": "http://linked.data.gov.au/dataset/asgsed3/SA2/209041530", "shape_Length": 0.15086200419922197, "shape_Area": 0.00089213306963629828 }, "geometry": { "type": "Polygon", "coordinates": [ [ [ 144.981461742000079, -37.669984056999965 ], [ 144.974024652000026, -37.646539556999983 ], [ 145.02037392200009, -37.659800596999958 ], [ 145.015361742000096, -37.673836436999977 ], [ 144.981461742000079, -37.669984056999965 ] ] ] } },
{ "type": "Feature", "properties": { "objectid": 903, "sa2_code_2021": "209041531", "sa2_name_2021": "Mernda - North", "change_flag_2021": "1", "change_label_2021": "New", "sa3_code_2021": "20904", "sa3_name_2021": "Whittlesea - Wallan", "sa4_code_2021": "209", "sa4_name_2021": "Melbourne - North East", "gccsa_code_2021": "2GMEL", "gccsa_name_2021": "Greater Melbourne", "state_code_2021": "2", "state_name_2021": "Victoria", "aus_code_2021": "AUS", "aus_name_2021": "Australia", "area_albers_sqkm": 15.1961, "asgs_loci_uri_2021": "http://linked.data.gov.au/dataset/asgsed3/SA2/209041531", "shape_Length": 0.20850237785335024, "shape_Area": 0.0015500995969108516 }, "geometry": { "type": "Polygon", "coordinates": [ [ [ 145.105253212000093, -37.601713006999944 ], [ 145.052443622000055, -37.594709626999929 ], [ 145.060992912000074, -37.567356596999957 ], [ 145.118530712000052, -37.573652556999946 ], [ 145.105253212000093, -37.601713006999944 ] ] ] } },
{ "type": "Feature", "properties": { "objectid": 904, "sa2_code_2021": "209041532", "sa2_name_2021": "Mernda - South", "change_flag_2021": "1", "change_label_2021": "New", "sa3_code_2021": "20904", "sa3_name_2021": "Whittlesea - Wallan", "sa4_code_2021": "209", "sa4_name_2021": "Melbourne - North East", "gccsa_code_2021": "2GMEL", "gccsa_name_2021": "Greater Melbourne", "state_code_2021": "2", "state_name_2021": "Victoria", "aus_code_2021": "AUS", "aus_name_2021": "Australia", "area_albers_sqkm": 8.6268, "asgs_loci_uri_2021": "http://linked.data.gov.au/dataset/asgsed3/SA2/209041532", "shape_Length": 0.16778780151211101, "shape_Area": 0.00088027115806949973 }, "geometry": { "type": "Polygon", "coordinates": [ [ [ 145.109679022000023, -37.613691996999933 ], [ 145.044873852000023, -37.610008906999951 ], [ 145.047026332000087, -37.595130036999933 ], [ 145.105253212000093, -37.601713006999944 ], [ 145.109679022000023, -37.613691996999933 ] ] ] } },
{ "type": "Feature", "properties": { "objectid": 905, "sa2_code_2021": "210011226", "sa2_name_2021": "Airport West", "change_flag_2021": "0", "change_label_2021": "No change", "sa3_code_2021": "21001", "sa3_name_2021": "Keilor", "sa4_code_2021": "210", "sa4_name_2021": "Melbourne - North West", "gccsa_code_2021": "2GMEL", "gccsa_name_2021": "Greater Melbourne", "state_code_2021": "2", "state_name_2021": "Victoria", "aus_code_2021": "AUS", "aus_name_2021": "Australia", "area_albers_sqkm": 3.7194, "asgs_loci_uri_2021": "http://linked.data.gov.au/dataset/asgsed3/SA2/210011226", "shape_Length": 0.083451021581550516, "shape_Area": 0.00038014880086854208 }, "geometry": { "type": "Polygon", "coordinates": [ [ [ 144.867058332000056, -37.724728106999976 ], [ 144.888459852000096, -37.71078487699998 ], [ 144.892078032000086, -37.716154006999943 ], [ 144.889413742000102, -37.734513456999935 ], [ 144.867058332000056, -37.724728106999976 ] ] ] } },
{ "type": "Feature", "properties": { "objectid": 906, "sa2_code_2021": "210011227", "sa2_name_2021": "Essendon Airport", "change_flag_2021": "0", "change_label_2021": "No change", "sa3_code_2021": "21001", "sa3_name_2021": "Keilor", "sa4_code_2021": "210", "sa4_name_2021": "Melbourne - North West", "gccsa_code_2021": "2GMEL", "gccsa_name_2021": "Greater Melbourne", "state_code_2021": "2", "state_name_2021": "Victoria", "aus_code_2021": "AUS", "aus_name_2021": "Australia", "area_albers_sqkm": 3.3549, "asgs_loci_uri_2021": "http://linked.data.gov.au/dataset/asgsed3/SA2/210011227", "shape_Length": 0.094396477202098414, "shape_Area": 0.00034287483125411286 }, "geometry": { "type": "Polygon", "coordinates": [ [ [ 144.892669362000106, -37.735560576999944 ], [ 144.890041442000097, -37.71315332699993 ], [ 144.917685812000059, -37.732240606999937 ], [ 144.892669362000106, -37.735560576999944 ] ] ] } },
{ "type": "Feature", "properties": { "objectid": 907, "sa2_code_2021": "210011228", "sa2_name_2021": "Keilor", "change_flag_2021": "0", "change_label_2021": "No change", "sa3_code_2021": "21001", "sa3_name_2021": "Keilor", "sa4_code_2021": "210", "sa4_name_2021": "Melbourne - North West", "gccsa_code_2021": "2GMEL", "gccsa_name_2021": "Greater Melbourne", "state_code_2021": "2", "state_name_2021": "Victoria", "aus_code_2021": "AUS", "aus_name_2021": "Australia", "area_albers_sqkm": 17.512, "asgs_loci_uri_2021": "http://linked.data.gov.au/dataset/asgsed3/SA2/210011228", "shape_Length": 0.28248758828410903, "shape_Area": 0.0017895778909824717 }, "geometry": { "type": "Polygon", "coordinates": [ [ [ 144.840329463000103, -37.747450346999983 ], [ 144.801930252000034, -37.701859206999984 ], [ 144.888459852000096, -37.71078487699998 ], [ 144.840329463000103, -37.747450346999983 ] ] ] } },
{ "type": "Feature", "properties": { "objectid": 908, "sa2_code_2021": "210011230", "sa2_name_2021": "Niddrie - Essendon West", "change_flag_2021": "0", "change_label_2021": "No change", "sa3_code_2021": "21001", "sa3_name_2021": "Keilor", "sa4_code_2021": "210", "sa4_name_2021": "Melbourne - North West", "gccsa_code_2021": "2GMEL", "gccsa_name_2021": "Greater Melbourne", "state_code_2021": "2", "state_name_2021": "Victoria", "aus_code_2021": "AUS", "aus_name_2021": "Australia", "area_albers_sqkm": 2.8027, "asgs_loci_uri_2021": "http://linked.data.gov.au/dataset/asgsed3/SA2/210011230", "shape_Length": 0.10634071593190662, "shape_Area": 0.0002865373768418957 }, "geometry": { "type": "Polygon", "coordinates": [ [ [ 144.876706162000119, -37.735446986999932 ], [ 144.892799302000071, -37.735567646999982 ], [ 144.888945412000112, -37.761904466999965 ], [ 144.877099012000031, -37.755941996999979 ], [ 144.876706162000119, -37.735446986999932 ] ] ] } },
{ "type": "Feature", "properties": { "objectid": 909, "sa2_code_2021": "210011231", "sa2_name_2021": "Strathmore", "change_flag_2021": "0", "change_label_2021": "No change", "sa3_code_2021": "21001", "sa3_name_2021": "Keilor", "sa4_code_2021": "210", "sa4_name_2021": "Melbourne - North West", "gccsa_code_2021": "2GMEL", "gccsa_name_2021": "Greater Melbourne", "state_code_2021": "2", "state_name_2021": "Victoria", "aus_code_2021": "AUS", "aus_name_2021": "Australia", "area_albers_sqkm": 4.1444, "asgs_loci_uri_2021": "http://linked.data.gov.au/dataset/asgsed3/SA2/210011231", "shape_Length": 0.16989971917920924, "shape_Area": 0.00042361348823033695 }, "geometry": { "type": "Polygon", "coordinates": [ [ [ 144.934725062000098, -37.744059996999965 ], [ 144.917685812000059, -37.732240606999937 ], [ 144.888459852000096, -37.71078487699998 ], [ 144.934725062000098, -37.744059996999965 ] ] ] } },
{ "type": "Feature", "properties": { "objectid": 910, "sa2_code_2021": "210011533", "sa2_name_2021": "Avondale Heights", "change_flag_2021": "1", "change_label_2021": "New", "sa3_code_2021": "21001", "sa3_name_2021": "Keilor", "sa4_code_2021": "210", "sa4_name_2021": "Melbourne - North West", "gccsa_code_2021": "2GMEL", "gccsa_name_2021": "Greater Melbourne", "state_code_2021": "2", "state_name_2021": "Victoria", "aus_code_2021": "AUS", "aus_name_2021": "Australia", "area_albers_sqkm": 5.4087, "asgs_loci_uri_2021": "http://linked.data.gov.au/dataset/asgsed3/SA2/210011533", "shape_Length": 0.12083334778036278, "shape_Area": 0.00055300453963189348 }, "geometry": { "type": "Polygon", "coordinates": [ [ [ 144.860245682000027, -37.776130856999941 ], [ 144.847682242000019, -37.749761306999972 ], [ 144.882130022000069, -37.755827996999983 ], [ 144.860245682000027, -37.776130856999941 ] ] ] } },
{ "type": "Feature", "properties": { "objectid": 911, "sa2_code_2021": "210011534", "sa2_name_2021": "Keilor East", "change_flag_2021": "1", "change_label_2021": "New", "sa3_code_2021": "21001", "sa3_name_2021": "Keilor", "sa4_code_2021": "210", "sa4_name_2021": "Melbourne - North West", "gccsa_code_2021": "2GMEL", "gccsa_name_2021": "Greater Melbourne", "state_code_2021": "2", "state_name_2021": "Victoria", "aus_code_2021": "AUS", "aus_name_2021": "Australia", "area_albers_sqkm": 5.4828, "asgs_loci_uri_2021": "http://linked.data.gov.au/dataset/asgsed3/SA2/210011534", "shape_Length": 0.10478203602634671, "shape_Area": 0.00056052372446778085 }, "geometry": { "type": "Polygon", "coordinates": [ [ [ 144.847682242000019, -37.749761306999972 ], [ 144.874232013000096, -37.731403996999973 ], [ 144.87970701200004, -37.752844995999965 ], [ 144.847682242000019, -37.749761306999972 ] ] ] } },
{ "type": "Feature", "properties": { "objectid": 912, "sa2_code_2021": "210021232", "sa2_name_2021": "Gisborne", "change_flag_2021": "0", "change_label_2021": "No change", "sa3_code_2021": "21002", "sa3_name_2021": "Macedon Ranges", "sa4_code_2021": "210", "sa4_name_2021": "Melbourne - North West", "gccsa_code_2021": "2GMEL", "gccsa_name_2021": "Greater Melbourne", "state_code_2021": "2", "state_name_2021": "Victoria", "aus_code_2021": "AUS", "aus_name_2021": "Australia", "area_albers_sqkm": 211.057, "asgs_loci_uri_2021": "http://linked.data.gov.au/dataset/asgsed3/SA2/210021232", "shape_Length": 0.89119665924963543, "shape_Area": 0.021504072570390432 }, "geometry": { "type": "Polygon", "coordinates": [ [ [ 144.579132352000101, -37.459785096999951 ], [ 144.60810587200001, -37.422492036999984 ], [ 144.641203962000077, -37.42595403699994 ], [ 144.630660972000101, -37.44263899699996 ], [ 144.657682872, -37.486920556999962 ], [ 144.638051932000053, -37.499501946999942 ], [ 144.632409322000058, -37.530121516999941 ], [ 144.671645552000086, -37.567721696999968 ], [ 144.457679152000082, -37.54458602699998 ], [ 144.478199342000039, -37.414226106999934 ], [ 144.514226672000063, -37.413890256999935 ], [ 144.532948722000015, -37.45970598699995 ], [ 144.579132352000101, -37.459785096999951 ] ] ] } },
{ "type": "Feature", "properties": { "objectid": 913, "sa2_code_2021": "210021233", "sa2_name_2021": "Macedon", "change_flag_2021": "0", "change_label_2021": "No change", "sa3_code_2021": "21002", "sa3_name_2021": "Macedon Ranges", "sa4_code_2021": "210", "sa4_name_2021": "Melbourne - North West", "gccsa_code_2021": "2GMEL", "gccsa_name_2021": "Greater Melbourne", "state_code_2021": "2", "state_name_2021": "Victoria", "aus_code_2021": "AUS", "aus_name_2021": "Australia", "area_albers_sqkm": 72.9902, "asgs_loci_uri_2021": "http://linked.data.gov.au/dataset/asgsed3/SA2/210021233", "shape_Length": 0.48232359896446225, "shape_Area": 0.0074287020757364194 }, "geometry": { "type": "Polygon", "coordinates": [ [ [ 144.514226672000063, -37.413890256999935 ], [ 144.581674322000026, -37.356110996999973 ], [ 144.62153218200001, -37.370576016999962 ], [ 144.634529942000086, -37.412608386999977 ], [ 144.558203552, -37.465168186999961 ], [ 144.532948722000015, -37.45970598699995 ], [ 144.52146524200009, -37.437918116999981 ], [ 144.514226672000063, -37.413890256999935 ] ] ] } },
{ "type": "Feature", "properties": { "objectid": 914, "sa2_code_2021": "210021234", "sa2_name_2021": "Riddells Creek", "change_flag_2021": "0", "change_label_2021": "No change", "sa3_code_2021": "21002", "sa3_name_2021": "Macedon Ranges", "sa4_code_2021": "210", "sa4_name_2021": "Melbourne - North West", "gccsa_code_2021": "2GMEL", "gccsa_name_2021": "Greater Melbourne", "state_code_2021": "2", "state_name_2021": "Victoria", "aus_code_2021": "AUS", "aus_name_2021": "Australia", "area_albers_sqkm": 83.3503, "asgs_loci_uri_2021": "http://linked.data.gov.au/dataset/asgsed3/SA2/210021234", "shape_Length": 0.61457512454666707, "shape_Area": 0.0084860373101807527 }, "geometry": { "type": "Polygon", "coordinates": [ [ [ 144.639883502000089, -37.424480436999943 ], [ 144.620204672000114, -37.379147976999946 ], [ 144.648647012000083, -37.378022986999952 ], [ 144.650102992000029, -37.393379986999946 ], [ 144.680398032000085, -37.406414996999956 ], [ 144.731120002000011, -37.402283006999937 ], [ 144.725871002000076, -37.451108996999949 ], [ 144.701220002000014, -37.46286099699995 ], [ 144.728734032000034, -37.474011996999934 ], [ 144.722621302000107, -37.483752856999956 ], [ 144.645430522000083, -37.495509976999983 ], [ 144.657682872, -37.486920556999962 ], [ 144.630660972000101, -37.44263899699996 ], [ 144.639883502000089, -37.424480436999943 ] ] ] } },
{ "type": "Feature", "properties": { "objectid": 915, "sa2_code_2021": "210021235", "sa2_name_2021": "Romsey", "change_flag_2021": "0", "change_label_2021": "No change", "sa3_code_2021": "21002", "sa3_name_2021": "Macedon Ranges", "sa4_code_2021": "210", "sa4_name_2021": "Melbourne - North West", "gccsa_code_2021": "2GMEL", "gccsa_name_2021": "Greater Melbourne", "state_code_2021": "2", "state_name_2021": "Victoria", "aus_code_2021": "AUS", "aus_name_2021": "Australia", "area_albers_sqkm": 624.7097, "asgs_loci_uri_2021": "http://linked.data.gov.au/dataset/asgsed3/SA2/210021235", "shape_Length": 1.7680642655843821, "shape_Area": 0.063529219364481082 }, "geometry": { "type": "Polygon", "coordinates": [ [ [ 144.634292982000034, -37.336322996999968 ], [ 144.660166002000096, -37.292971996999938 ], [ 144.624595992000081, -37.283232986999963 ], [ 144.618131982000023, -37.25718498699996 ], [ 144.590931022000063, -37.253572996999935 ], [ 144.648881012000061, -37.221334376999948 ], [ 144.627710972000045, -37.215343116999975 ], [ 144.649707001000024, -37.207147006999946 ], [ 144.658756012000026, -37.180767006999929 ], [ 144.714138152000032, -37.176481346999935 ], [ 144.716097952000041, -37.208795646999931 ], [ 144.703811431000076, -37.212958296999943 ], [ 144.731378092000114, -37.220545646999938 ], [ 144.812352432000012, -37.213925936999942 ], [ 144.829042931000117, -37.235668416999943 ], [ 144.825211412000044, -37.284065356999974 ], [ 144.855793562000031, -37.285474286999943 ], [ 144.849218262000022, -37.322316386999944 ], [ 144.917790162000074, -37.347987906999947 ], [ 144.895115672000088, -37.424405856999954 ], [ 144.89176650200011, -37.460893356999975 ], [ 144.905645702000015, -37.464703246999932 ], [ 144.895045802000027, -37.493621796999946 ], [ 144.867719862000058, -37.503406986999948 ], [ 144.870505212000012, -37.515535806999935 ], [ 144.766890032000106, -37.505023646999973 ], [ 144.726175342000033, -37.486530836999975 ], [ 144.728734032000034, -37.474011996999934 ], [ 144.701220002000014, -37.46286099699995 ], [ 144.725871002000076, -37.451108996999949 ], [ 144.733559002000106, -37.404643996999937 ], [ 144.719497012000033, -37.394038996999939 ], [ 144.680398032000085, -37.406414996999956 ], [ 144.650102992000029, -37.393379986999946 ], [ 144.648647012000083, -37.378022986999952 ], [ 144.600603662000026, -37.365054126999951 ], [ 144.604399012000044, -37.335476986999936 ], [ 144.634292982000034, -37.336322996999968 ] ] ] } },
{ "type": "Feature", "properties": { "objectid": 916, "sa2_code_2021": "210031236", "sa2_name_2021": "Coburg North", "change_flag_2021": "0", "change_label_2021": "No change", "sa3_code_2021": "21003", "sa3_name_2021": "Moreland - North", "sa4_code_2021": "210", "sa4_name_2021": "Melbourne - North West", "gccsa_code_2021": "2GMEL", "gccsa_name_2021": "Greater Melbourne", "state_code_2021": "2", "state_name_2021": "Victoria", "aus_code_2021": "AUS", "aus_name_2021": "Australia", "area_albers_sqkm": 4.8779, "asgs_loci_uri_2021": "http://linked.data.gov.au/dataset/asgsed3/SA2/210031236", "shape_Length": 0.10118922426135445, "shape_Area": 0.00049855540648931261 }, "geometry": { "type": "Polygon", "coordinates": [ [ [ 144.951186242000063, -37.72130804699998 ], [ 144.985267822000083, -37.721369436999964 ], [ 144.982906922000097, -37.735955556999954 ], [ 144.949463982000111, -37.732505986999968 ], [ 144.951186242000063, -37.72130804699998 ] ] ] } },
{ "type": "Feature", "properties": { "objectid": 917, "sa2_code_2021": "210031237", "sa2_name_2021": "Fawkner", "change_flag_2021": "0", "change_label_2021": "No change", "sa3_code_2021": "21003", "sa3_name_2021": "Moreland - North", "sa4_code_2021": "210", "sa4_name_2021": "Melbourne - North West", "gccsa_code_2021": "2GMEL", "gccsa_name_2021": "Greater Melbourne", "state_code_2021": "2", "state_name_2021": "Victoria", "aus_code_2021": "AUS", "aus_name_2021": "Australia", "area_albers_sqkm": 5.0848, "asgs_loci_uri_2021": "http://linked.data.gov.au/dataset/asgsed3/SA2/210031237", "shape_Length": 0.11627084109422733, "shape_Area": 0.0005195330993420813 }, "geometry": { "type": "Polygon", "coordinates": [ [ [ 144.958734542000116, -37.700342956999975 ], [ 144.97873706200005, -37.694353256999932 ], [ 144.978667492000113, -37.719298526999978 ], [ 144.962981652000053, -37.71921608699995 ], [ 144.958734542000116, -37.700342956999975 ] ] ] } },
{ "type": "Feature", "properties": { "objectid": 918, "sa2_code_2021": "210031439", "sa2_name_2021": "Gowanbrae", "change_flag_2021": "0", "change_label_2021": "No change", "sa3_code_2021": "21003", "sa3_name_2021": "Moreland - North", "sa4_code_2021": "210", "sa4_name_2021": "Melbourne - North West", "gccsa_code_2021": "2GMEL", "gccsa_name_2021": "Greater Melbourne", "state_code_2021": "2", "state_name_2021": "Victoria", "aus_code_2021": "AUS", "aus_name_2021": "Australia", "area_albers_sqkm": 1.5225, "asgs_loci_uri_2021": "http://linked.data.gov.au/dataset/asgsed3/SA2/210031439", "shape_Length": 0.064825270828035061, "shape_Area": 0.00015557136498706915 }, "geometry": { "type": "Polygon", "coordinates": [ [ [ 144.897537512000099, -37.709265416999983 ], [ 144.90306015200008, -37.694329366999966 ], [ 144.90959186200007, -37.694019606999973 ], [ 144.897537512000099, -37.709265416999983 ] ] ] } },
{ "type": "Feature", "properties": { "objectid": 919, "sa2_code_2021": "210031440", "sa2_name_2021": "Hadfield", "change_flag_2021": "0", "change_label_2021": "No change", "sa3_code_2021": "21003", "sa3_name_2021": "Moreland - North", "sa4_code_2021": "210", "sa4_name_2021": "Melbourne - North West", "gccsa_code_2021": "2GMEL", "gccsa_name_2021": "Greater Melbourne", "state_code_2021": "2", "state_name_2021": "Victoria", "aus_code_2021": "AUS", "aus_name_2021": "Australia", "area_albers_sqkm": 3.0502, "asgs_loci_uri_2021": "http://linked.data.gov.au/dataset/asgsed3/SA2/210031440", "shape_Length": 0.079823645875585242, "shape_Area": 0.0003116783259937007 }, "geometry": { "type": "Polygon", "coordinates": [ [ [ 144.937100892000103, -37.713898266999934 ], [ 144.960529762000078, -37.704530986999941 ], [ 144.962981652000053, -37.71921608699995 ], [ 144.937100892000103, -37.713898266999934 ] ] ] } },
{ "type": "Feature", "properties": { "objectid": 920, "sa2_code_2021": "210031535", "sa2_name_2021": "Glenroy - East", "change_flag_2021": "1", "change_label_2021": "New", "sa3_code_2021": "21003", "sa3_name_2021": "Moreland - North", "sa4_code_2021": "210", "sa4_name_2021": "Melbourne - North West", "gccsa_code_2021": "2GMEL", "gccsa_name_2021": "Greater Melbourne", "state_code_2021": "2", "state_name_2021": "Victoria", "aus_code_2021": "AUS", "aus_name_2021": "Australia", "area_albers_sqkm": 6.2473, "asgs_loci_uri_2021": "http://linked.data.gov.au/dataset/asgsed3/SA2/210031535", "shape_Length": 0.13583544202556458, "shape_Area": 0.00063829713410035031 }, "geometry": { "type": "Polygon", "coordinates": [ [ [ 144.915688012000032, -37.697625566999932 ], [ 144.957111132000023, -37.692197816999965 ], [ 144.959267992000036, -37.704396016999965 ], [ 144.920665702000065, -37.715325296999936 ], [ 144.915688012000032, -37.697625566999932 ] ] ] } },
{ "type": "Feature", "properties": { "objectid": 921, "sa2_code_2021": "210031536", "sa2_name_2021": "Glenroy - West", "change_flag_2021": "1", "change_label_2021": "New", "sa3_code_2021": "21003", "sa3_name_2021": "Moreland - North", "sa4_code_2021": "210", "sa4_name_2021": "Melbourne - North West", "gccsa_code_2021": "2GMEL", "gccsa_name_2021": "Greater Melbourne", "state_code_2021": "2", "state_name_2021": "Victoria", "aus_code_2021": "AUS", "aus_name_2021": "Australia", "area_albers_sqkm": 2.6109, "asgs_loci_uri_2021": "http://linked.data.gov.au/dataset/asgsed3/SA2/210031536", "shape_Length": 0.073365784990356536, "shape_Area": 0.00026676853037269218 }, "geometry": { "type": "Polygon", "coordinates": [ [ [ 144.901208612000119, -37.712313556999959 ], [ 144.91591669200011, -37.69451414699995 ], [ 144.919437002000109, -37.711498996999978 ], [ 144.901208612000119, -37.712313556999959 ] ] ] } },
{ "type": "Feature", "properties": { "objectid": 922, "sa2_code_2021": "210031537", "sa2_name_2021": "Oak Park", "change_flag_2021": "1", "change_label_2021": "New", "sa3_code_2021": "21003", "sa3_name_2021": "Moreland - North", "sa4_code_2021": "210", "sa4_name_2021": "Melbourne - North West", "gccsa_code_2021": "2GMEL", "gccsa_name_2021": "Greater Melbourne", "state_code_2021": "2", "state_name_2021": "Victoria", "aus_code_2021": "AUS", "aus_name_2021": "Australia", "area_albers_sqkm": 2.3533, "asgs_loci_uri_2021": "http://linked.data.gov.au/dataset/asgsed3/SA2/210031537", "shape_Length": 0.1151270432356666, "shape_Area": 0.00024053246894188362 }, "geometry": { "type": "Polygon", "coordinates": [ [ [ 144.910298352000041, -37.721681786999966 ], [ 144.927241582000079, -37.713472556999932 ], [ 144.929071362000059, -37.73528278699996 ], [ 144.910298352000041, -37.721681786999966 ] ] ] } },
{ "type": "Feature", "properties": { "objectid": 923, "sa2_code_2021": "210031538", "sa2_name_2021": "Pascoe Vale", "change_flag_2021": "1", "change_label_2021": "New", "sa3_code_2021": "21003", "sa3_name_2021": "Moreland - North", "sa4_code_2021": "210", "sa4_name_2021": "Melbourne - North West", "gccsa_code_2021": "2GMEL", "gccsa_name_2021": "Greater Melbourne", "state_code_2021": "2", "state_name_2021": "Victoria", "aus_code_2021": "AUS", "aus_name_2021": "Australia", "area_albers_sqkm": 4.631, "asgs_loci_uri_2021": "http://linked.data.gov.au/dataset/asgsed3/SA2/210031538", "shape_Length": 0.093869872450137365, "shape_Area": 0.00047317982189037911 }, "geometry": { "type": "Polygon", "coordinates": [ [ [ 144.92676598200012, -37.720452646999945 ], [ 144.952105562000042, -37.715658816999962 ], [ 144.949052522000102, -37.736008116999983 ], [ 144.92887298200003, -37.73363700699997 ], [ 144.92676598200012, -37.720452646999945 ] ] ] } },
{ "type": "Feature", "properties": { "objectid": 924, "sa2_code_2021": "210041240", "sa2_name_2021": "Sunbury", "change_flag_2021": "0", "change_label_2021": "No change", "sa3_code_2021": "21004", "sa3_name_2021": "Sunbury", "sa4_code_2021": "210", "sa4_name_2021": "Melbourne - North West", "gccsa_code_2021": "2GMEL", "gccsa_name_2021": "Greater Melbourne", "state_code_2021": "2", "state_name_2021": "Victoria", "aus_code_2021": "AUS", "aus_name_2021": "Australia", "area_albers_sqkm": 129.5487, "asgs_loci_uri_2021": "http://linked.data.gov.au/dataset/asgsed3/SA2/210041240", "shape_Length": 0.77027604449553355, "shape_Area": 0.013207129507634561 }, "geometry": { "type": "Polygon", "coordinates": [ [ [ 144.782919992000075, -37.589348996999945 ], [ 144.69002892200001, -37.546920836999959 ], [ 144.682199412000045, -37.493158706999964 ], [ 144.720789332000095, -37.48316585699996 ], [ 144.766890032000106, -37.505023646999973 ], [ 144.870505212000012, -37.515535806999935 ], [ 144.847955182000078, -37.556901986999947 ], [ 144.828399982000064, -37.555266956999958 ], [ 144.808998842000051, -37.581838006999931 ], [ 144.808127992000095, -37.608883016999982 ], [ 144.792231982000089, -37.611977986999932 ], [ 144.782919992000075, -37.589348996999945 ] ] ] } },
{ "type": "Feature", "properties": { "objectid": 925, "sa2_code_2021": "210041539", "sa2_name_2021": "Diggers Rest", "change_flag_2021": "1", "change_label_2021": "New", "sa3_code_2021": "21004", "sa3_name_2021": "Sunbury", "sa4_code_2021": "210", "sa4_name_2021": "Melbourne - North West", "gccsa_code_2021": "2GMEL", "gccsa_name_2021": "Greater Melbourne", "state_code_2021": "2", "state_name_2021": "Victoria", "aus_code_2021": "AUS", "aus_name_2021": "Australia", "area_albers_sqkm": 51.8922, "asgs_loci_uri_2021": "http://linked.data.gov.au/dataset/asgsed3/SA2/210041539", "shape_Length": 0.38970131858744483, "shape_Area": 0.0052956074429078388 }, "geometry": { "type": "Polygon", "coordinates": [ [ [ 144.631664982000075, -37.582681996999952 ], [ 144.626207352000051, -37.562906846999965 ], [ 144.671645552000086, -37.567721696999968 ], [ 144.746472262000111, -37.663028646999976 ], [ 144.656528012000081, -37.640010006999944 ], [ 144.656935542000042, -37.593911206999962 ], [ 144.631664982000075, -37.582681996999952 ] ] ] } },
{ "type": "Feature", "properties": { "objectid": 926, "sa2_code_2021": "210041540", "sa2_name_2021": "Sunbury - South", "change_flag_2021": "1", "change_label_2021": "New", "sa3_code_2021": "21004", "sa3_name_2021": "Sunbury", "sa4_code_2021": "210", "sa4_name_2021": "Melbourne - North West", "gccsa_code_2021": "2GMEL", "gccsa_name_2021": "Greater Melbourne", "state_code_2021": "2", "state_name_2021": "Victoria", "aus_code_2021": "AUS", "aus_name_2021": "Australia", "area_albers_sqkm": 41.4496, "asgs_loci_uri_2021": "http://linked.data.gov.au/dataset/asgsed3/SA2/210041540", "shape_Length": 0.33295174116074067, "shape_Area": 0.0042298274645749395 }, "geometry": { "type": "Polygon", "coordinates": [ [ [ 144.683599922000099, -37.582155436999983 ], [ 144.72179928200012, -37.569999136999968 ], [ 144.78049804200009, -37.615134976999968 ], [ 144.762896572000045, -37.664838116999931 ], [ 144.742299002000095, -37.660033996999971 ], [ 144.683599922000099, -37.582155436999983 ] ] ] } },
{ "type": "Feature", "properties": { "objectid": 927, "sa2_code_2021": "210041541", "sa2_name_2021": "Sunbury - West", "change_flag_2021": "1", "change_label_2021": "New", "sa3_code_2021": "21004", "sa3_name_2021": "Sunbury", "sa4_code_2021": "210", "sa4_name_2021": "Melbourne - North West", "gccsa_code_2021": "2GMEL", "gccsa_name_2021": "Greater Melbourne", "state_code_2021": "2", "state_name_2021": "Victoria", "aus_code_2021": "AUS", "aus_name_2021": "Australia", "area_albers_sqkm": 37.7941, "asgs_loci_uri_2021": "http://linked.data.gov.au/dataset/asgsed3/SA2/210041541", "shape_Length": 0.31267672040923833, "shape_Area": 0.0038529473866923719 }, "geometry": { "type": "Polygon", "coordinates": [ [ [ 144.692720972000075, -37.583045376999962 ], [ 144.632409322000058, -37.530121516999941 ], [ 144.645028512000067, -37.495043986999974 ], [ 144.682694642000115, -37.494013146999976 ], [ 144.69002892200001, -37.546920836999959 ], [ 144.72179928200012, -37.569999136999968 ], [ 144.692720972000075, -37.583045376999962 ] ] ] } },
{ "type": "Feature", "properties": { "objectid": 928, "sa2_code_2021": "210051242", "sa2_name_2021": "Broadmeadows", "change_flag_2021": "0", "change_label_2021": "No change", "sa3_code_2021": "21005", "sa3_name_2021": "Tullamarine - Broadmeadows", "sa4_code_2021": "210", "sa4_name_2021": "Melbourne - North West", "gccsa_code_2021": "2GMEL", "gccsa_name_2021": "Greater Melbourne", "state_code_2021": "2", "state_name_2021": "Victoria", "aus_code_2021": "AUS", "aus_name_2021": "Australia", "area_albers_sqkm": 8.8268, "asgs_loci_uri_2021": "http://linked.data.gov.au/dataset/asgsed3/SA2/210051242", "shape_Length": 0.15790453407937982, "shape_Area": 0.00090157282421586635 }, "geometry": { "type": "Polygon", "coordinates": [ [ [ 144.91569564200006, -37.673183336999955 ], [ 144.950683592000019, -37.675992186999963 ], [ 144.95853493200002, -37.69218107699993 ], [ 144.90959186200007, -37.694019606999973 ], [ 144.91569564200006, -37.673183336999955 ] ] ] } },
{ "type": "Feature", "properties": { "objectid": 929, "sa2_code_2021": "210051243", "sa2_name_2021": "Campbellfield - Coolaroo", "change_flag_2021": "0", "change_label_2021": "No change", "sa3_code_2021": "21005", "sa3_name_2021": "Tullamarine - Broadmeadows", "sa4_code_2021": "210", "sa4_name_2021": "Melbourne - North West", "gccsa_code_2021": "2GMEL", "gccsa_name_2021": "Greater Melbourne", "state_code_2021": "2", "state_name_2021": "Victoria", "aus_code_2021": "AUS", "aus_name_2021": "Australia", "area_albers_sqkm": 18.1867, "asgs_loci_uri_2021": "http://linked.data.gov.au/dataset/asgsed3/SA2/210051243", "shape_Length": 0.23010994142393293, "shape_Area": 0.0018571397473704015 }, "geometry": { "type": "Polygon", "coordinates": [ [ [ 144.924432362000061, -37.669206096999972 ], [ 144.928756802000066, -37.64071385699998 ], [ 144.976277142000072, -37.650083026999937 ], [ 144.972060842000019, -37.690999016999967 ], [ 144.924432362000061, -37.669206096999972 ] ] ] } },
{ "type": "Feature", "properties": { "objectid": 930, "sa2_code_2021": "210051245", "sa2_name_2021": "Gladstone Park - Westmeadows", "change_flag_2021": "0", "change_label_2021": "No change", "sa3_code_2021": "21005", "sa3_name_2021": "Tullamarine - Broadmeadows", "sa4_code_2021": "210", "sa4_name_2021": "Melbourne - North West", "gccsa_code_2021": "2GMEL", "gccsa_name_2021": "Greater Melbourne", "state_code_2021": "2", "state_name_2021": "Victoria", "aus_code_2021": "AUS", "aus_name_2021": "Australia", "area_albers_sqkm": 13.936, "asgs_loci_uri_2021": "http://linked.data.gov.au/dataset/asgsed3/SA2/210051245", "shape_Length": 0.19406444831715522, "shape_Area": 0.001423412489782184 }, "geometry": { "type": "Polygon", "coordinates": [ [ [ 144.889623002000121, -37.704675416999976 ], [ 144.859877002000076, -37.666457986999944 ], [ 144.870684902000107, -37.658342926999978 ], [ 144.922080992000019, -37.663789996999981 ], [ 144.889623002000121, -37.704675416999976 ] ] ] } },
{ "type": "Feature", "properties": { "objectid": 931, "sa2_code_2021": "210051246", "sa2_name_2021": "Greenvale - Bulla", "change_flag_2021": "0", "change_label_2021": "No change", "sa3_code_2021": "21005", "sa3_name_2021": "Tullamarine - Broadmeadows", "sa4_code_2021": "210", "sa4_name_2021": "Melbourne - North West", "gccsa_code_2021": "2GMEL", "gccsa_name_2021": "Greater Melbourne", "state_code_2021": "2", "state_name_2021": "Victoria", "aus_code_2021": "AUS", "aus_name_2021": "Australia", "area_albers_sqkm": 95.906, "asgs_loci_uri_2021": "http://linked.data.gov.au/dataset/asgsed3/SA2/210051246", "shape_Length": 0.85511162583405864, "shape_Area": 0.0097882592006569152 }, "geometry": { "type": "Polygon", "coordinates": [ [ [ 144.78049804200009, -37.615134976999968 ], [ 144.760124982000093, -37.58262599699998 ], [ 144.800468982000098, -37.611759006999932 ], [ 144.817845132000116, -37.600964016999967 ], [ 144.808953842000051, -37.58201198699993 ], [ 144.828399982000064, -37.555266956999958 ], [ 144.849431172000095, -37.551303446999952 ], [ 144.843980012000088, -37.585709006999934 ], [ 144.912557482000011, -37.610092856999984 ], [ 144.915143002000036, -37.623246006999977 ], [ 144.906881662000046, -37.662027866999949 ], [ 144.860508012000082, -37.665766996999935 ], [ 144.816036012000041, -37.641010006999977 ], [ 144.797644092000041, -37.654749986999946 ], [ 144.808890842000096, -37.665061016999971 ], [ 144.801388082000017, -37.675402016999954 ], [ 144.77698148200011, -37.676802066999983 ], [ 144.761023022000018, -37.660016996999957 ], [ 144.78049804200009, -37.615134976999968 ] ] ] } },
{ "type": "Feature", "properties": { "objectid": 932, "sa2_code_2021": "210051247", "sa2_name_2021": "Meadow Heights", "change_flag_2021": "0", "change_label_2021": "No change", "sa3_code_2021": "21005", "sa3_name_2021": "Tullamarine - Broadmeadows", "sa4_code_2021": "210", "sa4_name_2021": "Melbourne - North West", "gccsa_code_2021": "2GMEL", "gccsa_name_2021": "Greater Melbourne", "state_code_2021": "2", "state_name_2021": "Victoria", "aus_code_2021": "AUS", "aus_name_2021": "Australia", "area_albers_sqkm": 4.6252, "asgs_loci_uri_2021": "http://linked.data.gov.au/dataset/asgsed3/SA2/210051247", "shape_Length": 0.086910228717419283, "shape_Area": 0.0004722329237629883 }, "geometry": { "type": "Polygon", "coordinates": [ [ [ 144.909960692000027, -37.642482976999929 ], [ 144.928756802000066, -37.64071385699998 ], [ 144.922080992000019, -37.663789996999981 ], [ 144.906737522000071, -37.662749106999968 ], [ 144.909960692000027, -37.642482976999929 ] ] ] } },
{ "type": "Feature", "properties": { "objectid": 933, "sa2_code_2021": "210051248", "sa2_name_2021": "Melbourne Airport", "change_flag_2021": "0", "change_label_2021": "No change", "sa3_code_2021": "21005", "sa3_name_2021": "Tullamarine - Broadmeadows", "sa4_code_2021": "210", "sa4_name_2021": "Melbourne - North West", "gccsa_code_2021": "2GMEL", "gccsa_name_2021": "Greater Melbourne", "state_code_2021": "2", "state_name_2021": "Victoria", "aus_code_2021": "AUS", "aus_name_2021": "Australia", "area_albers_sqkm": 30.3848, "asgs_loci_uri_2021": "http://linked.data.gov.au/dataset/asgsed3/SA2/210051248", "shape_Length": 0.35217073538561883, "shape_Area": 0.003103272002213278 }, "geometry": { "type": "Polygon", "coordinates": [ [ [ 144.833881262000091, -37.644208096999932 ], [ 144.867576092000036, -37.671040456999947 ], [ 144.869620532000113, -37.707044126999961 ], [ 144.809733952000101, -37.698095966999972 ], [ 144.820287022000116, -37.683575006999945 ], [ 144.806221082000093, -37.683007996999947 ], [ 144.797644092000041, -37.654749986999946 ], [ 144.833881262000091, -37.644208096999932 ] ] ] } },
{ "type": "Feature", "properties": { "objectid": 934, "sa2_code_2021": "210051250", "sa2_name_2021": "Tullamarine", "change_flag_2021": "0", "change_label_2021": "No change", "sa3_code_2021": "21005", "sa3_name_2021": "Tullamarine - Broadmeadows", "sa4_code_2021": "210", "sa4_name_2021": "Melbourne - North West", "gccsa_code_2021": "2GMEL", "gccsa_name_2021": "Greater Melbourne", "state_code_2021": "2", "state_name_2021": "Victoria", "aus_code_2021": "AUS", "aus_name_2021": "Australia", "area_albers_sqkm": 3.8595, "asgs_loci_uri_2021": "http://linked.data.gov.au/dataset/asgsed3/SA2/210051250", "shape_Length": 0.10178848950551661, "shape_Area": 0.00039429045238195443 }, "geometry": { "type": "Polygon", "coordinates": [ [ [ 144.869620532000113, -37.707044126999961 ], [ 144.866335742000047, -37.677921996999942 ], [ 144.889623002000121, -37.704675416999976 ], [ 144.869620532000113, -37.707044126999961 ] ] ] } },
{ "type": "Feature", "properties": { "objectid": 935, "sa2_code_2021": "210051441", "sa2_name_2021": "Craigieburn - Central", "change_flag_2021": "0", "change_label_2021": "No change", "sa3_code_2021": "21005", "sa3_name_2021": "Tullamarine - Broadmeadows", "sa4_code_2021": "210", "sa4_name_2021": "Melbourne - North West", "gccsa_code_2021": "2GMEL", "gccsa_name_2021": "Greater Melbourne", "state_code_2021": "2", "state_name_2021": "Victoria", "aus_code_2021": "AUS", "aus_name_2021": "Australia", "area_albers_sqkm": 3.9685, "asgs_loci_uri_2021": "http://linked.data.gov.au/dataset/asgsed3/SA2/210051441", "shape_Length": 0.10849490682201147, "shape_Area": 0.00040485917767052394 }, "geometry": { "type": "Polygon", "coordinates": [ [ [ 144.917685732000109, -37.596374276999939 ], [ 144.950048272000117, -37.585560226999974 ], [ 144.952624812000067, -37.600342196999975 ], [ 144.917685732000109, -37.596374276999939 ] ] ] } },
{ "type": "Feature", "properties": { "objectid": 936, "sa2_code_2021": "210051442", "sa2_name_2021": "Craigieburn - North", "change_flag_2021": "0", "change_label_2021": "No change", "sa3_code_2021": "21005", "sa3_name_2021": "Tullamarine - Broadmeadows", "sa4_code_2021": "210", "sa4_name_2021": "Melbourne - North West", "gccsa_code_2021": "2GMEL", "gccsa_name_2021": "Greater Melbourne", "state_code_2021": "2", "state_name_2021": "Victoria", "aus_code_2021": "AUS", "aus_name_2021": "Australia", "area_albers_sqkm": 13.3514, "asgs_loci_uri_2021": "http://linked.data.gov.au/dataset/asgsed3/SA2/210051442", "shape_Length": 0.24071331517601288, "shape_Area": 0.0013617451881271763 }, "geometry": { "type": "Polygon", "coordinates": [ [ [ 144.940504002000011, -37.569693996999945 ], [ 144.945468982000079, -37.540113996999935 ], [ 144.960004452000021, -37.541618636999942 ], [ 144.953038832000061, -37.597006976999978 ], [ 144.945179762000066, -37.583522176999963 ], [ 144.915725432000045, -37.584260806999964 ], [ 144.91118300200003, -37.566196996999963 ], [ 144.940504002000011, -37.569693996999945 ] ] ] } },
{ "type": "Feature", "properties": { "objectid": 937, "sa2_code_2021": "210051443", "sa2_name_2021": "Craigieburn - South", "change_flag_2021": "0", "change_label_2021": "No change", "sa3_code_2021": "21005", "sa3_name_2021": "Tullamarine - Broadmeadows", "sa4_code_2021": "210", "sa4_name_2021": "Melbourne - North West", "gccsa_code_2021": "2GMEL", "gccsa_name_2021": "Greater Melbourne", "state_code_2021": "2", "state_name_2021": "Victoria", "aus_code_2021": "AUS", "aus_name_2021": "Australia", "area_albers_sqkm": 11.9142, "asgs_loci_uri_2021": "http://linked.data.gov.au/dataset/asgsed3/SA2/210051443", "shape_Length": 0.22391674389115204, "shape_Area": 0.001215656889060281 }, "geometry": { "type": "Polygon", "coordinates": [ [ [ 144.892082002000052, -37.606324996999945 ], [ 144.879526812000108, -37.589840996999953 ], [ 144.952624812000067, -37.600342196999975 ], [ 144.957363822000048, -37.62074896699994 ], [ 144.892082002000052, -37.606324996999945 ] ] ] } },
{ "type": "Feature", "properties": { "objectid": 938, "sa2_code_2021": "210051445", "sa2_name_2021": "Mickleham - Yuroke", "change_flag_2021": "0", "change_label_2021": "No change", "sa3_code_2021": "21005", "sa3_name_2021": "Tullamarine - Broadmeadows", "sa4_code_2021": "210", "sa4_name_2021": "Melbourne - North West", "gccsa_code_2021": "2GMEL", "gccsa_name_2021": "Greater Melbourne", "state_code_2021": "2", "state_name_2021": "Victoria", "aus_code_2021": "AUS", "aus_name_2021": "Australia", "area_albers_sqkm": 70.8359, "asgs_loci_uri_2021": "http://linked.data.gov.au/dataset/asgsed3/SA2/210051445", "shape_Length": 0.53776098186028076, "shape_Area": 0.0072219670770861406 }, "geometry": { "type": "Polygon", "coordinates": [ [ [ 144.976082212000051, -37.528495536999969 ], [ 144.945468982000079, -37.540113996999935 ], [ 144.940504002000011, -37.569693996999945 ], [ 144.895040992000077, -37.564228986999979 ], [ 144.883402012000033, -37.60533698699993 ], [ 144.843980012000088, -37.585709006999934 ], [ 144.867777132000015, -37.503364946999966 ], [ 144.977205262000098, -37.513728636999929 ], [ 144.976082212000051, -37.528495536999969 ] ] ] } },
{ "type": "Feature", "properties": { "objectid": 939, "sa2_code_2021": "210051542", "sa2_name_2021": "Craigieburn - North West", "change_flag_2021": "1", "change_label_2021": "New", "sa3_code_2021": "21005", "sa3_name_2021": "Tullamarine - Broadmeadows", "sa4_code_2021": "210", "sa4_name_2021": "Melbourne - North West", "gccsa_code_2021": "2GMEL", "gccsa_name_2021": "Greater Melbourne", "state_code_2021": "2", "state_name_2021": "Victoria", "aus_code_2021": "AUS", "aus_name_2021": "Australia", "area_albers_sqkm": 1.9198, "asgs_loci_uri_2021": "http://linked.data.gov.au/dataset/asgsed3/SA2/210051542", "shape_Length": 0.068104925879983347, "shape_Area": 0.00019577770772689042 }, "geometry": { "type": "Polygon", "coordinates": [ [ [ 144.893265252000106, -37.573216676999948 ], [ 144.91118300200003, -37.566196996999963 ], [ 144.91543700200009, -37.581018996999944 ], [ 144.893265252000106, -37.573216676999948 ] ] ] } },
{ "type": "Feature", "properties": { "objectid": 940, "sa2_code_2021": "210051543", "sa2_name_2021": "Craigieburn - West", "change_flag_2021": "1", "change_label_2021": "New", "sa3_code_2021": "21005", "sa3_name_2021": "Tullamarine - Broadmeadows", "sa4_code_2021": "210", "sa4_name_2021": "Melbourne - North West", "gccsa_code_2021": "2GMEL", "gccsa_name_2021": "Greater Melbourne", "state_code_2021": "2", "state_name_2021": "Victoria", "aus_code_2021": "AUS", "aus_name_2021": "Australia", "area_albers_sqkm": 4.089, "asgs_loci_uri_2021": "http://linked.data.gov.au/dataset/asgsed3/SA2/210051543", "shape_Length": 0.091535607590155665, "shape_Area": 0.00041716191464060944 }, "geometry": { "type": "Polygon", "coordinates": [ [ [ 144.890228902000104, -37.591135836999968 ], [ 144.90635201200007, -37.57520799699995 ], [ 144.917685732000109, -37.596374276999939 ], [ 144.890228902000104, -37.591135836999968 ] ] ] } },
{ "type": "Feature", "properties": { "objectid": 941, "sa2_code_2021": "210051544", "sa2_name_2021": "Roxburgh Park (South) - Somerton", "change_flag_2021": "1", "change_label_2021": "New", "sa3_code_2021": "21005", "sa3_name_2021": "Tullamarine - Broadmeadows", "sa4_code_2021": "210", "sa4_name_2021": "Melbourne - North West", "gccsa_code_2021": "2GMEL", "gccsa_name_2021": "Greater Melbourne", "state_code_2021": "2", "state_name_2021": "Victoria", "aus_code_2021": "AUS", "aus_name_2021": "Australia", "area_albers_sqkm": 8.8762, "asgs_loci_uri_2021": "http://linked.data.gov.au/dataset/asgsed3/SA2/210051544", "shape_Length": 0.16555310485683394, "shape_Area": 0.00090602799884221684 }, "geometry": { "type": "Polygon", "coordinates": [ [ [ 144.910388982000086, -37.638249006999956 ], [ 144.953633892000084, -37.62258174699997 ], [ 144.974024652000026, -37.646539556999983 ], [ 144.910388982000086, -37.638249006999956 ] ] ] } },
{ "type": "Feature", "properties": { "objectid": 942, "sa2_code_2021": "210051545", "sa2_name_2021": "Roxburgh Park - North", "change_flag_2021": "1", "change_label_2021": "New", "sa3_code_2021": "21005", "sa3_name_2021": "Tullamarine - Broadmeadows", "sa4_code_2021": "210", "sa4_name_2021": "Melbourne - North West", "gccsa_code_2021": "2GMEL", "gccsa_name_2021": "Greater Melbourne", "state_code_2021": "2", "state_name_2021": "Victoria", "aus_code_2021": "AUS", "aus_name_2021": "Australia", "area_albers_sqkm": 3.4138, "asgs_loci_uri_2021": "http://linked.data.gov.au/dataset/asgsed3/SA2/210051545", "shape_Length": 0.095422859551775596, "shape_Area": 0.00034843188560976847 }, "geometry": { "type": "Polygon", "coordinates": [ [ [ 144.911736012000119, -37.631334996999954 ], [ 144.912557482000011, -37.610092856999984 ], [ 144.940489692000028, -37.613706756999932 ], [ 144.911736012000119, -37.631334996999954 ] ] ] } },
{ "type": "Feature", "properties": { "objectid": 943, "sa2_code_2021": "211011251", "sa2_name_2021": "Bayswater", "change_flag_2021": "0", "change_label_2021": "No change", "sa3_code_2021": "21101", "sa3_name_2021": "Knox", "sa4_code_2021": "211", "sa4_name_2021": "Melbourne - Outer East", "gccsa_code_2021": "2GMEL", "gccsa_name_2021": "Greater Melbourne", "state_code_2021": "2", "state_name_2021": "Victoria", "aus_code_2021": "AUS", "aus_name_2021": "Australia", "area_albers_sqkm": 8.0437, "asgs_loci_uri_2021": "http://linked.data.gov.au/dataset/asgsed3/SA2/211011251", "shape_Length": 0.1553087132405668, "shape_Area": 0.00082336598566048178 }, "geometry": { "type": "Polygon", "coordinates": [ [ [ 145.267105712000102, -37.860454796999932 ], [ 145.238287022, -37.838693416999945 ], [ 145.287266042000056, -37.833561346999943 ], [ 145.286168742000086, -37.851840956999979 ], [ 145.267105712000102, -37.860454796999932 ] ] ] } },
{ "type": "Feature", "properties": { "objectid": 944, "sa2_code_2021": "211011254", "sa2_name_2021": "Knoxfield - Scoresby", "change_flag_2021": "0", "change_label_2021": "No change", "sa3_code_2021": "21101", "sa3_name_2021": "Knox", "sa4_code_2021": "211", "sa4_name_2021": "Melbourne - Outer East", "gccsa_code_2021": "2GMEL", "gccsa_name_2021": "Greater Melbourne", "state_code_2021": "2", "state_name_2021": "Victoria", "aus_code_2021": "AUS", "aus_name_2021": "Australia", "area_albers_sqkm": 15.2651, "asgs_loci_uri_2021": "http://linked.data.gov.au/dataset/asgsed3/SA2/211011254", "shape_Length": 0.30306328508465336, "shape_Area": 0.0015636568763159081 }, "geometry": { "type": "Polygon", "coordinates": [ [ [ 145.196135002000119, -37.888240006999979 ], [ 145.258568072000116, -37.868759436999937 ], [ 145.263177982000116, -37.902262546999964 ], [ 145.205647012000099, -37.924400996999964 ], [ 145.196135002000119, -37.888240006999979 ] ] ] } },
{ "type": "Feature", "properties": { "objectid": 945, "sa2_code_2021": "211011255", "sa2_name_2021": "Lysterfield", "change_flag_2021": "0", "change_label_2021": "No change", "sa3_code_2021": "21101", "sa3_name_2021": "Knox", "sa4_code_2021": "211", "sa4_name_2021": "Melbourne - Outer East", "gccsa_code_2021": "2GMEL", "gccsa_name_2021": "Greater Melbourne", "state_code_2021": "2", "state_name_2021": "Victoria", "aus_code_2021": "AUS", "aus_name_2021": "Australia", "area_albers_sqkm": 18.494, "asgs_loci_uri_2021": "http://linked.data.gov.au/dataset/asgsed3/SA2/211011255", "shape_Length": 0.21426158821237087, "shape_Area": 0.0018951151851958484 }, "geometry": { "type": "Polygon", "coordinates": [ [ [ 145.270815492000111, -37.919437836999975 ], [ 145.295025612000018, -37.900322426999935 ], [ 145.325237392000076, -37.920849756999985 ], [ 145.299877342000059, -37.93146227699998 ], [ 145.293180942000049, -37.96486811699998 ], [ 145.265712102000066, -37.94590633699994 ], [ 145.270815492000111, -37.919437836999975 ] ] ] } },
{ "type": "Feature", "properties": { "objectid": 946, "sa2_code_2021": "211011256", "sa2_name_2021": "Rowville - Central", "change_flag_2021": "0", "change_label_2021": "No change", "sa3_code_2021": "21101", "sa3_name_2021": "Knox", "sa4_code_2021": "211", "sa4_name_2021": "Melbourne - Outer East", "gccsa_code_2021": "2GMEL", "gccsa_name_2021": "Greater Melbourne", "state_code_2021": "2", "state_name_2021": "Victoria", "aus_code_2021": "AUS", "aus_name_2021": "Australia", "area_albers_sqkm": 8.2003, "asgs_loci_uri_2021": "http://linked.data.gov.au/dataset/asgsed3/SA2/211011256", "shape_Length": 0.1716918632818025, "shape_Area": 0.00084023071698317842 }, "geometry": { "type": "Polygon", "coordinates": [ [ [ 145.213309312000092, -37.925527676999934 ], [ 145.23598336200007, -37.903224096999963 ], [ 145.272416422000106, -37.913296056999968 ], [ 145.265148362000104, -37.928795666999974 ], [ 145.213309312000092, -37.925527676999934 ] ] ] } },
{ "type": "Feature", "properties": { "objectid": 947, "sa2_code_2021": "211011257", "sa2_name_2021": "Rowville - North", "change_flag_2021": "0", "change_label_2021": "No change", "sa3_code_2021": "21101", "sa3_name_2021": "Knox", "sa4_code_2021": "211", "sa4_name_2021": "Melbourne - Outer East", "gccsa_code_2021": "2GMEL", "gccsa_name_2021": "Greater Melbourne", "state_code_2021": "2", "state_name_2021": "Victoria", "aus_code_2021": "AUS", "aus_name_2021": "Australia", "area_albers_sqkm": 4.1688, "asgs_loci_uri_2021": "http://linked.data.gov.au/dataset/asgsed3/SA2/211011257", "shape_Length": 0.11780910429972978, "shape_Area": 0.00042704867984451914 }, "geometry": { "type": "Polygon", "coordinates": [ [ [ 145.236438372000066, -37.910696836999932 ], [ 145.274630002000094, -37.899696996999978 ], [ 145.286767052000073, -37.901384866999933 ], [ 145.236438372000066, -37.910696836999932 ] ] ] } },
{ "type": "Feature", "properties": { "objectid": 948, "sa2_code_2021": "211011258", "sa2_name_2021": "Rowville - South", "change_flag_2021": "0", "change_label_2021": "No change", "sa3_code_2021": "21101", "sa3_name_2021": "Knox", "sa4_code_2021": "211", "sa4_name_2021": "Melbourne - Outer East", "gccsa_code_2021": "2GMEL", "gccsa_name_2021": "Greater Melbourne", "state_code_2021": "2", "state_name_2021": "Victoria", "aus_code_2021": "AUS", "aus_name_2021": "Australia", "area_albers_sqkm": 9.3532, "asgs_loci_uri_2021": "http://linked.data.gov.au/dataset/asgsed3/SA2/211011258", "shape_Length": 0.18738480098986271, "shape_Area": 0.00095858947344224551 }, "geometry": { "type": "Polygon", "coordinates": [ [ [ 145.229194002000099, -37.952075996999952 ], [ 145.205647012000099, -37.924400996999964 ], [ 145.269022692000021, -37.929295886999967 ], [ 145.265712102000066, -37.94590633699994 ], [ 145.229194002000099, -37.952075996999952 ] ] ] } },
{ "type": "Feature", "properties": { "objectid": 949, "sa2_code_2021": "211011259", "sa2_name_2021": "Wantirna", "change_flag_2021": "0", "change_label_2021": "No change", "sa3_code_2021": "21101", "sa3_name_2021": "Knox", "sa4_code_2021": "211", "sa4_name_2021": "Melbourne - Outer East", "gccsa_code_2021": "2GMEL", "gccsa_name_2021": "Greater Melbourne", "state_code_2021": "2", "state_name_2021": "Victoria", "aus_code_2021": "AUS", "aus_name_2021": "Australia", "area_albers_sqkm": 8.3064, "asgs_loci_uri_2021": "http://linked.data.gov.au/dataset/asgsed3/SA2/211011259", "shape_Length": 0.15202438448750993, "shape_Area": 0.00085033094658581272 }, "geometry": { "type": "Polygon", "coordinates": [ [ [ 145.200430432000076, -37.859088596999982 ], [ 145.217332812000109, -37.838091406999979 ], [ 145.248547902000041, -37.843381706999935 ], [ 145.235201492000101, -37.868975736999971 ], [ 145.200430432000076, -37.859088596999982 ] ] ] } },
{ "type": "Feature", "properties": { "objectid": 950, "sa2_code_2021": "211011260", "sa2_name_2021": "Wantirna South", "change_flag_2021": "0", "change_label_2021": "No change", "sa3_code_2021": "21101", "sa3_name_2021": "Knox", "sa4_code_2021": "211", "sa4_name_2021": "Melbourne - Outer East", "gccsa_code_2021": "2GMEL", "gccsa_name_2021": "Greater Melbourne", "state_code_2021": "2", "state_name_2021": "Victoria", "aus_code_2021": "AUS", "aus_name_2021": "Australia", "area_albers_sqkm": 13.3559, "asgs_loci_uri_2021": "http://linked.data.gov.au/dataset/asgsed3/SA2/211011260", "shape_Length": 0.24270605839939763, "shape_Area": 0.0013676533909412444 }, "geometry": { "type": "Polygon", "coordinates": [ [ [ 145.200430432000076, -37.859088596999982 ], [ 145.253798872000061, -37.856114666999929 ], [ 145.232969012000012, -37.889044996999985 ], [ 145.190929992000065, -37.880922996999971 ], [ 145.200430432000076, -37.859088596999982 ] ] ] } },
{ "type": "Feature", "properties": { "objectid": 951, "sa2_code_2021": "211011446", "sa2_name_2021": "Boronia", "change_flag_2021": "0", "change_label_2021": "No change", "sa3_code_2021": "21101", "sa3_name_2021": "Knox", "sa4_code_2021": "211", "sa4_name_2021": "Melbourne - Outer East", "gccsa_code_2021": "2GMEL", "gccsa_name_2021": "Greater Melbourne", "state_code_2021": "2", "state_name_2021": "Victoria", "aus_code_2021": "AUS", "aus_name_2021": "Australia", "area_albers_sqkm": 11.2631, "asgs_loci_uri_2021": "http://linked.data.gov.au/dataset/asgsed3/SA2/211011446", "shape_Length": 0.23532536728293521, "shape_Area": 0.0011531198544358218 }, "geometry": { "type": "Polygon", "coordinates": [ [ [ 145.250369442000078, -37.868308996999929 ], [ 145.287274332000038, -37.833327356999973 ], [ 145.317973462000054, -37.843918796999958 ], [ 145.299196002000031, -37.852151996999964 ], [ 145.305758002000061, -37.869728996999982 ], [ 145.250369442000078, -37.868308996999929 ] ] ] } },
{ "type": "Feature", "properties": { "objectid": 952, "sa2_code_2021": "211011447", "sa2_name_2021": "Ferntree Gully - North", "change_flag_2021": "3", "change_label_2021": "Name change", "sa3_code_2021": "21101", "sa3_name_2021": "Knox", "sa4_code_2021": "211", "sa4_name_2021": "Melbourne - Outer East", "gccsa_code_2021": "2GMEL", "gccsa_name_2021": "Greater Melbourne", "state_code_2021": "2", "state_name_2021": "Victoria", "aus_code_2021": "AUS", "aus_name_2021": "Australia", "area_albers_sqkm": 6.9851, "asgs_loci_uri_2021": "http://linked.data.gov.au/dataset/asgsed3/SA2/211011447", "shape_Length": 0.15902329378916183, "shape_Area": 0.00071532661632354641 }, "geometry": { "type": "Polygon", "coordinates": [ [ [ 145.258685922000041, -37.874349536999944 ], [ 145.266357972000037, -37.867285076999963 ], [ 145.308495902000118, -37.871066046999943 ], [ 145.303473322000059, -37.891103526999984 ], [ 145.258685922000041, -37.874349536999944 ] ] ] } },
{ "type": "Feature", "properties": { "objectid": 953, "sa2_code_2021": "211011448", "sa2_name_2021": "Ferntree Gully (South) - Upper Ferntree Gully", "change_flag_2021": "0", "change_label_2021": "No change", "sa3_code_2021": "21101", "sa3_name_2021": "Knox", "sa4_code_2021": "211", "sa4_name_2021": "Melbourne - Outer East", "gccsa_code_2021": "2GMEL", "gccsa_name_2021": "Greater Melbourne", "state_code_2021": "2", "state_name_2021": "Victoria", "aus_code_2021": "AUS", "aus_name_2021": "Australia", "area_albers_sqkm": 9.1499, "asgs_loci_uri_2021": "http://linked.data.gov.au/dataset/asgsed3/SA2/211011448", "shape_Length": 0.19055771120608078, "shape_Area": 0.00093722661024900887 }, "geometry": { "type": "Polygon", "coordinates": [ [ [ 145.263177982000116, -37.902262546999964 ], [ 145.257656592000103, -37.876388866999946 ], [ 145.324241242000085, -37.899459106999984 ], [ 145.263177982000116, -37.902262546999964 ] ] ] } },
{ "type": "Feature", "properties": { "objectid": 954, "sa2_code_2021": "211011449", "sa2_name_2021": "The Basin", "change_flag_2021": "0", "change_label_2021": "No change", "sa3_code_2021": "21101", "sa3_name_2021": "Knox", "sa4_code_2021": "211", "sa4_name_2021": "Melbourne - Outer East", "gccsa_code_2021": "2GMEL", "gccsa_name_2021": "Greater Melbourne", "state_code_2021": "2", "state_name_2021": "Victoria", "aus_code_2021": "AUS", "aus_name_2021": "Australia", "area_albers_sqkm": 5.7163, "asgs_loci_uri_2021": "http://linked.data.gov.au/dataset/asgsed3/SA2/211011449", "shape_Length": 0.14662066862868633, "shape_Area": 0.00058519152576310806 }, "geometry": { "type": "Polygon", "coordinates": [ [ [ 145.301841812000021, -37.855877386999964 ], [ 145.320152472000018, -37.844892786999935 ], [ 145.34761934200003, -37.859409806999963 ], [ 145.324211602000105, -37.867065756999978 ], [ 145.301841812000021, -37.855877386999964 ] ] ] } },
{ "type": "Feature", "properties": { "objectid": 955, "sa2_code_2021": "211021261", "sa2_name_2021": "Donvale - Park Orchards", "change_flag_2021": "0", "change_label_2021": "No change", "sa3_code_2021": "21102", "sa3_name_2021": "Manningham - East", "sa4_code_2021": "211", "sa4_name_2021": "Melbourne - Outer East", "gccsa_code_2021": "2GMEL", "gccsa_name_2021": "Greater Melbourne", "state_code_2021": "2", "state_name_2021": "Victoria", "aus_code_2021": "AUS", "aus_name_2021": "Australia", "area_albers_sqkm": 20.8028, "asgs_loci_uri_2021": "http://linked.data.gov.au/dataset/asgsed3/SA2/211021261", "shape_Length": 0.26905302614864951, "shape_Area": 0.002127674632232924 }, "geometry": { "type": "Polygon", "coordinates": [ [ [ 145.167760812000097, -37.802490026999976 ], [ 145.182174842000109, -37.76540409699993 ], [ 145.201751362000095, -37.772508036999966 ], [ 145.204390022000098, -37.760844986999984 ], [ 145.238678452000045, -37.775443216999975 ], [ 145.213530242000047, -37.811766096999975 ], [ 145.167760812000097, -37.802490026999976 ] ] ] } },
{ "type": "Feature", "properties": { "objectid": 956, "sa2_code_2021": "211021262", "sa2_name_2021": "Warrandyte - Wonga Park", "change_flag_2021": "0", "change_label_2021": "No change", "sa3_code_2021": "21102", "sa3_name_2021": "Manningham - East", "sa4_code_2021": "211", "sa4_name_2021": "Melbourne - Outer East", "gccsa_code_2021": "2GMEL", "gccsa_name_2021": "Greater Melbourne", "state_code_2021": "2", "state_name_2021": "Victoria", "aus_code_2021": "AUS", "aus_name_2021": "Australia", "area_albers_sqkm": 45.7591, "asgs_loci_uri_2021": "http://linked.data.gov.au/dataset/asgsed3/SA2/211021262", "shape_Length": 0.58982001505817494, "shape_Area": 0.0046776337911656179 }, "geometry": { "type": "Polygon", "coordinates": [ [ [ 145.241958562000036, -37.736080486999981 ], [ 145.235509592000085, -37.720305736999933 ], [ 145.267937872000061, -37.703306216999977 ], [ 145.283594912000012, -37.718856336999977 ], [ 145.292311552000115, -37.702443096999957 ], [ 145.296432692000053, -37.763453246999973 ], [ 145.240569262, -37.764763106999965 ], [ 145.238678452000045, -37.775443216999975 ], [ 145.218155052000043, -37.759471916999985 ], [ 145.196588112000086, -37.773064366999961 ], [ 145.175532832000044, -37.749979076999978 ], [ 145.181476672000031, -37.729803466999954 ], [ 145.241958562000036, -37.736080486999981 ] ] ] } },
{ "type": "Feature", "properties": { "objectid": 957, "sa2_code_2021": "211031263", "sa2_name_2021": "Bayswater North", "change_flag_2021": "0", "change_label_2021": "No change", "sa3_code_2021": "21103", "sa3_name_2021": "Maroondah", "sa4_code_2021": "211", "sa4_name_2021": "Melbourne - Outer East", "gccsa_code_2021": "2GMEL", "gccsa_name_2021": "Greater Melbourne", "state_code_2021": "2", "state_name_2021": "Victoria", "aus_code_2021": "AUS", "aus_name_2021": "Australia", "area_albers_sqkm": 9.909, "asgs_loci_uri_2021": "http://linked.data.gov.au/dataset/asgsed3/SA2/211031263", "shape_Length": 0.18459047836813081, "shape_Area": 0.001014108656826639 }, "geometry": { "type": "Polygon", "coordinates": [ [ [ 145.264567392000117, -37.823491446999981 ], [ 145.31680765200008, -37.818158746999984 ], [ 145.317973462000054, -37.843918796999958 ], [ 145.258542082000076, -37.836590666999939 ], [ 145.264567392000117, -37.823491446999981 ] ] ] } },
{ "type": "Feature", "properties": { "objectid": 958, "sa2_code_2021": "211031265", "sa2_name_2021": "Croydon Hills - Warranwood", "change_flag_2021": "0", "change_label_2021": "No change", "sa3_code_2021": "21103", "sa3_name_2021": "Maroondah", "sa4_code_2021": "211", "sa4_name_2021": "Melbourne - Outer East", "gccsa_code_2021": "2GMEL", "gccsa_name_2021": "Greater Melbourne", "state_code_2021": "2", "state_name_2021": "Victoria", "aus_code_2021": "AUS", "aus_name_2021": "Australia", "area_albers_sqkm": 9.492, "asgs_loci_uri_2021": "http://linked.data.gov.au/dataset/asgsed3/SA2/211031265", "shape_Length": 0.15297533455617884, "shape_Area": 0.00097069760505243238 }, "geometry": { "type": "Polygon", "coordinates": [ [ [ 145.239602482, -37.770338806999973 ], [ 145.278202692000036, -37.761844636999967 ], [ 145.300341262000074, -37.767394346999936 ], [ 145.27773538200006, -37.78572554699997 ], [ 145.239602482, -37.770338806999973 ] ] ] } },
{ "type": "Feature", "properties": { "objectid": 959, "sa2_code_2021": "211031266", "sa2_name_2021": "Ringwood", "change_flag_2021": "0", "change_label_2021": "No change", "sa3_code_2021": "21103", "sa3_name_2021": "Maroondah", "sa4_code_2021": "211", "sa4_name_2021": "Melbourne - Outer East", "gccsa_code_2021": "2GMEL", "gccsa_name_2021": "Greater Melbourne", "state_code_2021": "2", "state_name_2021": "Victoria", "aus_code_2021": "AUS", "aus_name_2021": "Australia", "area_albers_sqkm": 9.9105, "asgs_loci_uri_2021": "http://linked.data.gov.au/dataset/asgsed3/SA2/211031266", "shape_Length": 0.20651458927003616, "shape_Area": 0.0010140454415905134 }, "geometry": { "type": "Polygon", "coordinates": [ [ [ 145.213708402000066, -37.810719766999966 ], [ 145.264391092000096, -37.782426846999954 ], [ 145.230320752000011, -37.839744046999954 ], [ 145.216612812000108, -37.838185826999961 ], [ 145.213708402000066, -37.810719766999966 ] ] ] } },
{ "type": "Feature", "properties": { "objectid": 960, "sa2_code_2021": "211031267", "sa2_name_2021": "Ringwood East", "change_flag_2021": "0", "change_label_2021": "No change", "sa3_code_2021": "21103", "sa3_name_2021": "Maroondah", "sa4_code_2021": "211", "sa4_name_2021": "Melbourne - Outer East", "gccsa_code_2021": "2GMEL", "gccsa_name_2021": "Greater Melbourne", "state_code_2021": "2", "state_name_2021": "Victoria", "aus_code_2021": "AUS", "aus_name_2021": "Australia", "area_albers_sqkm": 9.3929, "asgs_loci_uri_2021": "http://linked.data.gov.au/dataset/asgsed3/SA2/211031267", "shape_Length": 0.17143410402721257, "shape_Area": 0.00096117902414726388 }, "geometry": { "type": "Polygon", "coordinates": [ [ [ 145.230320752000011, -37.839744046999954 ], [ 145.235075242000107, -37.812689096999975 ], [ 145.255880172000047, -37.796561276999967 ], [ 145.264021572000047, -37.830668836999962 ], [ 145.230320752000011, -37.839744046999954 ] ] ] } },
{ "type": "Feature", "properties": { "objectid": 961, "sa2_code_2021": "211031268", "sa2_name_2021": "Ringwood North", "change_flag_2021": "0", "change_label_2021": "No change", "sa3_code_2021": "21103", "sa3_name_2021": "Maroondah", "sa4_code_2021": "211", "sa4_name_2021": "Melbourne - Outer East", "gccsa_code_2021": "2GMEL", "gccsa_name_2021": "Greater Melbourne", "state_code_2021": "2", "state_name_2021": "Victoria", "aus_code_2021": "AUS", "aus_name_2021": "Australia", "area_albers_sqkm": 4.7307, "asgs_loci_uri_2021": "http://linked.data.gov.au/dataset/asgsed3/SA2/211031268", "shape_Length": 0.11505073172551374, "shape_Area": 0.00048393653336145642 }, "geometry": { "type": "Polygon", "coordinates": [ [ [ 145.213818372000105, -37.810704766999947 ], [ 145.237834532000079, -37.779221266999969 ], [ 145.249202172000082, -37.780579106999937 ], [ 145.213818372000105, -37.810704766999947 ] ] ] } },
{ "type": "Feature", "properties": { "objectid": 962, "sa2_code_2021": "211031450", "sa2_name_2021": "Croydon - East", "change_flag_2021": "0", "change_label_2021": "No change", "sa3_code_2021": "21103", "sa3_name_2021": "Maroondah", "sa4_code_2021": "211", "sa4_name_2021": "Melbourne - Outer East", "gccsa_code_2021": "2GMEL", "gccsa_name_2021": "Greater Melbourne", "state_code_2021": "2", "state_name_2021": "Victoria", "aus_code_2021": "AUS", "aus_name_2021": "Australia", "area_albers_sqkm": 8.0982, "asgs_loci_uri_2021": "http://linked.data.gov.au/dataset/asgsed3/SA2/211031450", "shape_Length": 0.14006909970421555, "shape_Area": 0.00082848223832875654 }, "geometry": { "type": "Polygon", "coordinates": [ [ [ 145.259461842000064, -37.809145776999969 ], [ 145.305465462000029, -37.783135346999984 ], [ 145.305831442000112, -37.813265496999975 ], [ 145.259461842000064, -37.809145776999969 ] ] ] } },
{ "type": "Feature", "properties": { "objectid": 963, "sa2_code_2021": "211031451", "sa2_name_2021": "Croydon - West", "change_flag_2021": "0", "change_label_2021": "No change", "sa3_code_2021": "21103", "sa3_name_2021": "Maroondah", "sa4_code_2021": "211", "sa4_name_2021": "Melbourne - Outer East", "gccsa_code_2021": "2GMEL", "gccsa_name_2021": "Greater Melbourne", "state_code_2021": "2", "state_name_2021": "Victoria", "aus_code_2021": "AUS", "aus_name_2021": "Australia", "area_albers_sqkm": 6.7979, "asgs_loci_uri_2021": "http://linked.data.gov.au/dataset/asgsed3/SA2/211031451", "shape_Length": 0.15219122897878964, "shape_Area": 0.00069534480367191025 }, "geometry": { "type": "Polygon", "coordinates": [ [ [ 145.258967012000085, -37.786879006999982 ], [ 145.307879642000103, -37.777555986999971 ], [ 145.264020032000076, -37.807798436999974 ], [ 145.258967012000085, -37.786879006999982 ] ] ] } },
{ "type": "Feature", "properties": { "objectid": 964, "sa2_code_2021": "211031452", "sa2_name_2021": "Croydon South", "change_flag_2021": "0", "change_label_2021": "No change", "sa3_code_2021": "21103", "sa3_name_2021": "Maroondah", "sa4_code_2021": "211", "sa4_name_2021": "Melbourne - Outer East", "gccsa_code_2021": "2GMEL", "gccsa_name_2021": "Greater Melbourne", "state_code_2021": "2", "state_name_2021": "Victoria", "aus_code_2021": "AUS", "aus_name_2021": "Australia", "area_albers_sqkm": 2.856, "asgs_loci_uri_2021": "http://linked.data.gov.au/dataset/asgsed3/SA2/211031452", "shape_Length": 0.11422065485134411, "shape_Area": 0.00029221559704784689 }, "geometry": { "type": "Polygon", "coordinates": [ [ [ 145.278302992000022, -37.821782996999957 ], [ 145.25828264200004, -37.809689306999985 ], [ 145.305831442000112, -37.813265496999975 ], [ 145.278302992000022, -37.821782996999957 ] ] ] } },
{ "type": "Feature", "properties": { "objectid": 965, "sa2_code_2021": "211041269", "sa2_name_2021": "Forest Hill", "change_flag_2021": "0", "change_label_2021": "No change", "sa3_code_2021": "21104", "sa3_name_2021": "Whitehorse - East", "sa4_code_2021": "211", "sa4_name_2021": "Melbourne - Outer East", "gccsa_code_2021": "2GMEL", "gccsa_name_2021": "Greater Melbourne", "state_code_2021": "2", "state_name_2021": "Victoria", "aus_code_2021": "AUS", "aus_name_2021": "Australia", "area_albers_sqkm": 4.0702, "asgs_loci_uri_2021": "http://linked.data.gov.au/dataset/asgsed3/SA2/211041269", "shape_Length": 0.11269588509051155, "shape_Area": 0.00041663649559503529 }, "geometry": { "type": "Polygon", "coordinates": [ [ [ 145.169265962000054, -37.854838346999941 ], [ 145.16776333200005, -37.827926846999958 ], [ 145.18517690200008, -37.836270266999975 ], [ 145.169265962000054, -37.854838346999941 ] ] ] } },
{ "type": "Feature", "properties": { "objectid": 966, "sa2_code_2021": "211041270", "sa2_name_2021": "Mitcham (Vic.)", "change_flag_2021": "0", "change_label_2021": "No change", "sa3_code_2021": "21104", "sa3_name_2021": "Whitehorse - East", "sa4_code_2021": "211", "sa4_name_2021": "Melbourne - Outer East", "gccsa_code_2021": "2GMEL", "gccsa_name_2021": "Greater Melbourne", "state_code_2021": "2", "state_name_2021": "Victoria", "aus_code_2021": "AUS", "aus_name_2021": "Australia", "area_albers_sqkm": 6.6271, "asgs_loci_uri_2021": "http://linked.data.gov.au/dataset/asgsed3/SA2/211041270", "shape_Length": 0.11516707141840535, "shape_Area": 0.00067811113924903788 }, "geometry": { "type": "Polygon", "coordinates": [ [ [ 145.188794772000051, -37.83089631699994 ], [ 145.187365362000037, -37.802627596999969 ], [ 145.207226872000092, -37.806374246999951 ], [ 145.213347052000017, -37.830920606999939 ], [ 145.188794772000051, -37.83089631699994 ] ] ] } },
{ "type": "Feature", "properties": { "objectid": 967, "sa2_code_2021": "211041271", "sa2_name_2021": "Nunawading", "change_flag_2021": "0", "change_label_2021": "No change", "sa3_code_2021": "21104", "sa3_name_2021": "Whitehorse - East", "sa4_code_2021": "211", "sa4_name_2021": "Melbourne - Outer East", "gccsa_code_2021": "2GMEL", "gccsa_name_2021": "Greater Melbourne", "state_code_2021": "2", "state_name_2021": "Victoria", "aus_code_2021": "AUS", "aus_name_2021": "Australia", "area_albers_sqkm": 5.0785, "asgs_loci_uri_2021": "http://linked.data.gov.au/dataset/asgsed3/SA2/211041271", "shape_Length": 0.12178514854425734, "shape_Area": 0.00051962055931229129 }, "geometry": { "type": "Polygon", "coordinates": [ [ [ 145.167969262000042, -37.807457406999958 ], [ 145.187365362000037, -37.802627596999969 ], [ 145.189117622000026, -37.831780746999982 ], [ 145.166266062000091, -37.827746186999946 ], [ 145.167969262000042, -37.807457406999958 ] ] ] } },
{ "type": "Feature", "properties": { "objectid": 968, "sa2_code_2021": "211041272", "sa2_name_2021": "Vermont", "change_flag_2021": "0", "change_label_2021": "No change", "sa3_code_2021": "21104", "sa3_name_2021": "Whitehorse - East", "sa4_code_2021": "211", "sa4_name_2021": "Melbourne - Outer East", "gccsa_code_2021": "2GMEL", "gccsa_name_2021": "Greater Melbourne", "state_code_2021": "2", "state_name_2021": "Victoria", "aus_code_2021": "AUS", "aus_name_2021": "Australia", "area_albers_sqkm": 4.6098, "asgs_loci_uri_2021": "http://linked.data.gov.au/dataset/asgsed3/SA2/211041272", "shape_Length": 0.10290653623690058, "shape_Area": 0.00047178976814653343 }, "geometry": { "type": "Polygon", "coordinates": [ [ [ 145.210725002000117, -37.847169636999979 ], [ 145.191082012000038, -37.83054799699994 ], [ 145.21671647200003, -37.832385416999955 ], [ 145.210725002000117, -37.847169636999979 ] ] ] } },
{ "type": "Feature", "properties": { "objectid": 969, "sa2_code_2021": "211041273", "sa2_name_2021": "Vermont South", "change_flag_2021": "0", "change_label_2021": "No change", "sa3_code_2021": "21104", "sa3_name_2021": "Whitehorse - East", "sa4_code_2021": "211", "sa4_name_2021": "Melbourne - Outer East", "gccsa_code_2021": "2GMEL", "gccsa_name_2021": "Greater Melbourne", "state_code_2021": "2", "state_name_2021": "Victoria", "aus_code_2021": "AUS", "aus_name_2021": "Australia", "area_albers_sqkm": 6.184, "asgs_loci_uri_2021": "http://linked.data.gov.au/dataset/asgsed3/SA2/211041273", "shape_Length": 0.13770267485131649, "shape_Area": 0.00063308062390863889 }, "geometry": { "type": "Polygon", "coordinates": [ [ [ 145.196624172000043, -37.865205456999945 ], [ 145.170824882000034, -37.845362296999951 ], [ 145.21066488200006, -37.84750056699994 ], [ 145.196624172000043, -37.865205456999945 ] ] ] } },
{ "type": "Feature", "properties": { "objectid": 970, "sa2_code_2021": "211051274", "sa2_name_2021": "Belgrave - Selby", "change_flag_2021": "0", "change_label_2021": "No change", "sa3_code_2021": "21105", "sa3_name_2021": "Yarra Ranges", "sa4_code_2021": "211", "sa4_name_2021": "Melbourne - Outer East", "gccsa_code_2021": "2GMEL", "gccsa_name_2021": "Greater Melbourne", "state_code_2021": "2", "state_name_2021": "Victoria", "aus_code_2021": "AUS", "aus_name_2021": "Australia", "area_albers_sqkm": 55.652, "asgs_loci_uri_2021": "http://linked.data.gov.au/dataset/asgsed3/SA2/211051274", "shape_Length": 0.45478088693767033, "shape_Area": 0.0057037064206468093 }, "geometry": { "type": "Polygon", "coordinates": [ [ [ 145.351799502000063, -37.901903936999929 ], [ 145.396766882000065, -37.901251076999984 ], [ 145.422918192000111, -37.919186986999932 ], [ 145.383517092000034, -37.938273296999967 ], [ 145.387960202000045, -37.971272246999945 ], [ 145.293180942000049, -37.96486811699998 ], [ 145.299877342000059, -37.93146227699998 ], [ 145.351799502000063, -37.901903936999929 ] ] ] } },
{ "type": "Feature", "properties": { "objectid": 971, "sa2_code_2021": "211051275", "sa2_name_2021": "Chirnside Park", "change_flag_2021": "0", "change_label_2021": "No change", "sa3_code_2021": "21105", "sa3_name_2021": "Yarra Ranges", "sa4_code_2021": "211", "sa4_name_2021": "Melbourne - Outer East", "gccsa_code_2021": "2GMEL", "gccsa_name_2021": "Greater Melbourne", "state_code_2021": "2", "state_name_2021": "Victoria", "aus_code_2021": "AUS", "aus_name_2021": "Australia", "area_albers_sqkm": 22.2024, "asgs_loci_uri_2021": "http://linked.data.gov.au/dataset/asgsed3/SA2/211051275", "shape_Length": 0.23432641494769088, "shape_Area": 0.0022694817677628744 }, "geometry": { "type": "Polygon", "coordinates": [ [ [ 145.30256703200007, -37.771446586999957 ], [ 145.293591642000024, -37.712234206999938 ], [ 145.342550002000053, -37.716456846999961 ], [ 145.334309872000063, -37.761137866999945 ], [ 145.30256703200007, -37.771446586999957 ] ] ] } },
{ "type": "Feature", "properties": { "objectid": 972, "sa2_code_2021": "211051276", "sa2_name_2021": "Healesville - Yarra Glen", "change_flag_2021": "0", "change_label_2021": "No change", "sa3_code_2021": "21105", "sa3_name_2021": "Yarra Ranges", "sa4_code_2021": "211", "sa4_name_2021": "Melbourne - Outer East", "gccsa_code_2021": "2GMEL", "gccsa_name_2021": "Greater Melbourne", "state_code_2021": "2", "state_name_2021": "Victoria", "aus_code_2021": "AUS", "aus_name_2021": "Australia", "area_albers_sqkm": 369.5236, "asgs_loci_uri_2021": "http://linked.data.gov.au/dataset/asgsed3/SA2/211051276", "shape_Length": 1.3660293867324251, "shape_Area": 0.037715115344189191 }, "geometry": { "type": "Polygon", "coordinates": [ [ [ 145.384272612000018, -37.661795916999949 ], [ 145.332382022000047, -37.679985006999971 ], [ 145.35843998200005, -37.627486996999949 ], [ 145.366411772000106, -37.545125946999974 ], [ 145.405039102000046, -37.526550966999935 ], [ 145.469914672000073, -37.557672036999975 ], [ 145.531474661000061, -37.556866616999969 ], [ 145.562597332000109, -37.593244366999954 ], [ 145.586141622000014, -37.567325866999965 ], [ 145.61491968200005, -37.571044756999981 ], [ 145.675852532000022, -37.624195446999977 ], [ 145.587960092000117, -37.677120686999956 ], [ 145.572142412000062, -37.701309416999948 ], [ 145.57533499200008, -37.740219986999932 ], [ 145.501985252000054, -37.73432498699998 ], [ 145.509253902000069, -37.70434380699993 ], [ 145.484932231000016, -37.663576056999943 ], [ 145.441786062000119, -37.673984436999945 ], [ 145.420851082000013, -37.657618566999929 ], [ 145.401010702000121, -37.675851866999949 ], [ 145.384272612000018, -37.661795916999949 ] ] ] } },
{ "type": "Feature", "properties": { "objectid": 973, "sa2_code_2021": "211051277", "sa2_name_2021": "Kilsyth", "change_flag_2021": "0", "change_label_2021": "No change", "sa3_code_2021": "21105", "sa3_name_2021": "Yarra Ranges", "sa4_code_2021": "211", "sa4_name_2021": "Melbourne - Outer East", "gccsa_code_2021": "2GMEL", "gccsa_name_2021": "Greater Melbourne", "state_code_2021": "2", "state_name_2021": "Victoria", "aus_code_2021": "AUS", "aus_name_2021": "Australia", "area_albers_sqkm": 8.2426, "asgs_loci_uri_2021": "http://linked.data.gov.au/dataset/asgsed3/SA2/211051277", "shape_Length": 0.18266166688134594, "shape_Area": 0.00084335767335156036 }, "geometry": { "type": "Polygon", "coordinates": [ [ [ 145.304287562000013, -37.821537976999934 ], [ 145.314322222000101, -37.791731606999974 ], [ 145.339852002000043, -37.802665996999963 ], [ 145.322911762000103, -37.814922466999974 ], [ 145.326016382000034, -37.846635726999978 ], [ 145.31680765200008, -37.818158746999984 ], [ 145.304287562000013, -37.821537976999934 ] ] ] } },
{ "type": "Feature", "properties": { "objectid": 974, "sa2_code_2021": "211051278", "sa2_name_2021": "Lilydale - Coldstream", "change_flag_2021": "0", "change_label_2021": "No change", "sa3_code_2021": "21105", "sa3_name_2021": "Yarra Ranges", "sa4_code_2021": "211", "sa4_name_2021": "Melbourne - Outer East", "gccsa_code_2021": "2GMEL", "gccsa_name_2021": "Greater Melbourne", "state_code_2021": "2", "state_name_2021": "Victoria", "aus_code_2021": "AUS", "aus_name_2021": "Australia", "area_albers_sqkm": 109.3817, "asgs_loci_uri_2021": "http://linked.data.gov.au/dataset/asgsed3/SA2/211051278", "shape_Length": 0.8650573133678543, "shape_Area": 0.011176895998778826 }, "geometry": { "type": "Polygon", "coordinates": [ [ [ 145.331548462000114, -37.774953186999937 ], [ 145.342550002000053, -37.716456846999961 ], [ 145.312340342000084, -37.713905306999948 ], [ 145.311303342000087, -37.709146146999956 ], [ 145.339263762000087, -37.675819566999962 ], [ 145.35257454200007, -37.682425466999973 ], [ 145.378790672000036, -37.659808956999939 ], [ 145.401010702000121, -37.675851866999949 ], [ 145.420851082000013, -37.657618566999929 ], [ 145.441786062000119, -37.673984436999945 ], [ 145.489307192000069, -37.665625976999934 ], [ 145.494569732000059, -37.690287746999957 ], [ 145.42098799200005, -37.69697399699993 ], [ 145.428032892000033, -37.748543936999965 ], [ 145.411704142000076, -37.747772206999969 ], [ 145.408041002000118, -37.767500276999954 ], [ 145.375014232000012, -37.764102596999976 ], [ 145.359410482000044, -37.796952756999929 ], [ 145.331548462000114, -37.774953186999937 ] ] ] } },
{ "type": "Feature", "properties": { "objectid": 975, "sa2_code_2021": "211051279", "sa2_name_2021": "Monbulk - Silvan", "change_flag_2021": "0", "change_label_2021": "No change", "sa3_code_2021": "21105", "sa3_name_2021": "Yarra Ranges", "sa4_code_2021": "211", "sa4_name_2021": "Melbourne - Outer East", "gccsa_code_2021": "2GMEL", "gccsa_name_2021": "Greater Melbourne", "state_code_2021": "2", "state_name_2021": "Victoria", "aus_code_2021": "AUS", "aus_name_2021": "Australia", "area_albers_sqkm": 68.5553, "asgs_loci_uri_2021": "http://linked.data.gov.au/dataset/asgsed3/SA2/211051279", "shape_Length": 0.59275024526660236, "shape_Area": 0.0070192106246337914 }, "geometry": { "type": "Polygon", "coordinates": [ [ [ 145.423233622000112, -37.851656146999971 ], [ 145.40497464200007, -37.807654666999952 ], [ 145.418045222000046, -37.80070621699997 ], [ 145.450648002000094, -37.830874996999967 ], [ 145.485884992000024, -37.825316986999951 ], [ 145.475510012000086, -37.851696996999976 ], [ 145.524591562000069, -37.859958516999939 ], [ 145.526857232000111, -37.885319816999981 ], [ 145.466671212000051, -37.912021476999939 ], [ 145.451044982000099, -37.881988006999961 ], [ 145.421096762000047, -37.897327706999931 ], [ 145.386690402000113, -37.883447076999971 ], [ 145.423233622000112, -37.851656146999971 ] ] ] } },
{ "type": "Feature", "properties": { "objectid": 976, "sa2_code_2021": "211051280", "sa2_name_2021": "Montrose", "change_flag_2021": "0", "change_label_2021": "No change", "sa3_code_2021": "21105", "sa3_name_2021": "Yarra Ranges", "sa4_code_2021": "211", "sa4_name_2021": "Melbourne - Outer East", "gccsa_code_2021": "2GMEL", "gccsa_name_2021": "Greater Melbourne", "state_code_2021": "2", "state_name_2021": "Victoria", "aus_code_2021": "AUS", "aus_name_2021": "Australia", "area_albers_sqkm": 10.5431, "asgs_loci_uri_2021": "http://linked.data.gov.au/dataset/asgsed3/SA2/211051280", "shape_Length": 0.19389609557273854, "shape_Area": 0.0010787324209812217 }, "geometry": { "type": "Polygon", "coordinates": [ [ [ 145.322911762000103, -37.814922466999974 ], [ 145.353502082000091, -37.786971156999982 ], [ 145.374690992000069, -37.804931986999975 ], [ 145.338582022000082, -37.834855996999977 ], [ 145.322911762000103, -37.814922466999974 ] ] ] } },
{ "type": "Feature", "properties": { "objectid": 977, "sa2_code_2021": "211051281", "sa2_name_2021": "Mooroolbark", "change_flag_2021": "0", "change_label_2021": "No change", "sa3_code_2021": "21105", "sa3_name_2021": "Yarra Ranges", "sa4_code_2021": "211", "sa4_name_2021": "Melbourne - Outer East", "gccsa_code_2021": "2GMEL", "gccsa_name_2021": "Greater Melbourne", "state_code_2021": "2", "state_name_2021": "Victoria", "aus_code_2021": "AUS", "aus_name_2021": "Australia", "area_albers_sqkm": 12.5434, "asgs_loci_uri_2021": "http://linked.data.gov.au/dataset/asgsed3/SA2/211051281", "shape_Length": 0.20358136414621661, "shape_Area": 0.0012829207591231705 }, "geometry": { "type": "Polygon", "coordinates": [ [ [ 145.310499022000045, -37.795586606999962 ], [ 145.298161082000092, -37.770792296999957 ], [ 145.325277552000102, -37.759479676999945 ], [ 145.353502082000091, -37.786971156999982 ], [ 145.344646822000072, -37.802747736999947 ], [ 145.310499022000045, -37.795586606999962 ] ] ] } },
{ "type": "Feature", "properties": { "objectid": 978, "sa2_code_2021": "211051282", "sa2_name_2021": "Mount Dandenong - Olinda", "change_flag_2021": "0", "change_label_2021": "No change", "sa3_code_2021": "21105", "sa3_name_2021": "Yarra Ranges", "sa4_code_2021": "211", "sa4_name_2021": "Melbourne - Outer East", "gccsa_code_2021": "2GMEL", "gccsa_name_2021": "Greater Melbourne", "state_code_2021": "2", "state_name_2021": "Victoria", "aus_code_2021": "AUS", "aus_name_2021": "Australia", "area_albers_sqkm": 81.8993, "asgs_loci_uri_2021": "http://linked.data.gov.au/dataset/asgsed3/SA2/211051282", "shape_Length": 0.70504764516899832, "shape_Area": 0.0083852384477344187 }, "geometry": { "type": "Polygon", "coordinates": [ [ [ 145.326016382000034, -37.846635726999978 ], [ 145.389100682000048, -37.800296016999937 ], [ 145.42919775200005, -37.832260116999976 ], [ 145.386690402000113, -37.883447076999971 ], [ 145.440254482000114, -37.894796736999979 ], [ 145.43870976200003, -37.914577476999966 ], [ 145.304534892000106, -37.887984796999945 ], [ 145.303937052000038, -37.862852456999974 ], [ 145.34761934200003, -37.859409806999963 ], [ 145.326016382000034, -37.846635726999978 ] ] ] } },
{ "type": "Feature", "properties": { "objectid": 979, "sa2_code_2021": "211051283", "sa2_name_2021": "Mount Evelyn", "change_flag_2021": "0", "change_label_2021": "No change", "sa3_code_2021": "21105", "sa3_name_2021": "Yarra Ranges", "sa4_code_2021": "211", "sa4_name_2021": "Melbourne - Outer East", "gccsa_code_2021": "2GMEL", "gccsa_name_2021": "Greater Melbourne", "state_code_2021": "2", "state_name_2021": "Victoria", "aus_code_2021": "AUS", "aus_name_2021": "Australia", "area_albers_sqkm": 16.9894, "asgs_loci_uri_2021": "http://linked.data.gov.au/dataset/asgsed3/SA2/211051283", "shape_Length": 0.22483265582340853, "shape_Area": 0.001737758435456251 }, "geometry": { "type": "Polygon", "coordinates": [ [ [ 145.361967532000108, -37.785411156999942 ], [ 145.375014232000012, -37.764102596999976 ], [ 145.402334232000044, -37.766925956999955 ], [ 145.418644802000017, -37.800370886999929 ], [ 145.374425642000119, -37.80878570699997 ], [ 145.361967532000108, -37.785411156999942 ] ] ] } },
{ "type": "Feature", "properties": { "objectid": 980, "sa2_code_2021": "211051284", "sa2_name_2021": "Upwey - Tecoma", "change_flag_2021": "0", "change_label_2021": "No change", "sa3_code_2021": "21105", "sa3_name_2021": "Yarra Ranges", "sa4_code_2021": "211", "sa4_name_2021": "Melbourne - Outer East", "gccsa_code_2021": "2GMEL", "gccsa_name_2021": "Greater Melbourne", "state_code_2021": "2", "state_name_2021": "Victoria", "aus_code_2021": "AUS", "aus_name_2021": "Australia", "area_albers_sqkm": 8.8907, "asgs_loci_uri_2021": "http://linked.data.gov.au/dataset/asgsed3/SA2/211051284", "shape_Length": 0.16908889415820716, "shape_Area": 0.00091083593195882048 }, "geometry": { "type": "Polygon", "coordinates": [ [ [ 145.312732502000017, -37.901399296999955 ], [ 145.331642892000104, -37.887330376999955 ], [ 145.351809542000069, -37.901976976999947 ], [ 145.335132732000034, -37.920497126999976 ], [ 145.312732502000017, -37.901399296999955 ] ] ] } },
{ "type": "Feature", "properties": { "objectid": 981, "sa2_code_2021": "211051285", "sa2_name_2021": "Wandin - Seville", "change_flag_2021": "0", "change_label_2021": "No change", "sa3_code_2021": "21105", "sa3_name_2021": "Yarra Ranges", "sa4_code_2021": "211", "sa4_name_2021": "Melbourne - Outer East", "gccsa_code_2021": "2GMEL", "gccsa_name_2021": "Greater Melbourne", "state_code_2021": "2", "state_name_2021": "Victoria", "aus_code_2021": "AUS", "aus_name_2021": "Australia", "area_albers_sqkm": 111.7555, "asgs_loci_uri_2021": "http://linked.data.gov.au/dataset/asgsed3/SA2/211051285", "shape_Length": 0.6951174653588067, "shape_Area": 0.011426612412847904 }, "geometry": { "type": "Polygon", "coordinates": [ [ [ 145.412741142000073, -37.794758576999982 ], [ 145.411704142000076, -37.747772206999969 ], [ 145.430097952000096, -37.741934046999972 ], [ 145.42098799200005, -37.69697399699993 ], [ 145.496364692000043, -37.690316756999948 ], [ 145.509066872000062, -37.703668816999937 ], [ 145.49800223200009, -37.730019906999985 ], [ 145.516206712000098, -37.742556706999949 ], [ 145.506961002000025, -37.77963499699996 ], [ 145.520655992000115, -37.792415996999978 ], [ 145.505060012000058, -37.813589986999943 ], [ 145.450648002000094, -37.830874996999967 ], [ 145.412741142000073, -37.794758576999982 ] ] ] } },
{ "type": "Feature", "properties": { "objectid": 982, "sa2_code_2021": "211051286", "sa2_name_2021": "Yarra Valley", "change_flag_2021": "0", "change_label_2021": "No change", "sa3_code_2021": "21105", "sa3_name_2021": "Yarra Ranges", "sa4_code_2021": "211", "sa4_name_2021": "Melbourne - Outer East", "gccsa_code_2021": "2GMEL", "gccsa_name_2021": "Greater Melbourne", "state_code_2021": "2", "state_name_2021": "Victoria", "aus_code_2021": "AUS", "aus_name_2021": "Australia", "area_albers_sqkm": 729.7582, "asgs_loci_uri_2021": "http://linked.data.gov.au/dataset/asgsed3/SA2/211051286", "shape_Length": 1.7872493913853724, "shape_Area": 0.0746226484721806 }, "geometry": { "type": "Polygon", "coordinates": [ [ [ 145.57533499200008, -37.740219986999932 ], [ 145.587960092000117, -37.677120686999956 ], [ 145.737341632000039, -37.593991716999938 ], [ 145.739762642000073, -37.566283576999979 ], [ 145.756079022000108, -37.574449996999931 ], [ 145.76577601200006, -37.617182996999929 ], [ 145.812526012000035, -37.629592006999985 ], [ 145.812218022000025, -37.662260986999968 ], [ 145.792464002000088, -37.660059986999954 ], [ 145.811034002000042, -37.687404006999941 ], [ 145.788123022000036, -37.721473996999975 ], [ 145.846047032000115, -37.755704986999945 ], [ 145.878412012000013, -37.799351006999984 ], [ 145.794949982000048, -37.815109006999933 ], [ 145.817614992000017, -37.857750986999974 ], [ 145.74827550200007, -37.907530806999944 ], [ 145.686853442000029, -37.88081486699997 ], [ 145.670700622000027, -37.907141936999949 ], [ 145.625879102000113, -37.917553086999931 ], [ 145.62792489200001, -37.904027996999957 ], [ 145.569166202000019, -37.898038786999962 ], [ 145.522548992000111, -37.857907996999984 ], [ 145.475510012000086, -37.851696996999976 ], [ 145.490387012000042, -37.818571006999946 ], [ 145.517566012000088, -37.804939996999963 ], [ 145.509065781000118, -37.74546038699998 ], [ 145.57533499200008, -37.740219986999932 ] ] ] } },
{ "type": "Feature", "properties": { "objectid": 983, "sa2_code_2021": "212011289", "sa2_name_2021": "Emerald - Cockatoo", "change_flag_2021": "0", "change_label_2021": "No change", "sa3_code_2021": "21201", "sa3_name_2021": "Cardinia", "sa4_code_2021": "212", "sa4_name_2021": "Melbourne - South East", "gccsa_code_2021": "2GMEL", "gccsa_name_2021": "Greater Melbourne", "state_code_2021": "2", "state_name_2021": "Victoria", "aus_code_2021": "AUS", "aus_name_2021": "Australia", "area_albers_sqkm": 371.6241, "asgs_loci_uri_2021": "http://linked.data.gov.au/dataset/asgsed3/SA2/212011289", "shape_Length": 1.596951783493104, "shape_Area": 0.038094872067118271 }, "geometry": { "type": "Polygon", "coordinates": [ [ [ 145.382669632000102, -37.939666586999977 ], [ 145.43870976200003, -37.914577476999966 ], [ 145.450605002000088, -37.88193300699993 ], [ 145.466671212000051, -37.912021476999939 ], [ 145.512592922000067, -37.896692046999931 ], [ 145.528923782000106, -37.875860456999931 ], [ 145.519133752000016, -37.857754076999981 ], [ 145.568496612000104, -37.897731796999949 ], [ 145.62792489200001, -37.904027996999957 ], [ 145.631359032000091, -37.918453036999949 ], [ 145.670700622000027, -37.907141936999949 ], [ 145.686310912000067, -37.880952836999938 ], [ 145.716096442000094, -37.883754906999968 ], [ 145.730390612000065, -37.90343190699997 ], [ 145.765136022000092, -37.898620006999977 ], [ 145.731055022000078, -37.959773996999957 ], [ 145.764914792000013, -38.008524156999954 ], [ 145.701731832000064, -37.981856796999978 ], [ 145.661591502000078, -37.981366196999943 ], [ 145.655483012000104, -37.994606996999948 ], [ 145.586938022000027, -37.984539996999956 ], [ 145.583598012000039, -38.004858996999985 ], [ 145.541370252000092, -37.98818599699996 ], [ 145.54959855200002, -38.007659686999943 ], [ 145.533984512000075, -38.009282586999973 ], [ 145.536015992000102, -38.035189996999975 ], [ 145.504452982000089, -38.04107999699994 ], [ 145.48593401200003, -38.01589699699997 ], [ 145.44406114200001, -38.026450436999937 ], [ 145.378666833000011, -38.002806716999942 ], [ 145.382669632000102, -37.939666586999977 ] ] ] } },
{ "type": "Feature", "properties": { "objectid": 984, "sa2_code_2021": "212011546", "sa2_name_2021": "Beaconsfield - Officer", "change_flag_2021": "1", "change_label_2021": "New", "sa3_code_2021": "21201", "sa3_name_2021": "Cardinia", "sa4_code_2021": "212", "sa4_name_2021": "Melbourne - South East", "gccsa_code_2021": "2GMEL", "gccsa_name_2021": "Greater Melbourne", "state_code_2021": "2", "state_name_2021": "Victoria", "aus_code_2021": "AUS", "aus_name_2021": "Australia", "area_albers_sqkm": 33.2503, "asgs_loci_uri_2021": "http://linked.data.gov.au/dataset/asgsed3/SA2/212011546", "shape_Length": 0.35611531472619329, "shape_Area": 0.0034126119614697817 }, "geometry": { "type": "Polygon", "coordinates": [ [ [ 145.381713852000075, -38.004451916999983 ], [ 145.433090882000101, -38.018728696999972 ], [ 145.414847092000059, -38.060914986999933 ], [ 145.437295532000121, -38.06300493699996 ], [ 145.433933052000043, -38.079534946999956 ], [ 145.364011572000095, -38.051764186999947 ], [ 145.381713852000075, -38.004451916999983 ] ] ] } },
{ "type": "Feature", "properties": { "objectid": 985, "sa2_code_2021": "212011547", "sa2_name_2021": "Bunyip - Garfield", "change_flag_2021": "1", "change_label_2021": "New", "sa3_code_2021": "21201", "sa3_name_2021": "Cardinia", "sa4_code_2021": "212", "sa4_name_2021": "Melbourne - South East", "gccsa_code_2021": "2GMEL", "gccsa_name_2021": "Greater Melbourne", "state_code_2021": "2", "state_name_2021": "Victoria", "aus_code_2021": "AUS", "aus_name_2021": "Australia", "area_albers_sqkm": 365.9627, "asgs_loci_uri_2021": "http://linked.data.gov.au/dataset/asgsed3/SA2/212011547", "shape_Length": 1.0764040489765092, "shape_Area": 0.03757840304693711 }, "geometry": { "type": "Polygon", "coordinates": [ [ [ 145.526932022000096, -38.163177996999934 ], [ 145.550791022000112, -38.051429286999962 ], [ 145.5266990020001, -38.048112986999968 ], [ 145.533984512000075, -38.009282586999973 ], [ 145.547859402000086, -38.016372506999971 ], [ 145.541370252000092, -37.98818599699996 ], [ 145.583598012000039, -38.004858996999985 ], [ 145.586938022000027, -37.984539996999956 ], [ 145.655483012000104, -37.994606996999948 ], [ 145.661591502000078, -37.981366196999943 ], [ 145.701731832000064, -37.981856796999978 ], [ 145.76446799200005, -38.008824446999938 ], [ 145.73921091200009, -38.100530056999958 ], [ 145.762786512000048, -38.108945686999959 ], [ 145.703044442000078, -38.194834956999955 ], [ 145.678788732000044, -38.192007955999941 ], [ 145.682465092000029, -38.173260296999956 ], [ 145.576968842000042, -38.152083956999945 ], [ 145.526932022000096, -38.163177996999934 ] ] ] } },
{ "type": "Feature", "properties": { "objectid": 986, "sa2_code_2021": "212011548", "sa2_name_2021": "Koo Wee Rup", "change_flag_2021": "1", "change_label_2021": "New", "sa3_code_2021": "21201", "sa3_name_2021": "Cardinia", "sa4_code_2021": "212", "sa4_name_2021": "Melbourne - South East", "gccsa_code_2021": "2GMEL", "gccsa_name_2021": "Greater Melbourne", "state_code_2021": "2", "state_name_2021": "Victoria", "aus_code_2021": "AUS", "aus_name_2021": "Australia", "area_albers_sqkm": 414.663, "asgs_loci_uri_2021": "http://linked.data.gov.au/dataset/asgsed3/SA2/212011548", "shape_Length": 1.3425285601091732, "shape_Area": 0.042652375540732451 }, "geometry": { "type": "Polygon", "coordinates": [ [ [ 145.40192641200008, -38.118272755999953 ], [ 145.381650042000047, -38.069037746999982 ], [ 145.452454972000055, -38.086393786999963 ], [ 145.453013062000082, -38.123757736999949 ], [ 145.534791012000028, -38.123111986999959 ], [ 145.526932022000096, -38.163177996999934 ], [ 145.576968842000042, -38.152083956999945 ], [ 145.682465092000029, -38.173260296999956 ], [ 145.678788732000044, -38.192007955999941 ], [ 145.717412122000042, -38.206726385999957 ], [ 145.712831012000038, -38.251800986999967 ], [ 145.736356972000067, -38.248975856999948 ], [ 145.732680112000025, -38.289374696999971 ], [ 145.612447982000049, -38.285573056999965 ], [ 145.605683502000034, -38.33245663699995 ], [ 145.553666772000042, -38.293570876999979 ], [ 145.541805472000078, -38.309384696999984 ], [ 145.520656572000121, -38.30667056599998 ], [ 145.488988112000015, -38.233413986999949 ], [ 145.388859853000099, -38.192516456999954 ], [ 145.399478762000058, -38.142997475999948 ], [ 145.383384602000092, -38.125638096999978 ], [ 145.40192641200008, -38.118272755999953 ] ] ] } },
{ "type": "Feature", "properties": { "objectid": 987, "sa2_code_2021": "212011549", "sa2_name_2021": "Pakenham - North East", "change_flag_2021": "1", "change_label_2021": "New", "sa3_code_2021": "21201", "sa3_name_2021": "Cardinia", "sa4_code_2021": "212", "sa4_name_2021": "Melbourne - South East", "gccsa_code_2021": "2GMEL", "gccsa_name_2021": "Greater Melbourne", "state_code_2021": "2", "state_name_2021": "Victoria", "aus_code_2021": "AUS", "aus_name_2021": "Australia", "area_albers_sqkm": 18.929, "asgs_loci_uri_2021": "http://linked.data.gov.au/dataset/asgsed3/SA2/212011549", "shape_Length": 0.25196679054768023, "shape_Area": 0.001942984538009567 }, "geometry": { "type": "Polygon", "coordinates": [ [ [ 145.530548002000046, -38.048654006999982 ], [ 145.550791022000112, -38.051429286999962 ], [ 145.543384772000081, -38.065557346999981 ], [ 145.467279412000039, -38.066280476999964 ], [ 145.493343292000077, -38.028596066999967 ], [ 145.508381002000078, -38.041627996999978 ], [ 145.534044952000045, -38.033468906999929 ], [ 145.530548002000046, -38.048654006999982 ] ] ] } },
{ "type": "Feature", "properties": { "objectid": 988, "sa2_code_2021": "212011550", "sa2_name_2021": "Pakenham - North West", "change_flag_2021": "1", "change_label_2021": "New", "sa3_code_2021": "21201", "sa3_name_2021": "Cardinia", "sa4_code_2021": "212", "sa4_name_2021": "Melbourne - South East", "gccsa_code_2021": "2GMEL", "gccsa_name_2021": "Greater Melbourne", "state_code_2021": "2", "state_name_2021": "Victoria", "aus_code_2021": "AUS", "aus_name_2021": "Australia", "area_albers_sqkm": 24.6776, "asgs_loci_uri_2021": "http://linked.data.gov.au/dataset/asgsed3/SA2/212011550", "shape_Length": 0.24597287274523622, "shape_Area": 0.0025326961935288306 }, "geometry": { "type": "Polygon", "coordinates": [ [ [ 145.423619412000107, -38.064608076999946 ], [ 145.433287002000043, -38.020749996999939 ], [ 145.490208022000047, -38.021220006999954 ], [ 145.467279412000039, -38.066280476999964 ], [ 145.423619412000107, -38.064608076999946 ] ] ] } },
{ "type": "Feature", "properties": { "objectid": 989, "sa2_code_2021": "212011551", "sa2_name_2021": "Pakenham - South East", "change_flag_2021": "1", "change_label_2021": "New", "sa3_code_2021": "21201", "sa3_name_2021": "Cardinia", "sa4_code_2021": "212", "sa4_name_2021": "Melbourne - South East", "gccsa_code_2021": "2GMEL", "gccsa_name_2021": "Greater Melbourne", "state_code_2021": "2", "state_name_2021": "Victoria", "aus_code_2021": "AUS", "aus_name_2021": "Australia", "area_albers_sqkm": 30.9414, "asgs_loci_uri_2021": "http://linked.data.gov.au/dataset/asgsed3/SA2/212011551", "shape_Length": 0.25077041817684564, "shape_Area": 0.0031777203377154391 }, "geometry": { "type": "Polygon", "coordinates": [ [ [ 145.475200572000062, -38.07091973699994 ], [ 145.546615862000067, -38.065951866999967 ], [ 145.539544332000105, -38.122088126999984 ], [ 145.486390062000055, -38.11897175699994 ], [ 145.491989033000095, -38.083864256999959 ], [ 145.475200572000062, -38.07091973699994 ] ] ] } },
{ "type": "Feature", "properties": { "objectid": 990, "sa2_code_2021": "212011552", "sa2_name_2021": "Pakenham - South West", "change_flag_2021": "1", "change_label_2021": "New", "sa3_code_2021": "21201", "sa3_name_2021": "Cardinia", "sa4_code_2021": "212", "sa4_name_2021": "Melbourne - South East", "gccsa_code_2021": "2GMEL", "gccsa_name_2021": "Greater Melbourne", "state_code_2021": "2", "state_name_2021": "Victoria", "aus_code_2021": "AUS", "aus_name_2021": "Australia", "area_albers_sqkm": 22.2782, "asgs_loci_uri_2021": "http://linked.data.gov.au/dataset/asgsed3/SA2/212011552", "shape_Length": 0.23090165118526199, "shape_Area": 0.0022879555367948858 }, "geometry": { "type": "Polygon", "coordinates": [ [ [ 145.437203883000052, -38.064208176999955 ], [ 145.491989033000095, -38.083864256999959 ], [ 145.488368152000021, -38.120682176999935 ], [ 145.453013062000082, -38.123757736999949 ], [ 145.437203883000052, -38.064208176999955 ] ] ] } },
{ "type": "Feature", "properties": { "objectid": 991, "sa2_code_2021": "212021293", "sa2_name_2021": "Berwick - North", "change_flag_2021": "0", "change_label_2021": "No change", "sa3_code_2021": "21202", "sa3_name_2021": "Casey - North", "sa4_code_2021": "212", "sa4_name_2021": "Melbourne - South East", "gccsa_code_2021": "2GMEL", "gccsa_name_2021": "Greater Melbourne", "state_code_2021": "2", "state_name_2021": "Victoria", "aus_code_2021": "AUS", "aus_name_2021": "Australia", "area_albers_sqkm": 19.748, "asgs_loci_uri_2021": "http://linked.data.gov.au/dataset/asgsed3/SA2/212021293", "shape_Length": 0.23793408846619851, "shape_Area": 0.0020262660447326734 }, "geometry": { "type": "Polygon", "coordinates": [ [ [ 145.312969892000069, -38.021729886999935 ], [ 145.361338932000081, -38.004604026999971 ], [ 145.385449992000076, -38.01327099699995 ], [ 145.359199002000082, -38.052394995999975 ], [ 145.312969892000069, -38.021729886999935 ] ] ] } },
{ "type": "Feature", "properties": { "objectid": 992, "sa2_code_2021": "212021295", "sa2_name_2021": "Doveton", "change_flag_2021": "0", "change_label_2021": "No change", "sa3_code_2021": "21202", "sa3_name_2021": "Casey - North", "sa4_code_2021": "212", "sa4_name_2021": "Melbourne - South East", "gccsa_code_2021": "2GMEL", "gccsa_name_2021": "Greater Melbourne", "state_code_2021": "2", "state_name_2021": "Victoria", "aus_code_2021": "AUS", "aus_name_2021": "Australia", "area_albers_sqkm": 5.1935, "asgs_loci_uri_2021": "http://linked.data.gov.au/dataset/asgsed3/SA2/212021295", "shape_Length": 0.12158280053088914, "shape_Area": 0.00053262118391713277 }, "geometry": { "type": "Polygon", "coordinates": [ [ [ 145.227323992000038, -38.000769996999963 ], [ 145.233214002000068, -37.966226996999978 ], [ 145.251853562000065, -38.003635346999943 ], [ 145.227323992000038, -38.000769996999963 ] ] ] } },
{ "type": "Feature", "properties": { "objectid": 993, "sa2_code_2021": "212021297", "sa2_name_2021": "Hallam", "change_flag_2021": "0", "change_label_2021": "No change", "sa3_code_2021": "21202", "sa3_name_2021": "Casey - North", "sa4_code_2021": "212", "sa4_name_2021": "Melbourne - South East", "gccsa_code_2021": "2GMEL", "gccsa_name_2021": "Greater Melbourne", "state_code_2021": "2", "state_name_2021": "Victoria", "aus_code_2021": "AUS", "aus_name_2021": "Australia", "area_albers_sqkm": 8.0565, "asgs_loci_uri_2021": "http://linked.data.gov.au/dataset/asgsed3/SA2/212021297", "shape_Length": 0.12887238720768998, "shape_Area": 0.00082645908008322346 }, "geometry": { "type": "Polygon", "coordinates": [ [ [ 145.251853562000065, -38.003635346999943 ], [ 145.289531452000119, -37.999409445999959 ], [ 145.286754862000066, -38.021634436999932 ], [ 145.24898857200003, -38.017010906999928 ], [ 145.251853562000065, -38.003635346999943 ] ] ] } },
{ "type": "Feature", "properties": { "objectid": 994, "sa2_code_2021": "212021299", "sa2_name_2021": "Narre Warren North", "change_flag_2021": "0", "change_label_2021": "No change", "sa3_code_2021": "21202", "sa3_name_2021": "Casey - North", "sa4_code_2021": "212", "sa4_name_2021": "Melbourne - South East", "gccsa_code_2021": "2GMEL", "gccsa_name_2021": "Greater Melbourne", "state_code_2021": "2", "state_name_2021": "Victoria", "aus_code_2021": "AUS", "aus_name_2021": "Australia", "area_albers_sqkm": 34.4086, "asgs_loci_uri_2021": "http://linked.data.gov.au/dataset/asgsed3/SA2/212021299", "shape_Length": 0.34822183706750809, "shape_Area": 0.0035287674886847137 }, "geometry": { "type": "Polygon", "coordinates": [ [ [ 145.268291012000077, -37.995775986999945 ], [ 145.282098592000011, -37.961953826999945 ], [ 145.379211482000073, -37.975027796999939 ], [ 145.385449992000076, -38.01327099699995 ], [ 145.268291012000077, -37.995775986999945 ] ] ] } },
{ "type": "Feature", "properties": { "objectid": 995, "sa2_code_2021": "212021453", "sa2_name_2021": "Endeavour Hills - North", "change_flag_2021": "0", "change_label_2021": "No change", "sa3_code_2021": "21202", "sa3_name_2021": "Casey - North", "sa4_code_2021": "212", "sa4_name_2021": "Melbourne - South East", "gccsa_code_2021": "2GMEL", "gccsa_name_2021": "Greater Melbourne", "state_code_2021": "2", "state_name_2021": "Victoria", "aus_code_2021": "AUS", "aus_name_2021": "Australia", "area_albers_sqkm": 14.4746, "asgs_loci_uri_2021": "http://linked.data.gov.au/dataset/asgsed3/SA2/212021453", "shape_Length": 0.1744714203883998, "shape_Area": 0.0014838931546415136 }, "geometry": { "type": "Polygon", "coordinates": [ [ [ 145.229194002000099, -37.952075996999952 ], [ 145.279620862000115, -37.947596326999985 ], [ 145.289028452000025, -37.962835756999937 ], [ 145.278720562000103, -37.977436216999934 ], [ 145.237239842000122, -37.972573366999939 ], [ 145.229194002000099, -37.952075996999952 ] ] ] } },
{ "type": "Feature", "properties": { "objectid": 996, "sa2_code_2021": "212021454", "sa2_name_2021": "Endeavour Hills - South", "change_flag_2021": "0", "change_label_2021": "No change", "sa3_code_2021": "21202", "sa3_name_2021": "Casey - North", "sa4_code_2021": "212", "sa4_name_2021": "Melbourne - South East", "gccsa_code_2021": "2GMEL", "gccsa_name_2021": "Greater Melbourne", "state_code_2021": "2", "state_name_2021": "Victoria", "aus_code_2021": "AUS", "aus_name_2021": "Australia", "area_albers_sqkm": 5.5873, "asgs_loci_uri_2021": "http://linked.data.gov.au/dataset/asgsed3/SA2/212021454", "shape_Length": 0.10968818291765602, "shape_Area": 0.00057301484626402148 }, "geometry": { "type": "Polygon", "coordinates": [ [ [ 145.267820712000116, -37.995905006999976 ], [ 145.237239842000122, -37.972573366999939 ], [ 145.278720562000103, -37.977436216999934 ], [ 145.267820712000116, -37.995905006999976 ] ] ] } },
{ "type": "Feature", "properties": { "objectid": 997, "sa2_code_2021": "212021455", "sa2_name_2021": "Narre Warren - North East", "change_flag_2021": "0", "change_label_2021": "No change", "sa3_code_2021": "21202", "sa3_name_2021": "Casey - North", "sa4_code_2021": "212", "sa4_name_2021": "Melbourne - South East", "gccsa_code_2021": "2GMEL", "gccsa_name_2021": "Greater Melbourne", "state_code_2021": "2", "state_name_2021": "Victoria", "aus_code_2021": "AUS", "aus_name_2021": "Australia", "area_albers_sqkm": 4.874, "asgs_loci_uri_2021": "http://linked.data.gov.au/dataset/asgsed3/SA2/212021455", "shape_Length": 0.11702871931855377, "shape_Area": 0.00049998606816284083 }, "geometry": { "type": "Polygon", "coordinates": [ [ [ 145.290143302000047, -37.99962336699997 ], [ 145.323326842000029, -37.998164896999981 ], [ 145.327009322000094, -38.005407626999954 ], [ 145.31359769200003, -38.021126986999946 ], [ 145.290143302000047, -37.99962336699997 ] ] ] } },
{ "type": "Feature", "properties": { "objectid": 998, "sa2_code_2021": "212021456", "sa2_name_2021": "Narre Warren - South West", "change_flag_2021": "0", "change_label_2021": "No change", "sa3_code_2021": "21202", "sa3_name_2021": "Casey - North", "sa4_code_2021": "212", "sa4_name_2021": "Melbourne - South East", "gccsa_code_2021": "2GMEL", "gccsa_name_2021": "Greater Melbourne", "state_code_2021": "2", "state_name_2021": "Victoria", "aus_code_2021": "AUS", "aus_name_2021": "Australia", "area_albers_sqkm": 9.3054, "asgs_loci_uri_2021": "http://linked.data.gov.au/dataset/asgsed3/SA2/212021456", "shape_Length": 0.16231871271913062, "shape_Area": 0.00095481354003401349 }, "geometry": { "type": "Polygon", "coordinates": [ [ [ 145.284504022000078, -38.011579005999977 ], [ 145.293439982000109, -38.000008996999952 ], [ 145.331610442000056, -38.038922556999978 ], [ 145.302230022000117, -38.043266985999935 ], [ 145.284504022000078, -38.011579005999977 ] ] ] } },
{ "type": "Feature", "properties": { "objectid": 999, "sa2_code_2021": "212021553", "sa2_name_2021": "Berwick - South East", "change_flag_2021": "1", "change_label_2021": "New", "sa3_code_2021": "21202", "sa3_name_2021": "Casey - North", "sa4_code_2021": "212", "sa4_name_2021": "Melbourne - South East", "gccsa_code_2021": "2GMEL", "gccsa_name_2021": "Greater Melbourne", "state_code_2021": "2", "state_name_2021": "Victoria", "aus_code_2021": "AUS", "aus_name_2021": "Australia", "area_albers_sqkm": 9.8836, "asgs_loci_uri_2021": "http://linked.data.gov.au/dataset/asgsed3/SA2/212021553", "shape_Length": 0.16027096475782579, "shape_Area": 0.0010147011541228326 }, "geometry": { "type": "Polygon", "coordinates": [ [ [ 145.339701652000031, -38.052777915999968 ], [ 145.364704372000119, -38.05036294699994 ], [ 145.376459092000118, -38.079590606999943 ], [ 145.335344432000056, -38.074511156999961 ], [ 145.339701652000031, -38.052777915999968 ] ] ] } },
{ "type": "Feature", "properties": { "objectid": 1000, "sa2_code_2021": "212021554", "sa2_name_2021": "Berwick - South West", "change_flag_2021": "1", "change_label_2021": "New", "sa3_code_2021": "21202", "sa3_name_2021": "Casey - North", "sa4_code_2021": "212", "sa4_name_2021": "Melbourne - South East", "gccsa_code_2021": "2GMEL", "gccsa_name_2021": "Greater Melbourne", "state_code_2021": "2", "state_name_2021": "Victoria", "aus_code_2021": "AUS", "aus_name_2021": "Australia", "area_albers_sqkm": 4.9713, "asgs_loci_uri_2021": "http://linked.data.gov.au/dataset/asgsed3/SA2/212021554", "shape_Length": 0.11367410653325881, "shape_Area": 0.0005103274302243468 }, "geometry": { "type": "Polygon", "coordinates": [ [ [ 145.318160822000095, -38.049405276999948 ], [ 145.341472342000088, -38.043964676999963 ], [ 145.335344432000056, -38.074511156999961 ], [ 145.321808992000115, -38.072777006999956 ], [ 145.329864462000046, -38.058827116999964 ], [ 145.318160822000095, -38.049405276999948 ] ] ] } },
{ "type": "Feature", "properties": { "objectid": 1001, "sa2_code_2021": "212031300", "sa2_name_2021": "Cranbourne", "change_flag_2021": "0", "change_label_2021": "No change", "sa3_code_2021": "21203", "sa3_name_2021": "Casey - South", "sa4_code_2021": "212", "sa4_name_2021": "Melbourne - South East", "gccsa_code_2021": "2GMEL", "gccsa_name_2021": "Greater Melbourne", "state_code_2021": "2", "state_name_2021": "Victoria", "aus_code_2021": "AUS", "aus_name_2021": "Australia", "area_albers_sqkm": 13.027, "asgs_loci_uri_2021": "http://linked.data.gov.au/dataset/asgsed3/SA2/212031300", "shape_Length": 0.18156589647986682, "shape_Area": 0.0013381228622877371 }, "geometry": { "type": "Polygon", "coordinates": [ [ [ 145.249226663000059, -38.124051036999958 ], [ 145.264827632000106, -38.080732226999942 ], [ 145.295404633000089, -38.084515065999938 ], [ 145.291245753000112, -38.129152846999943 ], [ 145.249226663000059, -38.124051036999958 ] ] ] } },
{ "type": "Feature", "properties": { "objectid": 1002, "sa2_code_2021": "212031303", "sa2_name_2021": "Cranbourne South", "change_flag_2021": "0", "change_label_2021": "No change", "sa3_code_2021": "21203", "sa3_name_2021": "Casey - South", "sa4_code_2021": "212", "sa4_name_2021": "Melbourne - South East", "gccsa_code_2021": "2GMEL", "gccsa_name_2021": "Greater Melbourne", "state_code_2021": "2", "state_name_2021": "Victoria", "aus_code_2021": "AUS", "aus_name_2021": "Australia", "area_albers_sqkm": 81.662, "asgs_loci_uri_2021": "http://linked.data.gov.au/dataset/asgsed3/SA2/212031303", "shape_Length": 0.44734446259280064, "shape_Area": 0.0083934711372033437 }, "geometry": { "type": "Polygon", "coordinates": [ [ [ 145.249226663000059, -38.124051036999958 ], [ 145.383384602000092, -38.125638096999978 ], [ 145.399478762000058, -38.142997475999948 ], [ 145.393182002000117, -38.171951896999929 ], [ 145.342215992000092, -38.183996986999944 ], [ 145.221737412000039, -38.168976155999985 ], [ 145.228337632000034, -38.133950396999978 ], [ 145.249226663000059, -38.124051036999958 ] ] ] } },
{ "type": "Feature", "properties": { "objectid": 1003, "sa2_code_2021": "212031304", "sa2_name_2021": "Cranbourne West", "change_flag_2021": "0", "change_label_2021": "No change", "sa3_code_2021": "21203", "sa3_name_2021": "Casey - South", "sa4_code_2021": "212", "sa4_name_2021": "Melbourne - South East", "gccsa_code_2021": "2GMEL", "gccsa_name_2021": "Greater Melbourne", "state_code_2021": "2", "state_name_2021": "Victoria", "aus_code_2021": "AUS", "aus_name_2021": "Australia", "area_albers_sqkm": 12.898, "asgs_loci_uri_2021": "http://linked.data.gov.au/dataset/asgsed3/SA2/212031304", "shape_Length": 0.16852070154937662, "shape_Area": 0.0013248372031596093 }, "geometry": { "type": "Polygon", "coordinates": [ [ [ 145.228337632000034, -38.133950396999978 ], [ 145.239583323000033, -38.077676986999961 ], [ 145.271199472000035, -38.089073506999966 ], [ 145.265042362000031, -38.110899936999942 ], [ 145.228337632000034, -38.133950396999978 ] ] ] } },
{ "type": "Feature", "properties": { "objectid": 1004, "sa2_code_2021": "212031306", "sa2_name_2021": "Lynbrook - Lyndhurst", "change_flag_2021": "0", "change_label_2021": "No change", "sa3_code_2021": "21203", "sa3_name_2021": "Casey - South", "sa4_code_2021": "212", "sa4_name_2021": "Melbourne - South East", "gccsa_code_2021": "2GMEL", "gccsa_name_2021": "Greater Melbourne", "state_code_2021": "2", "state_name_2021": "Victoria", "aus_code_2021": "AUS", "aus_name_2021": "Australia", "area_albers_sqkm": 7.3583, "asgs_loci_uri_2021": "http://linked.data.gov.au/dataset/asgsed3/SA2/212031306", "shape_Length": 0.13428573572448307, "shape_Area": 0.00075539314081671217 }, "geometry": { "type": "Polygon", "coordinates": [ [ [ 145.239583323000033, -38.077676986999961 ], [ 145.24722500200005, -38.036410006999972 ], [ 145.265319002000069, -38.044779476999963 ], [ 145.264827632000106, -38.080732226999942 ], [ 145.239583323000033, -38.077676986999961 ] ] ] } },
{ "type": "Feature", "properties": { "objectid": 1005, "sa2_code_2021": "212031308", "sa2_name_2021": "Pearcedale - Tooradin", "change_flag_2021": "0", "change_label_2021": "No change", "sa3_code_2021": "21203", "sa3_name_2021": "Casey - South", "sa4_code_2021": "212", "sa4_name_2021": "Melbourne - South East", "gccsa_code_2021": "2GMEL", "gccsa_name_2021": "Greater Melbourne", "state_code_2021": "2", "state_name_2021": "Victoria", "aus_code_2021": "AUS", "aus_name_2021": "Australia", "area_albers_sqkm": 98.5112, "asgs_loci_uri_2021": "http://linked.data.gov.au/dataset/asgsed3/SA2/212031308", "shape_Length": 0.64237443347441592, "shape_Area": 0.010132517870464312 }, "geometry": { "type": "Polygon", "coordinates": [ [ [ 145.22654125300005, -38.218950725999946 ], [ 145.221737412000039, -38.168976155999985 ], [ 145.342215992000092, -38.183996986999944 ], [ 145.373547992000113, -38.16938500599997 ], [ 145.393182002000117, -38.171951896999929 ], [ 145.388859853000099, -38.192516456999954 ], [ 145.430646332000038, -38.21638923699993 ], [ 145.410916802000088, -38.228048446999935 ], [ 145.347072132000108, -38.213569975999974 ], [ 145.324841122000066, -38.242155326999978 ], [ 145.295520123000074, -38.248326986999984 ], [ 145.27413221200004, -38.244100876999937 ], [ 145.27150202200005, -38.222926995999956 ], [ 145.22654125300005, -38.218950725999946 ] ] ] } },
{ "type": "Feature", "properties": { "objectid": 1006, "sa2_code_2021": "212031457", "sa2_name_2021": "Narre Warren South - East", "change_flag_2021": "3", "change_label_2021": "Name change", "sa3_code_2021": "21203", "sa3_name_2021": "Casey - South", "sa4_code_2021": "212", "sa4_name_2021": "Melbourne - South East", "gccsa_code_2021": "2GMEL", "gccsa_name_2021": "Greater Melbourne", "state_code_2021": "2", "state_name_2021": "Victoria", "aus_code_2021": "AUS", "aus_name_2021": "Australia", "area_albers_sqkm": 6.2204, "asgs_loci_uri_2021": "http://linked.data.gov.au/dataset/asgsed3/SA2/212031457", "shape_Length": 0.1116886935683456, "shape_Area": 0.00063856353075865716 }, "geometry": { "type": "Polygon", "coordinates": [ [ [ 145.299660132000099, -38.062592456999937 ], [ 145.304066012000021, -38.041534006999939 ], [ 145.329864462000046, -38.058827116999964 ], [ 145.321808992000115, -38.072777006999956 ], [ 145.299660132000099, -38.062592456999937 ] ] ] } },
{ "type": "Feature", "properties": { "objectid": 1007, "sa2_code_2021": "212031458", "sa2_name_2021": "Narre Warren South - West", "change_flag_2021": "3", "change_label_2021": "Name change", "sa3_code_2021": "21203", "sa3_name_2021": "Casey - South", "sa4_code_2021": "212", "sa4_name_2021": "Melbourne - South East", "gccsa_code_2021": "2GMEL", "gccsa_name_2021": "Greater Melbourne", "state_code_2021": "2", "state_name_2021": "Victoria", "aus_code_2021": "AUS", "aus_name_2021": "Australia", "area_albers_sqkm": 6.7771, "asgs_loci_uri_2021": "http://linked.data.gov.au/dataset/asgsed3/SA2/212031458", "shape_Length": 0.12002436962802959, "shape_Area": 0.00069558891256586849 }, "geometry": { "type": "Polygon", "coordinates": [ [ [ 145.287654223000118, -38.029168546999983 ], [ 145.303608012000041, -38.04369999599993 ], [ 145.297833852000053, -38.07179963599998 ], [ 145.279812713000069, -38.06735559699996 ], [ 145.287654223000118, -38.029168546999983 ] ] ] } },
{ "type": "Feature", "properties": { "objectid": 1008, "sa2_code_2021": "212031555", "sa2_name_2021": "Clyde North - North", "change_flag_2021": "1", "change_label_2021": "New", "sa3_code_2021": "21203", "sa3_name_2021": "Casey - South", "sa4_code_2021": "212", "sa4_name_2021": "Melbourne - South East", "gccsa_code_2021": "2GMEL", "gccsa_name_2021": "Greater Melbourne", "state_code_2021": "2", "state_name_2021": "Victoria", "aus_code_2021": "AUS", "aus_name_2021": "Australia", "area_albers_sqkm": 6.8833, "asgs_loci_uri_2021": "http://linked.data.gov.au/dataset/asgsed3/SA2/212031555", "shape_Length": 0.13814172343920794, "shape_Area": 0.00070685463133661995 }, "geometry": { "type": "Polygon", "coordinates": [ [ [ 145.334657172000107, -38.078222775999961 ], [ 145.377925582000103, -38.079512186999978 ], [ 145.385311692000073, -38.093010916999958 ], [ 145.332633552000061, -38.089464156999952 ], [ 145.334657172000107, -38.078222775999961 ] ] ] } },
{ "type": "Feature", "properties": { "objectid": 1009, "sa2_code_2021": "212031556", "sa2_name_2021": "Clyde North - South", "change_flag_2021": "1", "change_label_2021": "New", "sa3_code_2021": "21203", "sa3_name_2021": "Casey - South", "sa4_code_2021": "212", "sa4_name_2021": "Melbourne - South East", "gccsa_code_2021": "2GMEL", "gccsa_name_2021": "Greater Melbourne", "state_code_2021": "2", "state_name_2021": "Victoria", "aus_code_2021": "AUS", "aus_name_2021": "Australia", "area_albers_sqkm": 19.6543, "asgs_loci_uri_2021": "http://linked.data.gov.au/dataset/asgsed3/SA2/212031556", "shape_Length": 0.2024776583991523, "shape_Area": 0.0020189111547059104 }, "geometry": { "type": "Polygon", "coordinates": [ [ [ 145.332633552000061, -38.089464156999952 ], [ 145.395012622000081, -38.097691286999975 ], [ 145.401803992000055, -38.119093826999972 ], [ 145.327163032000044, -38.118742916999963 ], [ 145.332633552000061, -38.089464156999952 ] ] ] } },
{ "type": "Feature", "properties": { "objectid": 1010, "sa2_code_2021": "212031557", "sa2_name_2021": "Cranbourne East - North", "change_flag_2021": "1", "change_label_2021": "New", "sa3_code_2021": "21203", "sa3_name_2021": "Casey - South", "sa4_code_2021": "212", "sa4_name_2021": "Melbourne - South East", "gccsa_code_2021": "2GMEL", "gccsa_name_2021": "Greater Melbourne", "state_code_2021": "2", "state_name_2021": "Victoria", "aus_code_2021": "AUS", "aus_name_2021": "Australia", "area_albers_sqkm": 11.0254, "asgs_loci_uri_2021": "http://linked.data.gov.au/dataset/asgsed3/SA2/212031557", "shape_Length": 0.13890197051900582, "shape_Area": 0.0011324905395900377 }, "geometry": { "type": "Polygon", "coordinates": [ [ [ 145.292328012000098, -38.100474006999946 ], [ 145.295404633000089, -38.084515065999938 ], [ 145.332671022000113, -38.089241916999981 ], [ 145.325458442000013, -38.127433845999974 ], [ 145.292328012000098, -38.100474006999946 ] ] ] } },
{ "type": "Feature", "properties": { "objectid": 1011, "sa2_code_2021": "212031558", "sa2_name_2021": "Cranbourne East - South", "change_flag_2021": "1", "change_label_2021": "New", "sa3_code_2021": "21203", "sa3_name_2021": "Casey - South", "sa4_code_2021": "212", "sa4_name_2021": "Melbourne - South East", "gccsa_code_2021": "2GMEL", "gccsa_name_2021": "Greater Melbourne", "state_code_2021": "2", "state_name_2021": "Victoria", "aus_code_2021": "AUS", "aus_name_2021": "Australia", "area_albers_sqkm": 5.3272, "asgs_loci_uri_2021": "http://linked.data.gov.au/dataset/asgsed3/SA2/212031558", "shape_Length": 0.10377459466316637, "shape_Area": 0.00054734104658976722 }, "geometry": { "type": "Polygon", "coordinates": [ [ [ 145.289363743000081, -38.12425118699997 ], [ 145.291232612000044, -38.10616745699997 ], [ 145.325458442000013, -38.127433845999974 ], [ 145.324265072000117, -38.133497875999979 ], [ 145.289363743000081, -38.12425118699997 ] ] ] } },
{ "type": "Feature", "properties": { "objectid": 1012, "sa2_code_2021": "212031559", "sa2_name_2021": "Cranbourne North - East", "change_flag_2021": "1", "change_label_2021": "New", "sa3_code_2021": "21203", "sa3_name_2021": "Casey - South", "sa4_code_2021": "212", "sa4_name_2021": "Melbourne - South East", "gccsa_code_2021": "2GMEL", "gccsa_name_2021": "Greater Melbourne", "state_code_2021": "2", "state_name_2021": "Victoria", "aus_code_2021": "AUS", "aus_name_2021": "Australia", "area_albers_sqkm": 5.4545, "asgs_loci_uri_2021": "http://linked.data.gov.au/dataset/asgsed3/SA2/212031559", "shape_Length": 0.10494690060589031, "shape_Area": 0.00056011184095536672 }, "geometry": { "type": "Polygon", "coordinates": [ [ [ 145.307105332000106, -38.071017506999965 ], [ 145.335344432000056, -38.074511156999961 ], [ 145.332671022000113, -38.089241916999981 ], [ 145.295404633000089, -38.084515065999938 ], [ 145.307105332000106, -38.071017506999965 ] ] ] } },
{ "type": "Feature", "properties": { "objectid": 1013, "sa2_code_2021": "212031560", "sa2_name_2021": "Cranbourne North - West", "change_flag_2021": "1", "change_label_2021": "New", "sa3_code_2021": "21203", "sa3_name_2021": "Casey - South", "sa4_code_2021": "212", "sa4_name_2021": "Melbourne - South East", "gccsa_code_2021": "2GMEL", "gccsa_name_2021": "Greater Melbourne", "state_code_2021": "2", "state_name_2021": "Victoria", "aus_code_2021": "AUS", "aus_name_2021": "Australia", "area_albers_sqkm": 4.7849, "asgs_loci_uri_2021": "http://linked.data.gov.au/dataset/asgsed3/SA2/212031560", "shape_Length": 0.097158820622281067, "shape_Area": 0.00049131224545238415 }, "geometry": { "type": "Polygon", "coordinates": [ [ [ 145.262789473000112, -38.077504935999968 ], [ 145.265020612000058, -38.065814416999956 ], [ 145.297833852000053, -38.07179963599998 ], [ 145.295404633000089, -38.084515065999938 ], [ 145.262789473000112, -38.077504935999968 ] ] ] } },
{ "type": "Feature", "properties": { "objectid": 1014, "sa2_code_2021": "212031561", "sa2_name_2021": "Hampton Park - East", "change_flag_2021": "1", "change_label_2021": "New", "sa3_code_2021": "21203", "sa3_name_2021": "Casey - South", "sa4_code_2021": "212", "sa4_name_2021": "Melbourne - South East", "gccsa_code_2021": "2GMEL", "gccsa_name_2021": "Greater Melbourne", "state_code_2021": "2", "state_name_2021": "Victoria", "aus_code_2021": "AUS", "aus_name_2021": "Australia", "area_albers_sqkm": 8.2189, "asgs_loci_uri_2021": "http://linked.data.gov.au/dataset/asgsed3/SA2/212031561", "shape_Length": 0.12820182233152203, "shape_Area": 0.00084353936457041002 }, "geometry": { "type": "Polygon", "coordinates": [ [ [ 145.266159992000098, -38.065948986999956 ], [ 145.270446002000085, -38.019899986999974 ], [ 145.286754862000066, -38.021634436999932 ], [ 145.279766942000037, -38.067582356999935 ], [ 145.266159992000098, -38.065948986999956 ] ] ] } },
{ "type": "Feature", "properties": { "objectid": 1015, "sa2_code_2021": "212031562", "sa2_name_2021": "Hampton Park - West", "change_flag_2021": "1", "change_label_2021": "New", "sa3_code_2021": "21203", "sa3_name_2021": "Casey - South", "sa4_code_2021": "212", "sa4_name_2021": "Melbourne - South East", "gccsa_code_2021": "2GMEL", "gccsa_name_2021": "Greater Melbourne", "state_code_2021": "2", "state_name_2021": "Victoria", "aus_code_2021": "AUS", "aus_name_2021": "Australia", "area_albers_sqkm": 5.1234, "asgs_loci_uri_2021": "http://linked.data.gov.au/dataset/asgsed3/SA2/212031562", "shape_Length": 0.091028452859987535, "shape_Area": 0.00052575802217773283 }, "geometry": { "type": "Polygon", "coordinates": [ [ [ 145.24850308200007, -38.018848006999974 ], [ 145.270446002000085, -38.019899986999974 ], [ 145.265319002000069, -38.044779476999963 ], [ 145.246877992, -38.036158995999983 ], [ 145.24850308200007, -38.018848006999974 ] ] ] } },
{ "type": "Feature", "properties": { "objectid": 1016, "sa2_code_2021": "212041309", "sa2_name_2021": "Clarinda - Oakleigh South", "change_flag_2021": "0", "change_label_2021": "No change", "sa3_code_2021": "21204", "sa3_name_2021": "Dandenong", "sa4_code_2021": "212", "sa4_name_2021": "Melbourne - South East", "gccsa_code_2021": "2GMEL", "gccsa_name_2021": "Greater Melbourne", "state_code_2021": "2", "state_name_2021": "Victoria", "aus_code_2021": "AUS", "aus_name_2021": "Australia", "area_albers_sqkm": 6.3227, "asgs_loci_uri_2021": "http://linked.data.gov.au/dataset/asgsed3/SA2/212041309", "shape_Length": 0.12436589552310967, "shape_Area": 0.00064801299175750652 }, "geometry": { "type": "Polygon", "coordinates": [ [ [ 145.082260762000033, -37.924876736999977 ], [ 145.109909262000087, -37.927428886999962 ], [ 145.113401142000043, -37.957603166999945 ], [ 145.079533262000041, -37.938752015999967 ], [ 145.082260762000033, -37.924876736999977 ] ] ] } },
{ "type": "Feature", "properties": { "objectid": 1017, "sa2_code_2021": "212041310", "sa2_name_2021": "Clayton South", "change_flag_2021": "0", "change_label_2021": "No change", "sa3_code_2021": "21204", "sa3_name_2021": "Dandenong", "sa4_code_2021": "212", "sa4_name_2021": "Melbourne - South East", "gccsa_code_2021": "2GMEL", "gccsa_name_2021": "Greater Melbourne", "state_code_2021": "2", "state_name_2021": "Victoria", "aus_code_2021": "AUS", "aus_name_2021": "Australia", "area_albers_sqkm": 7.938, "asgs_loci_uri_2021": "http://linked.data.gov.au/dataset/asgsed3/SA2/212041310", "shape_Length": 0.1247217640940807, "shape_Area": 0.00081366465146445375 }, "geometry": { "type": "Polygon", "coordinates": [ [ [ 145.109214992000034, -37.930954156999974 ], [ 145.141284152000026, -37.931332976999954 ], [ 145.13658156200006, -37.960497455999985 ], [ 145.113401142000043, -37.957603166999945 ], [ 145.109214992000034, -37.930954156999974 ] ] ] } },
{ "type": "Feature", "properties": { "objectid": 1018, "sa2_code_2021": "212041312", "sa2_name_2021": "Dandenong North", "change_flag_2021": "0", "change_label_2021": "No change", "sa3_code_2021": "21204", "sa3_name_2021": "Dandenong", "sa4_code_2021": "212", "sa4_name_2021": "Melbourne - South East", "gccsa_code_2021": "2GMEL", "gccsa_name_2021": "Greater Melbourne", "state_code_2021": "2", "state_name_2021": "Victoria", "aus_code_2021": "AUS", "aus_name_2021": "Australia", "area_albers_sqkm": 9.459, "asgs_loci_uri_2021": "http://linked.data.gov.au/dataset/asgsed3/SA2/212041312", "shape_Length": 0.15158956495282822, "shape_Area": 0.00096959375122397261 }, "geometry": { "type": "Polygon", "coordinates": [ [ [ 145.198708172000011, -37.940971816999934 ], [ 145.219665022000072, -37.940199996999979 ], [ 145.234122992000039, -37.972254996999936 ], [ 145.195189572000118, -37.967644886999949 ], [ 145.198708172000011, -37.940971816999934 ] ] ] } },
{ "type": "Feature", "properties": { "objectid": 1019, "sa2_code_2021": "212041313", "sa2_name_2021": "Dingley Village", "change_flag_2021": "0", "change_label_2021": "No change", "sa3_code_2021": "21204", "sa3_name_2021": "Dandenong", "sa4_code_2021": "212", "sa4_name_2021": "Melbourne - South East", "gccsa_code_2021": "2GMEL", "gccsa_name_2021": "Greater Melbourne", "state_code_2021": "2", "state_name_2021": "Victoria", "aus_code_2021": "AUS", "aus_name_2021": "Australia", "area_albers_sqkm": 7.2437, "asgs_loci_uri_2021": "http://linked.data.gov.au/dataset/asgsed3/SA2/212041313", "shape_Length": 0.11881911020843196, "shape_Area": 0.00074274085298270723 }, "geometry": { "type": "Polygon", "coordinates": [ [ [ 145.116501672000027, -37.979995695999946 ], [ 145.112296942000057, -37.957468266999967 ], [ 145.130645172000072, -37.95978411599998 ], [ 145.144691932000114, -37.990881616999957 ], [ 145.116501672000027, -37.979995695999946 ] ] ] } },
{ "type": "Feature", "properties": { "objectid": 1020, "sa2_code_2021": "212041316", "sa2_name_2021": "Noble Park North", "change_flag_2021": "0", "change_label_2021": "No change", "sa3_code_2021": "21204", "sa3_name_2021": "Dandenong", "sa4_code_2021": "212", "sa4_name_2021": "Melbourne - South East", "gccsa_code_2021": "2GMEL", "gccsa_name_2021": "Greater Melbourne", "state_code_2021": "2", "state_name_2021": "Victoria", "aus_code_2021": "AUS", "aus_name_2021": "Australia", "area_albers_sqkm": 3.7574, "asgs_loci_uri_2021": "http://linked.data.gov.au/dataset/asgsed3/SA2/212041316", "shape_Length": 0.10308400521960707, "shape_Area": 0.00038520078807975368 }, "geometry": { "type": "Polygon", "coordinates": [ [ [ 145.176000502000079, -37.950525356999947 ], [ 145.198708172000011, -37.940971816999934 ], [ 145.195077962000028, -37.967543546999934 ], [ 145.176000502000079, -37.950525356999947 ] ] ] } },
{ "type": "Feature", "properties": { "objectid": 1021, "sa2_code_2021": "212041317", "sa2_name_2021": "Springvale", "change_flag_2021": "0", "change_label_2021": "No change", "sa3_code_2021": "21204", "sa3_name_2021": "Dandenong", "sa4_code_2021": "212", "sa4_name_2021": "Melbourne - South East", "gccsa_code_2021": "2GMEL", "gccsa_name_2021": "Greater Melbourne", "state_code_2021": "2", "state_name_2021": "Victoria", "aus_code_2021": "AUS", "aus_name_2021": "Australia", "area_albers_sqkm": 11.1052, "asgs_loci_uri_2021": "http://linked.data.gov.au/dataset/asgsed3/SA2/212041317", "shape_Length": 0.16218634689595612, "shape_Area": 0.0011383318530885627 }, "geometry": { "type": "Polygon", "coordinates": [ [ [ 145.13658156200006, -37.960497455999985 ], [ 145.143368632000033, -37.924561345999962 ], [ 145.187181373000044, -37.940693215999943 ], [ 145.162477072000115, -37.963679746999958 ], [ 145.13658156200006, -37.960497455999985 ] ] ] } },
{ "type": "Feature", "properties": { "objectid": 1022, "sa2_code_2021": "212041318", "sa2_name_2021": "Springvale South", "change_flag_2021": "0", "change_label_2021": "No change", "sa3_code_2021": "21204", "sa3_name_2021": "Dandenong", "sa4_code_2021": "212", "sa4_name_2021": "Melbourne - South East", "gccsa_code_2021": "2GMEL", "gccsa_name_2021": "Greater Melbourne", "state_code_2021": "2", "state_name_2021": "Victoria", "aus_code_2021": "AUS", "aus_name_2021": "Australia", "area_albers_sqkm": 4.56, "asgs_loci_uri_2021": "http://linked.data.gov.au/dataset/asgsed3/SA2/212041318", "shape_Length": 0.10909050905021857, "shape_Area": 0.00046753323071122282 }, "geometry": { "type": "Polygon", "coordinates": [ [ [ 145.145910962000016, -37.98361224599995 ], [ 145.130752292000011, -37.960331356999973 ], [ 145.160982032000106, -37.963492996999946 ], [ 145.161266002000048, -37.976156006999929 ], [ 145.145910962000016, -37.98361224599995 ] ] ] } },
{ "type": "Feature", "properties": { "objectid": 1023, "sa2_code_2021": "212041459", "sa2_name_2021": "Noble Park - East", "change_flag_2021": "0", "change_label_2021": "No change", "sa3_code_2021": "21204", "sa3_name_2021": "Dandenong", "sa4_code_2021": "212", "sa4_name_2021": "Melbourne - South East", "gccsa_code_2021": "2GMEL", "gccsa_name_2021": "Greater Melbourne", "state_code_2021": "2", "state_name_2021": "Victoria", "aus_code_2021": "AUS", "aus_name_2021": "Australia", "area_albers_sqkm": 3.7671, "asgs_loci_uri_2021": "http://linked.data.gov.au/dataset/asgsed3/SA2/212041459", "shape_Length": 0.1124119627090803, "shape_Area": 0.00038627720176749825 }, "geometry": { "type": "Polygon", "coordinates": [ [ [ 145.162681212000052, -37.95649749699993 ], [ 145.195077962000028, -37.967543546999934 ], [ 145.196523472000081, -37.981463486999985 ], [ 145.162681212000052, -37.95649749699993 ] ] ] } },
{ "type": "Feature", "properties": { "objectid": 1024, "sa2_code_2021": "212041460", "sa2_name_2021": "Noble Park - West", "change_flag_2021": "0", "change_label_2021": "No change", "sa3_code_2021": "21204", "sa3_name_2021": "Dandenong", "sa4_code_2021": "212", "sa4_name_2021": "Melbourne - South East", "gccsa_code_2021": "2GMEL", "gccsa_name_2021": "Greater Melbourne", "state_code_2021": "2", "state_name_2021": "Victoria", "aus_code_2021": "AUS", "aus_name_2021": "Australia", "area_albers_sqkm": 4.7946, "asgs_loci_uri_2021": "http://linked.data.gov.au/dataset/asgsed3/SA2/212041460", "shape_Length": 0.12322354765313995, "shape_Area": 0.00049154259054286329 }, "geometry": { "type": "Polygon", "coordinates": [ [ [ 145.158586023000112, -37.981174996999982 ], [ 145.163704822000113, -37.957273936999968 ], [ 145.191564982000045, -37.981675996999968 ], [ 145.158586023000112, -37.981174996999982 ] ] ] } },
{ "type": "Feature", "properties": { "objectid": 1025, "sa2_code_2021": "212041563", "sa2_name_2021": "Dandenong - North", "change_flag_2021": "1", "change_label_2021": "New", "sa3_code_2021": "21204", "sa3_name_2021": "Dandenong", "sa4_code_2021": "212", "sa4_name_2021": "Melbourne - South East", "gccsa_code_2021": "2GMEL", "gccsa_name_2021": "Greater Melbourne", "state_code_2021": "2", "state_name_2021": "Victoria", "aus_code_2021": "AUS", "aus_name_2021": "Australia", "area_albers_sqkm": 8.041, "asgs_loci_uri_2021": "http://linked.data.gov.au/dataset/asgsed3/SA2/212041563", "shape_Length": 0.14071233088006557, "shape_Area": 0.0008246217183125442 }, "geometry": { "type": "Polygon", "coordinates": [ [ [ 145.196254132000035, -37.981275506999964 ], [ 145.234122992000039, -37.972254996999936 ], [ 145.227323992000038, -38.000769996999963 ], [ 145.196254132000035, -37.981275506999964 ] ] ] } },
{ "type": "Feature", "properties": { "objectid": 1026, "sa2_code_2021": "212041564", "sa2_name_2021": "Dandenong - South", "change_flag_2021": "1", "change_label_2021": "New", "sa3_code_2021": "21204", "sa3_name_2021": "Dandenong", "sa4_code_2021": "212", "sa4_name_2021": "Melbourne - South East", "gccsa_code_2021": "2GMEL", "gccsa_name_2021": "Greater Melbourne", "state_code_2021": "2", "state_name_2021": "Victoria", "aus_code_2021": "AUS", "aus_name_2021": "Australia", "area_albers_sqkm": 53.7832, "asgs_loci_uri_2021": "http://linked.data.gov.au/dataset/asgsed3/SA2/212041564", "shape_Length": 0.34156249162770563, "shape_Area": 0.0055195593392878021 }, "geometry": { "type": "Polygon", "coordinates": [ [ [ 145.150269752000099, -38.067299486999957 ], [ 145.196523472000081, -37.981463486999985 ], [ 145.251853562000065, -38.003635346999943 ], [ 145.239583323000033, -38.077676986999961 ], [ 145.150269752000099, -38.067299486999957 ] ] ] } },
{ "type": "Feature", "properties": { "objectid": 1027, "sa2_code_2021": "212041565", "sa2_name_2021": "Keysborough - North", "change_flag_2021": "1", "change_label_2021": "New", "sa3_code_2021": "21204", "sa3_name_2021": "Dandenong", "sa4_code_2021": "212", "sa4_name_2021": "Melbourne - South East", "gccsa_code_2021": "2GMEL", "gccsa_name_2021": "Greater Melbourne", "state_code_2021": "2", "state_name_2021": "Victoria", "aus_code_2021": "AUS", "aus_name_2021": "Australia", "area_albers_sqkm": 6.6053, "asgs_loci_uri_2021": "http://linked.data.gov.au/dataset/asgsed3/SA2/212041565", "shape_Length": 0.14922401734831039, "shape_Area": 0.00067739712544708517 }, "geometry": { "type": "Polygon", "coordinates": [ [ [ 145.145225643000117, -37.987514506999958 ], [ 145.191850012000032, -37.980205006999938 ], [ 145.194694012000014, -37.998356996999973 ], [ 145.162457363000044, -37.997070416999975 ], [ 145.145225643000117, -37.987514506999958 ] ] ] } },
{ "type": "Feature", "properties": { "objectid": 1028, "sa2_code_2021": "212041566", "sa2_name_2021": "Keysborough - South", "change_flag_2021": "1", "change_label_2021": "New", "sa3_code_2021": "21204", "sa3_name_2021": "Dandenong", "sa4_code_2021": "212", "sa4_name_2021": "Melbourne - South East", "gccsa_code_2021": "2GMEL", "gccsa_name_2021": "Greater Melbourne", "state_code_2021": "2", "state_name_2021": "Victoria", "aus_code_2021": "AUS", "aus_name_2021": "Australia", "area_albers_sqkm": 23.6738, "asgs_loci_uri_2021": "http://linked.data.gov.au/dataset/asgsed3/SA2/212041566", "shape_Length": 0.20433665090240818, "shape_Area": 0.0024291040745821192 }, "geometry": { "type": "Polygon", "coordinates": [ [ [ 145.144345182000052, -37.992615326999953 ], [ 145.193205982000109, -38.001565996999943 ], [ 145.18054333200007, -38.03582636699997 ], [ 145.146845542000051, -38.056983386999946 ], [ 145.133515852000073, -38.025379806999979 ], [ 145.144345182000052, -37.992615326999953 ] ] ] } },
{ "type": "Feature", "properties": { "objectid": 1029, "sa2_code_2021": "212051319", "sa2_name_2021": "Ashwood - Chadstone", "change_flag_2021": "0", "change_label_2021": "No change", "sa3_code_2021": "21205", "sa3_name_2021": "Monash", "sa4_code_2021": "212", "sa4_name_2021": "Melbourne - South East", "gccsa_code_2021": "2GMEL", "gccsa_name_2021": "Greater Melbourne", "state_code_2021": "2", "state_name_2021": "Victoria", "aus_code_2021": "AUS", "aus_name_2021": "Australia", "area_albers_sqkm": 6.7088, "asgs_loci_uri_2021": "http://linked.data.gov.au/dataset/asgsed3/SA2/212051319", "shape_Length": 0.11465037918215215, "shape_Area": 0.00068697607839551019 }, "geometry": { "type": "Polygon", "coordinates": [ [ [ 145.089232012000025, -37.887773486999947 ], [ 145.095110992000059, -37.853349556999945 ], [ 145.113987952000116, -37.855513705999954 ], [ 145.106886992000113, -37.893151256999943 ], [ 145.089232012000025, -37.887773486999947 ] ] ] } },
{ "type": "Feature", "properties": { "objectid": 1030, "sa2_code_2021": "212051321", "sa2_name_2021": "Glen Waverley - East", "change_flag_2021": "0", "change_label_2021": "No change", "sa3_code_2021": "21205", "sa3_name_2021": "Monash", "sa4_code_2021": "212", "sa4_name_2021": "Melbourne - South East", "gccsa_code_2021": "2GMEL", "gccsa_name_2021": "Greater Melbourne", "state_code_2021": "2", "state_name_2021": "Victoria", "aus_code_2021": "AUS", "aus_name_2021": "Australia", "area_albers_sqkm": 9.1645, "asgs_loci_uri_2021": "http://linked.data.gov.au/dataset/asgsed3/SA2/212051321", "shape_Length": 0.19013257049474958, "shape_Area": 0.0009384902360934183 }, "geometry": { "type": "Polygon", "coordinates": [ [ [ 145.161404742000059, -37.903537436999954 ], [ 145.16922705200011, -37.862015346999954 ], [ 145.195703822000041, -37.865176186999975 ], [ 145.200162012000078, -37.892954986999939 ], [ 145.161404742000059, -37.903537436999954 ] ] ] } },
{ "type": "Feature", "properties": { "objectid": 1031, "sa2_code_2021": "212051322", "sa2_name_2021": "Glen Waverley - West", "change_flag_2021": "0", "change_label_2021": "No change", "sa3_code_2021": "21205", "sa3_name_2021": "Monash", "sa4_code_2021": "212", "sa4_name_2021": "Melbourne - South East", "gccsa_code_2021": "2GMEL", "gccsa_name_2021": "Greater Melbourne", "state_code_2021": "2", "state_name_2021": "Victoria", "aus_code_2021": "AUS", "aus_name_2021": "Australia", "area_albers_sqkm": 7.6758, "asgs_loci_uri_2021": "http://linked.data.gov.au/dataset/asgsed3/SA2/212051322", "shape_Length": 0.1218525232155017, "shape_Area": 0.00078607210619840702 }, "geometry": { "type": "Polygon", "coordinates": [ [ [ 145.142931322000095, -37.901255886999934 ], [ 145.150754072000041, -37.859769596999968 ], [ 145.16922705200011, -37.862015346999954 ], [ 145.161404742000059, -37.903537436999954 ], [ 145.142931322000095, -37.901255886999934 ] ] ] } },
{ "type": "Feature", "properties": { "objectid": 1032, "sa2_code_2021": "212051323", "sa2_name_2021": "Mount Waverley - North", "change_flag_2021": "0", "change_label_2021": "No change", "sa3_code_2021": "21205", "sa3_name_2021": "Monash", "sa4_code_2021": "212", "sa4_name_2021": "Melbourne - South East", "gccsa_code_2021": "2GMEL", "gccsa_name_2021": "Greater Melbourne", "state_code_2021": "2", "state_name_2021": "Victoria", "aus_code_2021": "AUS", "aus_name_2021": "Australia", "area_albers_sqkm": 6.484, "asgs_loci_uri_2021": "http://linked.data.gov.au/dataset/asgsed3/SA2/212051323", "shape_Length": 0.1098773822147085, "shape_Area": 0.00066388918666417487 }, "geometry": { "type": "Polygon", "coordinates": [ [ [ 145.110679012000105, -37.873511986999972 ], [ 145.113987952000116, -37.855513705999954 ], [ 145.150754072000041, -37.859769596999968 ], [ 145.147610182000108, -37.876325926999982 ], [ 145.110679012000105, -37.873511986999972 ] ] ] } },
{ "type": "Feature", "properties": { "objectid": 1033, "sa2_code_2021": "212051324", "sa2_name_2021": "Mount Waverley - South", "change_flag_2021": "0", "change_label_2021": "No change", "sa3_code_2021": "21205", "sa3_name_2021": "Monash", "sa4_code_2021": "212", "sa4_name_2021": "Melbourne - South East", "gccsa_code_2021": "2GMEL", "gccsa_name_2021": "Greater Melbourne", "state_code_2021": "2", "state_name_2021": "Victoria", "aus_code_2021": "AUS", "aus_name_2021": "Australia", "area_albers_sqkm": 8.7006, "asgs_loci_uri_2021": "http://linked.data.gov.au/dataset/asgsed3/SA2/212051324", "shape_Length": 0.12402379709490369, "shape_Area": 0.00089115134569299817 }, "geometry": { "type": "Polygon", "coordinates": [ [ [ 145.106148082000118, -37.897014316999957 ], [ 145.110679012000105, -37.873511986999972 ], [ 145.147610182000108, -37.876325926999982 ], [ 145.142931322000095, -37.901255886999934 ], [ 145.106148082000118, -37.897014316999957 ] ] ] } },
{ "type": "Feature", "properties": { "objectid": 1034, "sa2_code_2021": "212051325", "sa2_name_2021": "Mulgrave", "change_flag_2021": "0", "change_label_2021": "No change", "sa3_code_2021": "21205", "sa3_name_2021": "Monash", "sa4_code_2021": "212", "sa4_name_2021": "Melbourne - South East", "gccsa_code_2021": "2GMEL", "gccsa_name_2021": "Greater Melbourne", "state_code_2021": "2", "state_name_2021": "Victoria", "aus_code_2021": "AUS", "aus_name_2021": "Australia", "area_albers_sqkm": 10.7189, "asgs_loci_uri_2021": "http://linked.data.gov.au/dataset/asgsed3/SA2/212051325", "shape_Length": 0.20691693887166437, "shape_Area": 0.0010983541579971446 }, "geometry": { "type": "Polygon", "coordinates": [ [ [ 145.15673993300004, -37.933147685999984 ], [ 145.161404742000059, -37.903537436999954 ], [ 145.220101992000082, -37.939567996999983 ], [ 145.15673993300004, -37.933147685999984 ] ] ] } },
{ "type": "Feature", "properties": { "objectid": 1035, "sa2_code_2021": "212051326", "sa2_name_2021": "Oakleigh - Huntingdale", "change_flag_2021": "0", "change_label_2021": "No change", "sa3_code_2021": "21205", "sa3_name_2021": "Monash", "sa4_code_2021": "212", "sa4_name_2021": "Melbourne - South East", "gccsa_code_2021": "2GMEL", "gccsa_name_2021": "Greater Melbourne", "state_code_2021": "2", "state_name_2021": "Victoria", "aus_code_2021": "AUS", "aus_name_2021": "Australia", "area_albers_sqkm": 10.1702, "asgs_loci_uri_2021": "http://linked.data.gov.au/dataset/asgsed3/SA2/212051326", "shape_Length": 0.14884952148886063, "shape_Area": 0.001041910365735334 }, "geometry": { "type": "Polygon", "coordinates": [ [ [ 145.089232012000025, -37.887773486999947 ], [ 145.121879182000043, -37.913819586999978 ], [ 145.107521652000059, -37.92712957699996 ], [ 145.082475972000111, -37.923997936999967 ], [ 145.089232012000025, -37.887773486999947 ] ] ] } },
{ "type": "Feature", "properties": { "objectid": 1036, "sa2_code_2021": "212051327", "sa2_name_2021": "Wheelers Hill", "change_flag_2021": "0", "change_label_2021": "No change", "sa3_code_2021": "21205", "sa3_name_2021": "Monash", "sa4_code_2021": "212", "sa4_name_2021": "Melbourne - South East", "gccsa_code_2021": "2GMEL", "gccsa_name_2021": "Greater Melbourne", "state_code_2021": "2", "state_name_2021": "Victoria", "aus_code_2021": "AUS", "aus_name_2021": "Australia", "area_albers_sqkm": 10.4394, "asgs_loci_uri_2021": "http://linked.data.gov.au/dataset/asgsed3/SA2/212051327", "shape_Length": 0.17059646146792667, "shape_Area": 0.0010694244490536192 }, "geometry": { "type": "Polygon", "coordinates": [ [ [ 145.16089877200011, -37.906398435999961 ], [ 145.176352982000026, -37.890265996999972 ], [ 145.200517012000091, -37.893034006999983 ], [ 145.205647012000099, -37.924400996999964 ], [ 145.16089877200011, -37.906398435999961 ] ] ] } },
{ "type": "Feature", "properties": { "objectid": 1037, "sa2_code_2021": "212051567", "sa2_name_2021": "Clayton (North) - Notting Hill", "change_flag_2021": "1", "change_label_2021": "New", "sa3_code_2021": "21205", "sa3_name_2021": "Monash", "sa4_code_2021": "212", "sa4_name_2021": "Melbourne - South East", "gccsa_code_2021": "2GMEL", "gccsa_name_2021": "Greater Melbourne", "state_code_2021": "2", "state_name_2021": "Victoria", "aus_code_2021": "AUS", "aus_name_2021": "Australia", "area_albers_sqkm": 5.2293, "asgs_loci_uri_2021": "http://linked.data.gov.au/dataset/asgsed3/SA2/212051567", "shape_Length": 0.10069467244267774, "shape_Area": 0.00053576558681606851 }, "geometry": { "type": "Polygon", "coordinates": [ [ [ 145.121879182000043, -37.913819586999978 ], [ 145.152816912000048, -37.902615795999964 ], [ 145.147538102000112, -37.927182816999959 ], [ 145.121879182000043, -37.913819586999978 ] ] ] } },
{ "type": "Feature", "properties": { "objectid": 1038, "sa2_code_2021": "212051568", "sa2_name_2021": "Clayton - Central", "change_flag_2021": "1", "change_label_2021": "New", "sa3_code_2021": "21205", "sa3_name_2021": "Monash", "sa4_code_2021": "212", "sa4_name_2021": "Melbourne - South East", "gccsa_code_2021": "2GMEL", "gccsa_name_2021": "Greater Melbourne", "state_code_2021": "2", "state_name_2021": "Victoria", "aus_code_2021": "AUS", "aus_name_2021": "Australia", "area_albers_sqkm": 4.1819, "asgs_loci_uri_2021": "http://linked.data.gov.au/dataset/asgsed3/SA2/212051568", "shape_Length": 0.092888912228738074, "shape_Area": 0.00042849145602150883 }, "geometry": { "type": "Polygon", "coordinates": [ [ [ 145.107521652000059, -37.92712957699996 ], [ 145.127375752000034, -37.914565356999958 ], [ 145.141612583000096, -37.931374156999937 ], [ 145.107521652000059, -37.92712957699996 ] ] ] } },
{ "type": "Feature", "properties": { "objectid": 1039, "sa2_code_2021": "213011328", "sa2_name_2021": "Ardeer - Albion", "change_flag_2021": "0", "change_label_2021": "No change", "sa3_code_2021": "21301", "sa3_name_2021": "Brimbank", "sa4_code_2021": "213", "sa4_name_2021": "Melbourne - West", "gccsa_code_2021": "2GMEL", "gccsa_name_2021": "Greater Melbourne", "state_code_2021": "2", "state_name_2021": "Victoria", "aus_code_2021": "AUS", "aus_name_2021": "Australia", "area_albers_sqkm": 4.5883, "asgs_loci_uri_2021": "http://linked.data.gov.au/dataset/asgsed3/SA2/213011328", "shape_Length": 0.095795504665338982, "shape_Area": 0.00046923331252892244 }, "geometry": { "type": "Polygon", "coordinates": [ [ [ 144.792274322000026, -37.78170803699993 ], [ 144.815893293000045, -37.765892826999959 ], [ 144.827914903000078, -37.781841306999979 ], [ 144.792274322000026, -37.78170803699993 ] ] ] } },
{ "type": "Feature", "properties": { "objectid": 1040, "sa2_code_2021": "213011329", "sa2_name_2021": "Cairnlea", "change_flag_2021": "0", "change_label_2021": "No change", "sa3_code_2021": "21301", "sa3_name_2021": "Brimbank", "sa4_code_2021": "213", "sa4_name_2021": "Melbourne - West", "gccsa_code_2021": "2GMEL", "gccsa_name_2021": "Greater Melbourne", "state_code_2021": "2", "state_name_2021": "Victoria", "aus_code_2021": "AUS", "aus_name_2021": "Australia", "area_albers_sqkm": 4.4061, "asgs_loci_uri_2021": "http://linked.data.gov.au/dataset/asgsed3/SA2/213011329", "shape_Length": 0.104024824631497, "shape_Area": 0.00045047026011004832 }, "geometry": { "type": "Polygon", "coordinates": [ [ [ 144.776369272000011, -37.767594546999931 ], [ 144.792455552000092, -37.748013946999947 ], [ 144.805842293000069, -37.767310296999938 ], [ 144.776369272000011, -37.767594546999931 ] ] ] } },
{ "type": "Feature", "properties": { "objectid": 1041, "sa2_code_2021": "213011331", "sa2_name_2021": "Delahey", "change_flag_2021": "0", "change_label_2021": "No change", "sa3_code_2021": "21301", "sa3_name_2021": "Brimbank", "sa4_code_2021": "213", "sa4_name_2021": "Melbourne - West", "gccsa_code_2021": "2GMEL", "gccsa_name_2021": "Greater Melbourne", "state_code_2021": "2", "state_name_2021": "Victoria", "aus_code_2021": "AUS", "aus_name_2021": "Australia", "area_albers_sqkm": 3.5055, "asgs_loci_uri_2021": "http://linked.data.gov.au/dataset/asgsed3/SA2/213011331", "shape_Length": 0.079378716409221325, "shape_Area": 0.00035823102635988035 }, "geometry": { "type": "Polygon", "coordinates": [ [ [ 144.76404431200001, -37.725557906999938 ], [ 144.781796522000036, -37.711298976999956 ], [ 144.79297633200008, -37.727953825999975 ], [ 144.76404431200001, -37.725557906999938 ] ] ] } },
{ "type": "Feature", "properties": { "objectid": 1042, "sa2_code_2021": "213011332", "sa2_name_2021": "Keilor Downs", "change_flag_2021": "0", "change_label_2021": "No change", "sa3_code_2021": "21301", "sa3_name_2021": "Brimbank", "sa4_code_2021": "213", "sa4_name_2021": "Melbourne - West", "gccsa_code_2021": "2GMEL", "gccsa_name_2021": "Greater Melbourne", "state_code_2021": "2", "state_name_2021": "Victoria", "aus_code_2021": "AUS", "aus_name_2021": "Australia", "area_albers_sqkm": 7.6597, "asgs_loci_uri_2021": "http://linked.data.gov.au/dataset/asgsed3/SA2/213011332", "shape_Length": 0.17407041805642318, "shape_Area": 0.0007828304647592622 }, "geometry": { "type": "Polygon", "coordinates": [ [ [ 144.786363332000064, -37.717077816999961 ], [ 144.821228132000101, -37.715353586999981 ], [ 144.839286472000026, -37.746629336999945 ], [ 144.827747582000029, -37.747561436999945 ], [ 144.786363332000064, -37.717077816999961 ] ] ] } },
{ "type": "Feature", "properties": { "objectid": 1043, "sa2_code_2021": "213011333", "sa2_name_2021": "Kings Park (Vic.)", "change_flag_2021": "0", "change_label_2021": "No change", "sa3_code_2021": "21301", "sa3_name_2021": "Brimbank", "sa4_code_2021": "213", "sa4_name_2021": "Melbourne - West", "gccsa_code_2021": "2GMEL", "gccsa_name_2021": "Greater Melbourne", "state_code_2021": "2", "state_name_2021": "Victoria", "aus_code_2021": "AUS", "aus_name_2021": "Australia", "area_albers_sqkm": 4.4323, "asgs_loci_uri_2021": "http://linked.data.gov.au/dataset/asgsed3/SA2/213011333", "shape_Length": 0.091717118434593931, "shape_Area": 0.0004530230759142168 }, "geometry": { "type": "Polygon", "coordinates": [ [ [ 144.763749872000062, -37.727766456999973 ], [ 144.782007493000037, -37.727568706999932 ], [ 144.778070022000065, -37.750353996999934 ], [ 144.756939992000071, -37.750466986999982 ], [ 144.763749872000062, -37.727766456999973 ] ] ] } },
{ "type": "Feature", "properties": { "objectid": 1044, "sa2_code_2021": "213011334", "sa2_name_2021": "St Albans - North", "change_flag_2021": "0", "change_label_2021": "No change", "sa3_code_2021": "21301", "sa3_name_2021": "Brimbank", "sa4_code_2021": "213", "sa4_name_2021": "Melbourne - West", "gccsa_code_2021": "2GMEL", "gccsa_name_2021": "Greater Melbourne", "state_code_2021": "2", "state_name_2021": "Victoria", "aus_code_2021": "AUS", "aus_name_2021": "Australia", "area_albers_sqkm": 6.5225, "asgs_loci_uri_2021": "http://linked.data.gov.au/dataset/asgsed3/SA2/213011334", "shape_Length": 0.12026721688899902, "shape_Area": 0.00066667059034648444 }, "geometry": { "type": "Polygon", "coordinates": [ [ [ 144.779445162000115, -37.74195386699995 ], [ 144.815248082000039, -37.729667255999971 ], [ 144.829094032000057, -37.746094866999954 ], [ 144.779445162000115, -37.74195386699995 ] ] ] } },
{ "type": "Feature", "properties": { "objectid": 1045, "sa2_code_2021": "213011335", "sa2_name_2021": "St Albans - South", "change_flag_2021": "0", "change_label_2021": "No change", "sa3_code_2021": "21301", "sa3_name_2021": "Brimbank", "sa4_code_2021": "213", "sa4_name_2021": "Melbourne - West", "gccsa_code_2021": "2GMEL", "gccsa_name_2021": "Greater Melbourne", "state_code_2021": "2", "state_name_2021": "Victoria", "aus_code_2021": "AUS", "aus_name_2021": "Australia", "area_albers_sqkm": 6.2647, "asgs_loci_uri_2021": "http://linked.data.gov.au/dataset/asgsed3/SA2/213011335", "shape_Length": 0.13785143948963033, "shape_Area": 0.00064053453987674943 }, "geometry": { "type": "Polygon", "coordinates": [ [ [ 144.778718882000021, -37.746633416999941 ], [ 144.830626553000116, -37.747906426999975 ], [ 144.831657642000096, -37.749617116999957 ], [ 144.806926992000058, -37.767593996999949 ], [ 144.778718882000021, -37.746633416999941 ] ] ] } },
{ "type": "Feature", "properties": { "objectid": 1046, "sa2_code_2021": "213011336", "sa2_name_2021": "Sunshine", "change_flag_2021": "0", "change_label_2021": "No change", "sa3_code_2021": "21301", "sa3_name_2021": "Brimbank", "sa4_code_2021": "213", "sa4_name_2021": "Melbourne - West", "gccsa_code_2021": "2GMEL", "gccsa_name_2021": "Greater Melbourne", "state_code_2021": "2", "state_name_2021": "Victoria", "aus_code_2021": "AUS", "aus_name_2021": "Australia", "area_albers_sqkm": 4.732, "asgs_loci_uri_2021": "http://linked.data.gov.au/dataset/asgsed3/SA2/213011336", "shape_Length": 0.14274154437200803, "shape_Area": 0.0004840004507950507 }, "geometry": { "type": "Polygon", "coordinates": [ [ [ 144.814906442000051, -37.784652326999947 ], [ 144.847165762000031, -37.779076036999982 ], [ 144.843703662000053, -37.80287005699995 ], [ 144.821708002000037, -37.800939006999954 ], [ 144.814906442000051, -37.784652326999947 ] ] ] } },
{ "type": "Feature", "properties": { "objectid": 1047, "sa2_code_2021": "213011337", "sa2_name_2021": "Sunshine North", "change_flag_2021": "0", "change_label_2021": "No change", "sa3_code_2021": "21301", "sa3_name_2021": "Brimbank", "sa4_code_2021": "213", "sa4_name_2021": "Melbourne - West", "gccsa_code_2021": "2GMEL", "gccsa_name_2021": "Greater Melbourne", "state_code_2021": "2", "state_name_2021": "Victoria", "aus_code_2021": "AUS", "aus_name_2021": "Australia", "area_albers_sqkm": 8.0239, "asgs_loci_uri_2021": "http://linked.data.gov.au/dataset/asgsed3/SA2/213011337", "shape_Length": 0.11850351656814574, "shape_Area": 0.00082035090273189571 }, "geometry": { "type": "Polygon", "coordinates": [ [ [ 144.822151032000079, -37.757742285999939 ], [ 144.846353162000014, -37.747523976999958 ], [ 144.847165762000031, -37.779076036999982 ], [ 144.824010632000068, -37.776617386999931 ], [ 144.822151032000079, -37.757742285999939 ] ] ] } },
{ "type": "Feature", "properties": { "objectid": 1048, "sa2_code_2021": "213011338", "sa2_name_2021": "Sunshine West", "change_flag_2021": "0", "change_label_2021": "No change", "sa3_code_2021": "21301", "sa3_name_2021": "Brimbank", "sa4_code_2021": "213", "sa4_name_2021": "Melbourne - West", "gccsa_code_2021": "2GMEL", "gccsa_name_2021": "Greater Melbourne", "state_code_2021": "2", "state_name_2021": "Victoria", "aus_code_2021": "AUS", "aus_name_2021": "Australia", "area_albers_sqkm": 12.9688, "asgs_loci_uri_2021": "http://linked.data.gov.au/dataset/asgsed3/SA2/213011338", "shape_Length": 0.21396869732918075, "shape_Area": 0.0013267641036282284 }, "geometry": { "type": "Polygon", "coordinates": [ [ [ 144.788095992000081, -37.790132986999936 ], [ 144.824220872000069, -37.786114786999974 ], [ 144.822000002000095, -37.801302995999947 ], [ 144.855872942000019, -37.814882306999948 ], [ 144.827414442000077, -37.822831576999931 ], [ 144.788095992000081, -37.790132986999936 ] ] ] } },
{ "type": "Feature", "properties": { "objectid": 1049, "sa2_code_2021": "213011339", "sa2_name_2021": "Sydenham", "change_flag_2021": "0", "change_label_2021": "No change", "sa3_code_2021": "21301", "sa3_name_2021": "Brimbank", "sa4_code_2021": "213", "sa4_name_2021": "Melbourne - West", "gccsa_code_2021": "2GMEL", "gccsa_name_2021": "Greater Melbourne", "state_code_2021": "2", "state_name_2021": "Victoria", "aus_code_2021": "AUS", "aus_name_2021": "Australia", "area_albers_sqkm": 3.9479, "asgs_loci_uri_2021": "http://linked.data.gov.au/dataset/asgsed3/SA2/213011339", "shape_Length": 0.09895562204894616, "shape_Area": 0.0004033740987813528 }, "geometry": { "type": "Polygon", "coordinates": [ [ [ 144.760544293000066, -37.708860846999983 ], [ 144.758351412000025, -37.680937146999952 ], [ 144.781796522000036, -37.711298976999956 ], [ 144.760544293000066, -37.708860846999983 ] ] ] } },
{ "type": "Feature", "properties": { "objectid": 1050, "sa2_code_2021": "213011340", "sa2_name_2021": "Taylors Lakes", "change_flag_2021": "0", "change_label_2021": "No change", "sa3_code_2021": "21301", "sa3_name_2021": "Brimbank", "sa4_code_2021": "213", "sa4_name_2021": "Melbourne - West", "gccsa_code_2021": "2GMEL", "gccsa_name_2021": "Greater Melbourne", "state_code_2021": "2", "state_name_2021": "Victoria", "aus_code_2021": "AUS", "aus_name_2021": "Australia", "area_albers_sqkm": 18.4632, "asgs_loci_uri_2021": "http://linked.data.gov.au/dataset/asgsed3/SA2/213011340", "shape_Length": 0.27797645135285531, "shape_Area": 0.0018859595890705174 }, "geometry": { "type": "Polygon", "coordinates": [ [ [ 144.781796522000036, -37.711298976999956 ], [ 144.744412792000048, -37.663077096999984 ], [ 144.77698148200011, -37.676802066999983 ], [ 144.804750102000071, -37.669517006999968 ], [ 144.820481052000105, -37.68433603699998 ], [ 144.801930252000034, -37.701859206999984 ], [ 144.81092951200003, -37.714185086999976 ], [ 144.781796522000036, -37.711298976999956 ] ] ] } },
{ "type": "Feature", "properties": { "objectid": 1051, "sa2_code_2021": "213011569", "sa2_name_2021": "Deer Park", "change_flag_2021": "1", "change_label_2021": "New", "sa3_code_2021": "21301", "sa3_name_2021": "Brimbank", "sa4_code_2021": "213", "sa4_name_2021": "Melbourne - West", "gccsa_code_2021": "2GMEL", "gccsa_name_2021": "Greater Melbourne", "state_code_2021": "2", "state_name_2021": "Victoria", "aus_code_2021": "AUS", "aus_name_2021": "Australia", "area_albers_sqkm": 8.0769, "asgs_loci_uri_2021": "http://linked.data.gov.au/dataset/asgsed3/SA2/213011569", "shape_Length": 0.15214343864993679, "shape_Area": 0.00082588217700945029 }, "geometry": { "type": "Polygon", "coordinates": [ [ [ 144.754777692000062, -37.781398826999975 ], [ 144.756939992000071, -37.750466986999982 ], [ 144.777752982000038, -37.750178006999931 ], [ 144.775247002000015, -37.766478996999979 ], [ 144.794353002000094, -37.778945995999948 ], [ 144.754777692000062, -37.781398826999975 ] ] ] } },
{ "type": "Feature", "properties": { "objectid": 1052, "sa2_code_2021": "213011570", "sa2_name_2021": "Derrimut", "change_flag_2021": "1", "change_label_2021": "New", "sa3_code_2021": "21301", "sa3_name_2021": "Brimbank", "sa4_code_2021": "213", "sa4_name_2021": "Melbourne - West", "gccsa_code_2021": "2GMEL", "gccsa_name_2021": "Greater Melbourne", "state_code_2021": "2", "state_name_2021": "Victoria", "aus_code_2021": "AUS", "aus_name_2021": "Australia", "area_albers_sqkm": 13.2579, "asgs_loci_uri_2021": "http://linked.data.gov.au/dataset/asgsed3/SA2/213011570", "shape_Length": 0.17798282496330237, "shape_Area": 0.001356239240361377 }, "geometry": { "type": "Polygon", "coordinates": [ [ [ 144.753949002000013, -37.787653986999942 ], [ 144.791684633000045, -37.781646836999982 ], [ 144.789201792000085, -37.800210786999969 ], [ 144.8071476020001, -37.815248566999969 ], [ 144.750969722000036, -37.81046295699997 ], [ 144.753949002000013, -37.787653986999942 ] ] ] } },
{ "type": "Feature", "properties": { "objectid": 1053, "sa2_code_2021": "213021341", "sa2_name_2021": "Altona", "change_flag_2021": "0", "change_label_2021": "No change", "sa3_code_2021": "21302", "sa3_name_2021": "Hobsons Bay", "sa4_code_2021": "213", "sa4_name_2021": "Melbourne - West", "gccsa_code_2021": "2GMEL", "gccsa_name_2021": "Greater Melbourne", "state_code_2021": "2", "state_name_2021": "Victoria", "aus_code_2021": "AUS", "aus_name_2021": "Australia", "area_albers_sqkm": 17.6826, "asgs_loci_uri_2021": "http://linked.data.gov.au/dataset/asgsed3/SA2/213021341", "shape_Length": 0.24281961642696942, "shape_Area": 0.0018104109770314856 }, "geometry": { "type": "Polygon", "coordinates": [ [ [ 144.808316883000089, -37.881955795999943 ], [ 144.776754452000091, -37.863129246999961 ], [ 144.78191391200005, -37.84417157699994 ], [ 144.867776542000115, -37.859087246999934 ], [ 144.808316883000089, -37.881955795999943 ] ] ] } },
{ "type": "Feature", "properties": { "objectid": 1054, "sa2_code_2021": "213021342", "sa2_name_2021": "Altona Meadows", "change_flag_2021": "0", "change_label_2021": "No change", "sa3_code_2021": "21302", "sa3_name_2021": "Hobsons Bay", "sa4_code_2021": "213", "sa4_name_2021": "Melbourne - West", "gccsa_code_2021": "2GMEL", "gccsa_name_2021": "Greater Melbourne", "state_code_2021": "2", "state_name_2021": "Victoria", "aus_code_2021": "AUS", "aus_name_2021": "Australia", "area_albers_sqkm": 10.5419, "asgs_loci_uri_2021": "http://linked.data.gov.au/dataset/asgsed3/SA2/213021342", "shape_Length": 0.1822472554671429, "shape_Area": 0.0010796187529202544 }, "geometry": { "type": "Polygon", "coordinates": [ [ [ 144.781418572000121, -37.899479326999938 ], [ 144.754799043000048, -37.86956702699996 ], [ 144.789510543000119, -37.860000996999929 ], [ 144.807636013000092, -37.891284126999949 ], [ 144.781418572000121, -37.899479326999938 ] ] ] } },
{ "type": "Feature", "properties": { "objectid": 1055, "sa2_code_2021": "213021343", "sa2_name_2021": "Altona North", "change_flag_2021": "0", "change_label_2021": "No change", "sa3_code_2021": "21302", "sa3_name_2021": "Hobsons Bay", "sa4_code_2021": "213", "sa4_name_2021": "Melbourne - West", "gccsa_code_2021": "2GMEL", "gccsa_name_2021": "Greater Melbourne", "state_code_2021": "2", "state_name_2021": "Victoria", "aus_code_2021": "AUS", "aus_name_2021": "Australia", "area_albers_sqkm": 16.1844, "asgs_loci_uri_2021": "http://linked.data.gov.au/dataset/asgsed3/SA2/213021343", "shape_Length": 0.20178888869249989, "shape_Area": 0.0016564435962516039 }, "geometry": { "type": "Polygon", "coordinates": [ [ [ 144.789035102000071, -37.844855786999972 ], [ 144.859834072000012, -37.813833445999933 ], [ 144.863051042000052, -37.848503686999948 ], [ 144.789035102000071, -37.844855786999972 ] ] ] } },
{ "type": "Feature", "properties": { "objectid": 1056, "sa2_code_2021": "213021344", "sa2_name_2021": "Newport", "change_flag_2021": "0", "change_label_2021": "No change", "sa3_code_2021": "21302", "sa3_name_2021": "Hobsons Bay", "sa4_code_2021": "213", "sa4_name_2021": "Melbourne - West", "gccsa_code_2021": "2GMEL", "gccsa_name_2021": "Greater Melbourne", "state_code_2021": "2", "state_name_2021": "Victoria", "aus_code_2021": "AUS", "aus_name_2021": "Australia", "area_albers_sqkm": 8.8407, "asgs_loci_uri_2021": "http://linked.data.gov.au/dataset/asgsed3/SA2/213021344", "shape_Length": 0.21858894333756471, "shape_Area": 0.00090479068410707149 }, "geometry": { "type": "Polygon", "coordinates": [ [ [ 144.860132502000056, -37.824884216999976 ], [ 144.905562512000074, -37.822888036999984 ], [ 144.90559303200007, -37.85173203599993 ], [ 144.863046002000033, -37.848530995999965 ], [ 144.860132502000056, -37.824884216999976 ] ] ] } },
{ "type": "Feature", "properties": { "objectid": 1057, "sa2_code_2021": "213021345", "sa2_name_2021": "Seabrook", "change_flag_2021": "0", "change_label_2021": "No change", "sa3_code_2021": "21302", "sa3_name_2021": "Hobsons Bay", "sa4_code_2021": "213", "sa4_name_2021": "Melbourne - West", "gccsa_code_2021": "2GMEL", "gccsa_name_2021": "Greater Melbourne", "state_code_2021": "2", "state_name_2021": "Victoria", "aus_code_2021": "AUS", "aus_name_2021": "Australia", "area_albers_sqkm": 1.6199, "asgs_loci_uri_2021": "http://linked.data.gov.au/dataset/asgsed3/SA2/213021345", "shape_Length": 0.056668108292842828, "shape_Area": 0.00016589404359738672 }, "geometry": { "type": "Polygon", "coordinates": [ [ [ 144.755845062000049, -37.887980486999936 ], [ 144.762827992000098, -37.872966996999935 ], [ 144.766673703000038, -37.883943245999944 ], [ 144.755845062000049, -37.887980486999936 ] ] ] } },
{ "type": "Feature", "properties": { "objectid": 1058, "sa2_code_2021": "213021346", "sa2_name_2021": "Williamstown", "change_flag_2021": "0", "change_label_2021": "No change", "sa3_code_2021": "21302", "sa3_name_2021": "Hobsons Bay", "sa4_code_2021": "213", "sa4_name_2021": "Melbourne - West", "gccsa_code_2021": "2GMEL", "gccsa_name_2021": "Greater Melbourne", "state_code_2021": "2", "state_name_2021": "Victoria", "aus_code_2021": "AUS", "aus_name_2021": "Australia", "area_albers_sqkm": 7.3463, "asgs_loci_uri_2021": "http://linked.data.gov.au/dataset/asgsed3/SA2/213021346", "shape_Length": 0.18023441906201818, "shape_Area": 0.00075218216231866958 }, "geometry": { "type": "Polygon", "coordinates": [ [ [ 144.889538392000077, -37.857905726999945 ], [ 144.915524062000031, -37.865542986999969 ], [ 144.851774403000036, -37.855756076999967 ], [ 144.889538392000077, -37.857905726999945 ] ] ] } },
{ "type": "Feature", "properties": { "objectid": 1059, "sa2_code_2021": "213031347", "sa2_name_2021": "Braybrook", "change_flag_2021": "0", "change_label_2021": "No change", "sa3_code_2021": "21303", "sa3_name_2021": "Maribyrnong", "sa4_code_2021": "213", "sa4_name_2021": "Melbourne - West", "gccsa_code_2021": "2GMEL", "gccsa_name_2021": "Greater Melbourne", "state_code_2021": "2", "state_name_2021": "Victoria", "aus_code_2021": "AUS", "aus_name_2021": "Australia", "area_albers_sqkm": 7.4843, "asgs_loci_uri_2021": "http://linked.data.gov.au/dataset/asgsed3/SA2/213031347", "shape_Length": 0.13770890851558978, "shape_Area": 0.00076554933120269886 }, "geometry": { "type": "Polygon", "coordinates": [ [ [ 144.842161902000043, -37.79708029699998 ], [ 144.851355782000041, -37.770232776999933 ], [ 144.885570992000112, -37.77561600699994 ], [ 144.862046992000046, -37.799538996999956 ], [ 144.842161902000043, -37.79708029699998 ] ] ] } },
{ "type": "Feature", "properties": { "objectid": 1060, "sa2_code_2021": "213031348", "sa2_name_2021": "Footscray", "change_flag_2021": "0", "change_label_2021": "No change", "sa3_code_2021": "21303", "sa3_name_2021": "Maribyrnong", "sa4_code_2021": "213", "sa4_name_2021": "Melbourne - West", "gccsa_code_2021": "2GMEL", "gccsa_name_2021": "Greater Melbourne", "state_code_2021": "2", "state_name_2021": "Victoria", "aus_code_2021": "AUS", "aus_name_2021": "Australia", "area_albers_sqkm": 4.9671, "asgs_loci_uri_2021": "http://linked.data.gov.au/dataset/asgsed3/SA2/213031348", "shape_Length": 0.11961432503675776, "shape_Area": 0.00050812882811035898 }, "geometry": { "type": "Polygon", "coordinates": [ [ [ 144.883094392000089, -37.788598436999962 ], [ 144.916048092000096, -37.79724174699993 ], [ 144.905452432000061, -37.815291025999954 ], [ 144.8793946830001, -37.800557456999968 ], [ 144.883094392000089, -37.788598436999962 ] ] ] } },
{ "type": "Feature", "properties": { "objectid": 1061, "sa2_code_2021": "213031349", "sa2_name_2021": "Maribyrnong", "change_flag_2021": "0", "change_label_2021": "No change", "sa3_code_2021": "21303", "sa3_name_2021": "Maribyrnong", "sa4_code_2021": "213", "sa4_name_2021": "Melbourne - West", "gccsa_code_2021": "2GMEL", "gccsa_name_2021": "Greater Melbourne", "state_code_2021": "2", "state_name_2021": "Victoria", "aus_code_2021": "AUS", "aus_name_2021": "Australia", "area_albers_sqkm": 5.4934, "asgs_loci_uri_2021": "http://linked.data.gov.au/dataset/asgsed3/SA2/213031349", "shape_Length": 0.13208821760678605, "shape_Area": 0.00056174921948373322 }, "geometry": { "type": "Polygon", "coordinates": [ [ [ 144.874373702000071, -37.768996666999954 ], [ 144.882324502000074, -37.755844366999952 ], [ 144.901437252000051, -37.765292446999979 ], [ 144.902823222000052, -37.789017756999954 ], [ 144.874373702000071, -37.768996666999954 ] ] ] } },
{ "type": "Feature", "properties": { "objectid": 1062, "sa2_code_2021": "213031350", "sa2_name_2021": "Seddon - Kingsville", "change_flag_2021": "0", "change_label_2021": "No change", "sa3_code_2021": "21303", "sa3_name_2021": "Maribyrnong", "sa4_code_2021": "213", "sa4_name_2021": "Melbourne - West", "gccsa_code_2021": "2GMEL", "gccsa_name_2021": "Greater Melbourne", "state_code_2021": "2", "state_name_2021": "Victoria", "aus_code_2021": "AUS", "aus_name_2021": "Australia", "area_albers_sqkm": 1.6803, "asgs_loci_uri_2021": "http://linked.data.gov.au/dataset/asgsed3/SA2/213031350", "shape_Length": 0.072895420046993523, "shape_Area": 0.00017188853521960535 }, "geometry": { "type": "Polygon", "coordinates": [ [ [ 144.869227932000058, -37.81120165599998 ], [ 144.886208753000119, -37.802173236999977 ], [ 144.900231142000052, -37.806957256999965 ], [ 144.869227932000058, -37.81120165599998 ] ] ] } },
{ "type": "Feature", "properties": { "objectid": 1063, "sa2_code_2021": "213031351", "sa2_name_2021": "West Footscray - Tottenham", "change_flag_2021": "0", "change_label_2021": "No change", "sa3_code_2021": "21303", "sa3_name_2021": "Maribyrnong", "sa4_code_2021": "213", "sa4_name_2021": "Melbourne - West", "gccsa_code_2021": "2GMEL", "gccsa_name_2021": "Greater Melbourne", "state_code_2021": "2", "state_name_2021": "Victoria", "aus_code_2021": "AUS", "aus_name_2021": "Australia", "area_albers_sqkm": 5.9807, "asgs_loci_uri_2021": "http://linked.data.gov.au/dataset/asgsed3/SA2/213031351", "shape_Length": 0.13105370241580447, "shape_Area": 0.00061187470979062329 }, "geometry": { "type": "Polygon", "coordinates": [ [ [ 144.839223982000021, -37.796930275999955 ], [ 144.882685812000091, -37.790785796999955 ], [ 144.887324413000101, -37.801583196999957 ], [ 144.855872942000019, -37.814882306999948 ], [ 144.839223982000021, -37.796930275999955 ] ] ] } },
{ "type": "Feature", "properties": { "objectid": 1064, "sa2_code_2021": "213031352", "sa2_name_2021": "Yarraville", "change_flag_2021": "0", "change_label_2021": "No change", "sa3_code_2021": "21303", "sa3_name_2021": "Maribyrnong", "sa4_code_2021": "213", "sa4_name_2021": "Melbourne - West", "gccsa_code_2021": "2GMEL", "gccsa_name_2021": "Greater Melbourne", "state_code_2021": "2", "state_name_2021": "Victoria", "aus_code_2021": "AUS", "aus_name_2021": "Australia", "area_albers_sqkm": 5.62, "asgs_loci_uri_2021": "http://linked.data.gov.au/dataset/asgsed3/SA2/213031352", "shape_Length": 0.12862432209448998, "shape_Area": 0.00057510842384758036 }, "geometry": { "type": "Polygon", "coordinates": [ [ [ 144.85778894200007, -37.824447066999937 ], [ 144.889858102000062, -37.80977915699998 ], [ 144.906638462000046, -37.821020016999967 ], [ 144.85778894200007, -37.824447066999937 ] ] ] } },
{ "type": "Feature", "properties": { "objectid": 1065, "sa2_code_2021": "213041353", "sa2_name_2021": "Bacchus Marsh", "change_flag_2021": "0", "change_label_2021": "No change", "sa3_code_2021": "21304", "sa3_name_2021": "Melton - Bacchus Marsh", "sa4_code_2021": "213", "sa4_name_2021": "Melbourne - West", "gccsa_code_2021": "2GMEL", "gccsa_name_2021": "Greater Melbourne", "state_code_2021": "2", "state_name_2021": "Victoria", "aus_code_2021": "AUS", "aus_name_2021": "Australia", "area_albers_sqkm": 196.2983, "asgs_loci_uri_2021": "http://linked.data.gov.au/dataset/asgsed3/SA2/213041353", "shape_Length": 1.064251732400908, "shape_Area": 0.020038457645921905 }, "geometry": { "type": "Polygon", "coordinates": [ [ [ 144.402111992000073, -37.639664996999954 ], [ 144.384799022000038, -37.606741986999964 ], [ 144.423197022000068, -37.613633996999965 ], [ 144.420726003000027, -37.592830986999957 ], [ 144.452952992000064, -37.58714798699998 ], [ 144.459283362000065, -37.546396946999948 ], [ 144.556225212000072, -37.558900346999962 ], [ 144.522693392000065, -37.604599555999982 ], [ 144.519054852000068, -37.706733715999974 ], [ 144.464823013000114, -37.691978996999978 ], [ 144.46274699200012, -37.706029985999976 ], [ 144.402728992000107, -37.727779996999971 ], [ 144.392624002000048, -37.696225986999934 ], [ 144.345720992000111, -37.658115985999984 ], [ 144.35664401300005, -37.64776399699997 ], [ 144.333634052000093, -37.637426066999979 ], [ 144.337715992000085, -37.618654986999957 ], [ 144.402111992000073, -37.639664996999954 ] ] ] } },
{ "type": "Feature", "properties": { "objectid": 1066, "sa2_code_2021": "213041358", "sa2_name_2021": "Melton West", "change_flag_2021": "0", "change_label_2021": "No change", "sa3_code_2021": "21304", "sa3_name_2021": "Melton - Bacchus Marsh", "sa4_code_2021": "213", "sa4_name_2021": "Melbourne - West", "gccsa_code_2021": "2GMEL", "gccsa_name_2021": "Greater Melbourne", "state_code_2021": "2", "state_name_2021": "Victoria", "aus_code_2021": "AUS", "aus_name_2021": "Australia", "area_albers_sqkm": 24.2021, "asgs_loci_uri_2021": "http://linked.data.gov.au/dataset/asgsed3/SA2/213041358", "shape_Length": 0.26081720532923824, "shape_Area": 0.0024714465620672066 }, "geometry": { "type": "Polygon", "coordinates": [ [ [ 144.5169790220001, -37.687235986999951 ], [ 144.519452262000073, -37.635262145999945 ], [ 144.574534632000109, -37.651643116999935 ], [ 144.5670480120001, -37.690212986999938 ], [ 144.5169790220001, -37.687235986999951 ] ] ] } },
{ "type": "Feature", "properties": { "objectid": 1067, "sa2_code_2021": "213041359", "sa2_name_2021": "Rockbank - Mount Cottrell", "change_flag_2021": "0", "change_label_2021": "No change", "sa3_code_2021": "21304", "sa3_name_2021": "Melton - Bacchus Marsh", "sa4_code_2021": "213", "sa4_name_2021": "Melbourne - West", "gccsa_code_2021": "2GMEL", "gccsa_name_2021": "Greater Melbourne", "state_code_2021": "2", "state_name_2021": "Victoria", "aus_code_2021": "AUS", "aus_name_2021": "Australia", "area_albers_sqkm": 125.7609, "asgs_loci_uri_2021": "http://linked.data.gov.au/dataset/asgsed3/SA2/213041359", "shape_Length": 0.61290734483894471, "shape_Area": 0.012858557489837719 }, "geometry": { "type": "Polygon", "coordinates": [ [ [ 144.612259022000103, -37.75167999699994 ], [ 144.624479012000052, -37.68227199699993 ], [ 144.637558632000037, -37.683598366999945 ], [ 144.637149072000057, -37.697393206999948 ], [ 144.673697182000069, -37.708310986999948 ], [ 144.684492012000078, -37.729629996999961 ], [ 144.726031022000029, -37.732326996999973 ], [ 144.72373200200002, -37.75075699599995 ], [ 144.75720104200002, -37.76345443699995 ], [ 144.750969722000036, -37.81046295699997 ], [ 144.588762882000083, -37.793130155999961 ], [ 144.575224013000025, -37.748218996999981 ], [ 144.612259022000103, -37.75167999699994 ] ] ] } },
{ "type": "Feature", "properties": { "objectid": 1068, "sa2_code_2021": "213041360", "sa2_name_2021": "Taylors Hill", "change_flag_2021": "0", "change_label_2021": "No change", "sa3_code_2021": "21304", "sa3_name_2021": "Melton - Bacchus Marsh", "sa4_code_2021": "213", "sa4_name_2021": "Melbourne - West", "gccsa_code_2021": "2GMEL", "gccsa_name_2021": "Greater Melbourne", "state_code_2021": "2", "state_name_2021": "Victoria", "aus_code_2021": "AUS", "aus_name_2021": "Australia", "area_albers_sqkm": 5.9679, "asgs_loci_uri_2021": "http://linked.data.gov.au/dataset/asgsed3/SA2/213041360", "shape_Length": 0.10609322237230255, "shape_Area": 0.00060977665959550292 }, "geometry": { "type": "Polygon", "coordinates": [ [ [ 144.76404431200001, -37.725557906999938 ], [ 144.732601972000111, -37.703304256999957 ], [ 144.768151112000055, -37.709731096999974 ], [ 144.76404431200001, -37.725557906999938 ] ] ] } },
{ "type": "Feature", "properties": { "objectid": 1069, "sa2_code_2021": "213041461", "sa2_name_2021": "Burnside", "change_flag_2021": "0", "change_label_2021": "No change", "sa3_code_2021": "21304", "sa3_name_2021": "Melton - Bacchus Marsh", "sa4_code_2021": "213", "sa4_name_2021": "Melbourne - West", "gccsa_code_2021": "2GMEL", "gccsa_name_2021": "Greater Melbourne", "state_code_2021": "2", "state_name_2021": "Victoria", "aus_code_2021": "AUS", "aus_name_2021": "Australia", "area_albers_sqkm": 2.552, "asgs_loci_uri_2021": "http://linked.data.gov.au/dataset/asgsed3/SA2/213041461", "shape_Length": 0.087116374512309303, "shape_Area": 0.00026090333954642677 }, "geometry": { "type": "Polygon", "coordinates": [ [ [ 144.75720104200002, -37.76345443699995 ], [ 144.74715401200001, -37.741605986999957 ], [ 144.762834482000017, -37.738551936999954 ], [ 144.75720104200002, -37.76345443699995 ] ] ] } },
{ "type": "Feature", "properties": { "objectid": 1070, "sa2_code_2021": "213041462", "sa2_name_2021": "Burnside Heights", "change_flag_2021": "0", "change_label_2021": "No change", "sa3_code_2021": "21304", "sa3_name_2021": "Melton - Bacchus Marsh", "sa4_code_2021": "213", "sa4_name_2021": "Melbourne - West", "gccsa_code_2021": "2GMEL", "gccsa_name_2021": "Greater Melbourne", "state_code_2021": "2", "state_name_2021": "Victoria", "aus_code_2021": "AUS", "aus_name_2021": "Australia", "area_albers_sqkm": 1.9954, "asgs_loci_uri_2021": "http://linked.data.gov.au/dataset/asgsed3/SA2/213041462", "shape_Length": 0.062130199552673369, "shape_Area": 0.00020391503092624517 }, "geometry": { "type": "Polygon", "coordinates": [ [ [ 144.747748012000102, -37.741704006999953 ], [ 144.76404431200001, -37.725557906999938 ], [ 144.762397472000089, -37.738112926999975 ], [ 144.747748012000102, -37.741704006999953 ] ] ] } },
{ "type": "Feature", "properties": { "objectid": 1071, "sa2_code_2021": "213041463", "sa2_name_2021": "Caroline Springs", "change_flag_2021": "0", "change_label_2021": "No change", "sa3_code_2021": "21304", "sa3_name_2021": "Melton - Bacchus Marsh", "sa4_code_2021": "213", "sa4_name_2021": "Melbourne - West", "gccsa_code_2021": "2GMEL", "gccsa_name_2021": "Greater Melbourne", "state_code_2021": "2", "state_name_2021": "Victoria", "aus_code_2021": "AUS", "aus_name_2021": "Australia", "area_albers_sqkm": 6.9526, "asgs_loci_uri_2021": "http://linked.data.gov.au/dataset/asgsed3/SA2/213041463", "shape_Length": 0.12533967002161925, "shape_Area": 0.0007106166628331798 }, "geometry": { "type": "Polygon", "coordinates": [ [ [ 144.72373200200002, -37.75075699599995 ], [ 144.729121002000056, -37.721199986999977 ], [ 144.750605012000051, -37.724000006999972 ], [ 144.748378003000084, -37.759444006999956 ], [ 144.72373200200002, -37.75075699599995 ] ] ] } },
{ "type": "Feature", "properties": { "objectid": 1072, "sa2_code_2021": "213041571", "sa2_name_2021": "Brookfield", "change_flag_2021": "1", "change_label_2021": "New", "sa3_code_2021": "21304", "sa3_name_2021": "Melton - Bacchus Marsh", "sa4_code_2021": "213", "sa4_name_2021": "Melbourne - West", "gccsa_code_2021": "2GMEL", "gccsa_name_2021": "Greater Melbourne", "state_code_2021": "2", "state_name_2021": "Victoria", "aus_code_2021": "AUS", "aus_name_2021": "Australia", "area_albers_sqkm": 10.6929, "asgs_loci_uri_2021": "http://linked.data.gov.au/dataset/asgsed3/SA2/213041571", "shape_Length": 0.16124264850199885, "shape_Area": 0.0010924342642237058 }, "geometry": { "type": "Polygon", "coordinates": [ [ [ 144.514663212000073, -37.685788826999953 ], [ 144.5670480120001, -37.690212986999938 ], [ 144.564742013000114, -37.702969996999968 ], [ 144.539787982000121, -37.716910026999983 ], [ 144.515140922000114, -37.707877626999959 ], [ 144.514663212000073, -37.685788826999953 ] ] ] } },
{ "type": "Feature", "properties": { "objectid": 1073, "sa2_code_2021": "213041572", "sa2_name_2021": "Cobblebank - Strathtulloh", "change_flag_2021": "1", "change_label_2021": "New", "sa3_code_2021": "21304", "sa3_name_2021": "Melton - Bacchus Marsh", "sa4_code_2021": "213", "sa4_name_2021": "Melbourne - West", "gccsa_code_2021": "2GMEL", "gccsa_name_2021": "Greater Melbourne", "state_code_2021": "2", "state_name_2021": "Victoria", "aus_code_2021": "AUS", "aus_name_2021": "Australia", "area_albers_sqkm": 19.7593, "asgs_loci_uri_2021": "http://linked.data.gov.au/dataset/asgsed3/SA2/213041572", "shape_Length": 0.22575421960264891, "shape_Area": 0.0020192672736193294 }, "geometry": { "type": "Polygon", "coordinates": [ [ [ 144.57544899200002, -37.748087006999981 ], [ 144.582466742000065, -37.693288946999985 ], [ 144.621000993000052, -37.702408006999974 ], [ 144.612259022000103, -37.75167999699994 ], [ 144.57544899200002, -37.748087006999981 ] ] ] } },
{ "type": "Feature", "properties": { "objectid": 1074, "sa2_code_2021": "213041573", "sa2_name_2021": "Eynesbury - Exford", "change_flag_2021": "1", "change_label_2021": "New", "sa3_code_2021": "21304", "sa3_name_2021": "Melton - Bacchus Marsh", "sa4_code_2021": "213", "sa4_name_2021": "Melbourne - West", "gccsa_code_2021": "2GMEL", "gccsa_name_2021": "Greater Melbourne", "state_code_2021": "2", "state_name_2021": "Victoria", "aus_code_2021": "AUS", "aus_name_2021": "Australia", "area_albers_sqkm": 69.4885, "asgs_loci_uri_2021": "http://linked.data.gov.au/dataset/asgsed3/SA2/213041573", "shape_Length": 0.40744615433438935, "shape_Area": 0.0071044676643547073 }, "geometry": { "type": "Polygon", "coordinates": [ [ [ 144.577412552000055, -37.806910266999978 ], [ 144.477677902000096, -37.781012696999937 ], [ 144.494222042000047, -37.704283106999981 ], [ 144.559352172000104, -37.724544996999953 ], [ 144.59085802200002, -37.789200996999966 ], [ 144.577412552000055, -37.806910266999978 ] ] ] } },
{ "type": "Feature", "properties": { "objectid": 1075, "sa2_code_2021": "213041574", "sa2_name_2021": "Fraser Rise - Plumpton", "change_flag_2021": "1", "change_label_2021": "New", "sa3_code_2021": "21304", "sa3_name_2021": "Melton - Bacchus Marsh", "sa4_code_2021": "213", "sa4_name_2021": "Melbourne - West", "gccsa_code_2021": "2GMEL", "gccsa_name_2021": "Greater Melbourne", "state_code_2021": "2", "state_name_2021": "Victoria", "aus_code_2021": "AUS", "aus_name_2021": "Australia", "area_albers_sqkm": 58.7312, "asgs_loci_uri_2021": "http://linked.data.gov.au/dataset/asgsed3/SA2/213041574", "shape_Length": 0.4582684250752595, "shape_Area": 0.0059992449166037633 }, "geometry": { "type": "Polygon", "coordinates": [ [ [ 144.670567012000106, -37.707854586999929 ], [ 144.636372572000028, -37.696498276999932 ], [ 144.655328152000038, -37.638879116999931 ], [ 144.754854162000015, -37.676490206999972 ], [ 144.727687032000063, -37.675480995999976 ], [ 144.727452372000016, -37.734789606999982 ], [ 144.684492012000078, -37.729629996999961 ], [ 144.670567012000106, -37.707854586999929 ] ] ] } },
{ "type": "Feature", "properties": { "objectid": 1076, "sa2_code_2021": "213041575", "sa2_name_2021": "Hillside", "change_flag_2021": "1", "change_label_2021": "New", "sa3_code_2021": "21304", "sa3_name_2021": "Melton - Bacchus Marsh", "sa4_code_2021": "213", "sa4_name_2021": "Melbourne - West", "gccsa_code_2021": "2GMEL", "gccsa_name_2021": "Greater Melbourne", "state_code_2021": "2", "state_name_2021": "Victoria", "aus_code_2021": "AUS", "aus_name_2021": "Australia", "area_albers_sqkm": 7.8166, "asgs_loci_uri_2021": "http://linked.data.gov.au/dataset/asgsed3/SA2/213041575", "shape_Length": 0.12027445836518681, "shape_Area": 0.00079847300659499285 }, "geometry": { "type": "Polygon", "coordinates": [ [ [ 144.727079992000085, -37.678472756999952 ], [ 144.754854162000015, -37.676490206999972 ], [ 144.751984382000046, -37.705648986999961 ], [ 144.729717162000043, -37.706568096999945 ], [ 144.727079992000085, -37.678472756999952 ] ] ] } },
{ "type": "Feature", "properties": { "objectid": 1077, "sa2_code_2021": "213041576", "sa2_name_2021": "Kurunjang - Toolern Vale", "change_flag_2021": "1", "change_label_2021": "New", "sa3_code_2021": "21304", "sa3_name_2021": "Melton - Bacchus Marsh", "sa4_code_2021": "213", "sa4_name_2021": "Melbourne - West", "gccsa_code_2021": "2GMEL", "gccsa_name_2021": "Greater Melbourne", "state_code_2021": "2", "state_name_2021": "Victoria", "aus_code_2021": "AUS", "aus_name_2021": "Australia", "area_albers_sqkm": 120.8438, "asgs_loci_uri_2021": "http://linked.data.gov.au/dataset/asgsed3/SA2/213041576", "shape_Length": 0.56470476534641778, "shape_Area": 0.012332224121894856 }, "geometry": { "type": "Polygon", "coordinates": [ [ [ 144.570384002000083, -37.672922006999954 ], [ 144.574534632000109, -37.651643116999935 ], [ 144.519452262000073, -37.635262145999945 ], [ 144.523289542000043, -37.603215256999931 ], [ 144.561100732000114, -37.552429296999946 ], [ 144.626752082000053, -37.560014426999942 ], [ 144.632788012000105, -37.590110986999946 ], [ 144.656935542000042, -37.593911206999962 ], [ 144.643733232000045, -37.677393306999932 ], [ 144.570384002000083, -37.672922006999954 ] ] ] } },
{ "type": "Feature", "properties": { "objectid": 1078, "sa2_code_2021": "213041577", "sa2_name_2021": "Melton", "change_flag_2021": "1", "change_label_2021": "New", "sa3_code_2021": "21304", "sa3_name_2021": "Melton - Bacchus Marsh", "sa4_code_2021": "213", "sa4_name_2021": "Melbourne - West", "gccsa_code_2021": "2GMEL", "gccsa_name_2021": "Greater Melbourne", "state_code_2021": "2", "state_name_2021": "Victoria", "aus_code_2021": "AUS", "aus_name_2021": "Australia", "area_albers_sqkm": 9.8614, "asgs_loci_uri_2021": "http://linked.data.gov.au/dataset/asgsed3/SA2/213041577", "shape_Length": 0.15427722668545502, "shape_Area": 0.0010072967006702249 }, "geometry": { "type": "Polygon", "coordinates": [ [ [ 144.571138562000101, -37.67301387699996 ], [ 144.624479012000052, -37.68227199699993 ], [ 144.621000993000052, -37.702408006999974 ], [ 144.5670480120001, -37.690212986999938 ], [ 144.571138562000101, -37.67301387699996 ] ] ] } },
{ "type": "Feature", "properties": { "objectid": 1079, "sa2_code_2021": "213041578", "sa2_name_2021": "Melton South - Weir Views", "change_flag_2021": "1", "change_label_2021": "New", "sa3_code_2021": "21304", "sa3_name_2021": "Melton - Bacchus Marsh", "sa4_code_2021": "213", "sa4_name_2021": "Melbourne - West", "gccsa_code_2021": "2GMEL", "gccsa_name_2021": "Greater Melbourne", "state_code_2021": "2", "state_name_2021": "Victoria", "aus_code_2021": "AUS", "aus_name_2021": "Australia", "area_albers_sqkm": 11.0206, "asgs_loci_uri_2021": "http://linked.data.gov.au/dataset/asgsed3/SA2/213041578", "shape_Length": 0.23400829364248038, "shape_Area": 0.0011261981566346546 }, "geometry": { "type": "Polygon", "coordinates": [ [ [ 144.535966912000049, -37.720745996999938 ], [ 144.582466742000065, -37.693288946999985 ], [ 144.575224013000025, -37.748218996999981 ], [ 144.559158862000118, -37.724397026999952 ], [ 144.535966912000049, -37.720745996999938 ] ] ] } },
{ "type": "Feature", "properties": { "objectid": 1080, "sa2_code_2021": "213051361", "sa2_name_2021": "Hoppers Crossing - North", "change_flag_2021": "0", "change_label_2021": "No change", "sa3_code_2021": "21305", "sa3_name_2021": "Wyndham", "sa4_code_2021": "213", "sa4_name_2021": "Melbourne - West", "gccsa_code_2021": "2GMEL", "gccsa_name_2021": "Greater Melbourne", "state_code_2021": "2", "state_name_2021": "Victoria", "aus_code_2021": "AUS", "aus_name_2021": "Australia", "area_albers_sqkm": 10.9136, "asgs_loci_uri_2021": "http://linked.data.gov.au/dataset/asgsed3/SA2/213051361", "shape_Length": 0.20782640702825358, "shape_Area": 0.0011173517721545796 }, "geometry": { "type": "Polygon", "coordinates": [ [ [ 144.667360372000076, -37.858909695999955 ], [ 144.669466092000107, -37.846376006999947 ], [ 144.713305003000073, -37.851261005999959 ], [ 144.736910282000053, -37.873461866999946 ], [ 144.700922852000076, -37.884413665999944 ], [ 144.703809382000031, -37.864868126999966 ], [ 144.667360372000076, -37.858909695999955 ] ] ] } },
{ "type": "Feature", "properties": { "objectid": 1081, "sa2_code_2021": "213051362", "sa2_name_2021": "Hoppers Crossing - South", "change_flag_2021": "0", "change_label_2021": "No change", "sa3_code_2021": "21305", "sa3_name_2021": "Wyndham", "sa4_code_2021": "213", "sa4_name_2021": "Melbourne - West", "gccsa_code_2021": "2GMEL", "gccsa_name_2021": "Greater Melbourne", "state_code_2021": "2", "state_name_2021": "Victoria", "aus_code_2021": "AUS", "aus_name_2021": "Australia", "area_albers_sqkm": 7.0114, "asgs_loci_uri_2021": "http://linked.data.gov.au/dataset/asgsed3/SA2/213051362", "shape_Length": 0.12529557783722065, "shape_Area": 0.00071791117997811347 }, "geometry": { "type": "Polygon", "coordinates": [ [ [ 144.68052749200001, -37.891559925999957 ], [ 144.667021982000051, -37.860875195999938 ], [ 144.703809382000031, -37.864868126999966 ], [ 144.68052749200001, -37.891559925999957 ] ] ] } },
{ "type": "Feature", "properties": { "objectid": 1082, "sa2_code_2021": "213051363", "sa2_name_2021": "Laverton", "change_flag_2021": "0", "change_label_2021": "No change", "sa3_code_2021": "21305", "sa3_name_2021": "Wyndham", "sa4_code_2021": "213", "sa4_name_2021": "Melbourne - West", "gccsa_code_2021": "2GMEL", "gccsa_name_2021": "Greater Melbourne", "state_code_2021": "2", "state_name_2021": "Victoria", "aus_code_2021": "AUS", "aus_name_2021": "Australia", "area_albers_sqkm": 22.2451, "asgs_loci_uri_2021": "http://linked.data.gov.au/dataset/asgsed3/SA2/213051363", "shape_Length": 0.26113390855552032, "shape_Area": 0.0022768316331303242 }, "geometry": { "type": "Polygon", "coordinates": [ [ [ 144.765640022000071, -37.838706995999985 ], [ 144.769137522000051, -37.812016746999973 ], [ 144.826760142000012, -37.816900005999969 ], [ 144.78191391200005, -37.84417157699994 ], [ 144.774597012000072, -37.866304996999929 ], [ 144.736850683000057, -37.873417656999948 ], [ 144.731345823000083, -37.863285006999945 ], [ 144.765640022000071, -37.838706995999985 ] ] ] } },
{ "type": "Feature", "properties": { "objectid": 1083, "sa2_code_2021": "213051368", "sa2_name_2021": "Werribee - South", "change_flag_2021": "0", "change_label_2021": "No change", "sa3_code_2021": "21305", "sa3_name_2021": "Wyndham", "sa4_code_2021": "213", "sa4_name_2021": "Melbourne - West", "gccsa_code_2021": "2GMEL", "gccsa_name_2021": "Greater Melbourne", "state_code_2021": "2", "state_name_2021": "Victoria", "aus_code_2021": "AUS", "aus_name_2021": "Australia", "area_albers_sqkm": 114.0332, "asgs_loci_uri_2021": "http://linked.data.gov.au/dataset/asgsed3/SA2/213051368", "shape_Length": 0.55197947913839007, "shape_Area": 0.0116892432662709 }, "geometry": { "type": "Polygon", "coordinates": [ [ [ 144.654374843000028, -37.90335474699998 ], [ 144.718952033000051, -37.878041786999972 ], [ 144.71353802200008, -37.914867996999931 ], [ 144.742764992000048, -37.928814996999961 ], [ 144.740490062000049, -37.941278986999976 ], [ 144.650995342000101, -38.001851206999959 ], [ 144.580211993000034, -38.002477136999971 ], [ 144.552201122000042, -37.982352246999938 ], [ 144.657505192000031, -37.919950655999969 ], [ 144.654374843000028, -37.90335474699998 ] ] ] } },
{ "type": "Feature", "properties": { "objectid": 1084, "sa2_code_2021": "213051464", "sa2_name_2021": "Point Cook - East", "change_flag_2021": "0", "change_label_2021": "No change", "sa3_code_2021": "21305", "sa3_name_2021": "Wyndham", "sa4_code_2021": "213", "sa4_name_2021": "Melbourne - West", "gccsa_code_2021": "2GMEL", "gccsa_name_2021": "Greater Melbourne", "state_code_2021": "2", "state_name_2021": "Victoria", "aus_code_2021": "AUS", "aus_name_2021": "Australia", "area_albers_sqkm": 19.0354, "asgs_loci_uri_2021": "http://linked.data.gov.au/dataset/asgsed3/SA2/213051464", "shape_Length": 0.22861534274792358, "shape_Area": 0.0019503319798126041 }, "geometry": { "type": "Polygon", "coordinates": [ [ [ 144.740490062000049, -37.941278986999976 ], [ 144.763324792000049, -37.883588066999948 ], [ 144.782657522000022, -37.899863316999983 ], [ 144.804502662000118, -37.894350255999939 ], [ 144.799169502000041, -37.923170486999936 ], [ 144.740490062000049, -37.941278986999976 ] ] ] } },
{ "type": "Feature", "properties": { "objectid": 1085, "sa2_code_2021": "213051466", "sa2_name_2021": "Point Cook - South", "change_flag_2021": "0", "change_label_2021": "No change", "sa3_code_2021": "21305", "sa3_name_2021": "Wyndham", "sa4_code_2021": "213", "sa4_name_2021": "Melbourne - West", "gccsa_code_2021": "2GMEL", "gccsa_name_2021": "Greater Melbourne", "state_code_2021": "2", "state_name_2021": "Victoria", "aus_code_2021": "AUS", "aus_name_2021": "Australia", "area_albers_sqkm": 9.4219, "asgs_loci_uri_2021": "http://linked.data.gov.au/dataset/asgsed3/SA2/213051466", "shape_Length": 0.1250817968909681, "shape_Area": 0.00096531024358922088 }, "geometry": { "type": "Polygon", "coordinates": [ [ [ 144.716028012000038, -37.900803006999979 ], [ 144.753560642000025, -37.900233386999957 ], [ 144.749482492000084, -37.923179286999982 ], [ 144.728301762000115, -37.92708360599994 ], [ 144.716028012000038, -37.900803006999979 ] ] ] } },
{ "type": "Feature", "properties": { "objectid": 1086, "sa2_code_2021": "213051467", "sa2_name_2021": "Werribee - East", "change_flag_2021": "0", "change_label_2021": "No change", "sa3_code_2021": "21305", "sa3_name_2021": "Wyndham", "sa4_code_2021": "213", "sa4_name_2021": "Melbourne - West", "gccsa_code_2021": "2GMEL", "gccsa_name_2021": "Greater Melbourne", "state_code_2021": "2", "state_name_2021": "Victoria", "aus_code_2021": "AUS", "aus_name_2021": "Australia", "area_albers_sqkm": 7.7569, "asgs_loci_uri_2021": "http://linked.data.gov.au/dataset/asgsed3/SA2/213051467", "shape_Length": 0.1315123746765198, "shape_Area": 0.00079440919090160609 }, "geometry": { "type": "Polygon", "coordinates": [ [ [ 144.641158672000074, -37.881940035999946 ], [ 144.650858582000069, -37.870355706999931 ], [ 144.682890802000088, -37.877593435999984 ], [ 144.65899446200001, -37.900540176999982 ], [ 144.641158672000074, -37.881940035999946 ] ] ] } },
{ "type": "Feature", "properties": { "objectid": 1087, "sa2_code_2021": "213051468", "sa2_name_2021": "Werribee - West", "change_flag_2021": "0", "change_label_2021": "No change", "sa3_code_2021": "21305", "sa3_name_2021": "Wyndham", "sa4_code_2021": "213", "sa4_name_2021": "Melbourne - West", "gccsa_code_2021": "2GMEL", "gccsa_name_2021": "Greater Melbourne", "state_code_2021": "2", "state_name_2021": "Victoria", "aus_code_2021": "AUS", "aus_name_2021": "Australia", "area_albers_sqkm": 127.6631, "asgs_loci_uri_2021": "http://linked.data.gov.au/dataset/asgsed3/SA2/213051468", "shape_Length": 0.65123554834149189, "shape_Area": 0.01308093406610528 }, "geometry": { "type": "Polygon", "coordinates": [ [ [ 144.590943872000025, -37.881881576999945 ], [ 144.605044983000084, -37.898964476999936 ], [ 144.650718672000039, -37.892182876999982 ], [ 144.657505192000031, -37.919950655999969 ], [ 144.517519083000025, -37.981034286999943 ], [ 144.477324733000046, -37.94635997599994 ], [ 144.480796942000097, -37.890329116999965 ], [ 144.45374292200006, -37.867202005999957 ], [ 144.590943872000025, -37.881881576999945 ] ] ] } },
{ "type": "Feature", "properties": { "objectid": 1088, "sa2_code_2021": "213051579", "sa2_name_2021": "Manor Lakes - Quandong", "change_flag_2021": "1", "change_label_2021": "New", "sa3_code_2021": "21305", "sa3_name_2021": "Wyndham", "sa4_code_2021": "213", "sa4_name_2021": "Melbourne - West", "gccsa_code_2021": "2GMEL", "gccsa_name_2021": "Greater Melbourne", "state_code_2021": "2", "state_name_2021": "Victoria", "aus_code_2021": "AUS", "aus_name_2021": "Australia", "area_albers_sqkm": 72.0339, "asgs_loci_uri_2021": "http://linked.data.gov.au/dataset/asgsed3/SA2/213051579", "shape_Length": 0.43610902946906627, "shape_Area": 0.0073737691492299908 }, "geometry": { "type": "Polygon", "coordinates": [ [ [ 144.606662992000111, -37.886628985999948 ], [ 144.447337103000109, -37.867680365999945 ], [ 144.475493122000103, -37.79282745699993 ], [ 144.609648982000067, -37.869187005999947 ], [ 144.606662992000111, -37.886628985999948 ] ] ] } },
{ "type": "Feature", "properties": { "objectid": 1089, "sa2_code_2021": "213051580", "sa2_name_2021": "Point Cook - North East", "change_flag_2021": "1", "change_label_2021": "New", "sa3_code_2021": "21305", "sa3_name_2021": "Wyndham", "sa4_code_2021": "213", "sa4_name_2021": "Melbourne - West", "gccsa_code_2021": "2GMEL", "gccsa_name_2021": "Greater Melbourne", "state_code_2021": "2", "state_name_2021": "Victoria", "aus_code_2021": "AUS", "aus_name_2021": "Australia", "area_albers_sqkm": 5.5527, "asgs_loci_uri_2021": "http://linked.data.gov.au/dataset/asgsed3/SA2/213051580", "shape_Length": 0.10855696166373537, "shape_Area": 0.00056870797515952724 }, "geometry": { "type": "Polygon", "coordinates": [ [ [ 144.72806425300007, -37.897345116999929 ], [ 144.754799043000048, -37.86956702699996 ], [ 144.753560642000025, -37.900233386999957 ], [ 144.72806425300007, -37.897345116999929 ] ] ] } },
{ "type": "Feature", "properties": { "objectid": 1090, "sa2_code_2021": "213051581", "sa2_name_2021": "Point Cook - North West", "change_flag_2021": "1", "change_label_2021": "New", "sa3_code_2021": "21305", "sa3_name_2021": "Wyndham", "sa4_code_2021": "213", "sa4_name_2021": "Melbourne - West", "gccsa_code_2021": "2GMEL", "gccsa_name_2021": "Greater Melbourne", "state_code_2021": "2", "state_name_2021": "Victoria", "aus_code_2021": "AUS", "aus_name_2021": "Australia", "area_albers_sqkm": 2.938, "asgs_loci_uri_2021": "http://linked.data.gov.au/dataset/asgsed3/SA2/213051581", "shape_Length": 0.075540578049827542, "shape_Area": 0.00030087663023385246 }, "geometry": { "type": "Polygon", "coordinates": [ [ [ 144.716863022000098, -37.896115995999935 ], [ 144.736910282000053, -37.873461866999946 ], [ 144.72806425300007, -37.897345116999929 ], [ 144.716863022000098, -37.896115995999935 ] ] ] } },
{ "type": "Feature", "properties": { "objectid": 1091, "sa2_code_2021": "213051582", "sa2_name_2021": "Tarneit (West) - Mount Cottrell", "change_flag_2021": "1", "change_label_2021": "New", "sa3_code_2021": "21305", "sa3_name_2021": "Wyndham", "sa4_code_2021": "213", "sa4_name_2021": "Melbourne - West", "gccsa_code_2021": "2GMEL", "gccsa_name_2021": "Greater Melbourne", "state_code_2021": "2", "state_name_2021": "Victoria", "aus_code_2021": "AUS", "aus_name_2021": "Australia", "area_albers_sqkm": 36.7062, "asgs_loci_uri_2021": "http://linked.data.gov.au/dataset/asgsed3/SA2/213051582", "shape_Length": 0.33516936721739532, "shape_Area": 0.0037562256751623832 }, "geometry": { "type": "Polygon", "coordinates": [ [ [ 144.623971472000107, -37.86032311699995 ], [ 144.572681672000044, -37.818532396999956 ], [ 144.578186172000073, -37.799399286999972 ], [ 144.659454882000091, -37.800945705999936 ], [ 144.65308928200011, -37.867581316999974 ], [ 144.623971472000107, -37.86032311699995 ] ] ] } },
{ "type": "Feature", "properties": { "objectid": 1092, "sa2_code_2021": "213051583", "sa2_name_2021": "Tarneit - Central", "change_flag_2021": "1", "change_label_2021": "New", "sa3_code_2021": "21305", "sa3_name_2021": "Wyndham", "sa4_code_2021": "213", "sa4_name_2021": "Melbourne - West", "gccsa_code_2021": "2GMEL", "gccsa_name_2021": "Greater Melbourne", "state_code_2021": "2", "state_name_2021": "Victoria", "aus_code_2021": "AUS", "aus_name_2021": "Australia", "area_albers_sqkm": 7.9607, "asgs_loci_uri_2021": "http://linked.data.gov.au/dataset/asgsed3/SA2/213051583", "shape_Length": 0.15215354152303767, "shape_Area": 0.00081479625604478835 }, "geometry": { "type": "Polygon", "coordinates": [ [ [ 144.651360532000012, -37.844771056999946 ], [ 144.702999012000078, -37.835714985999971 ], [ 144.713965002, -37.84760599699996 ], [ 144.651360532000012, -37.844771056999946 ] ] ] } },
{ "type": "Feature", "properties": { "objectid": 1093, "sa2_code_2021": "213051584", "sa2_name_2021": "Tarneit - North", "change_flag_2021": "1", "change_label_2021": "New", "sa3_code_2021": "21305", "sa3_name_2021": "Wyndham", "sa4_code_2021": "213", "sa4_name_2021": "Melbourne - West", "gccsa_code_2021": "2GMEL", "gccsa_name_2021": "Greater Melbourne", "state_code_2021": "2", "state_name_2021": "Victoria", "aus_code_2021": "AUS", "aus_name_2021": "Australia", "area_albers_sqkm": 14.3452, "asgs_loci_uri_2021": "http://linked.data.gov.au/dataset/asgsed3/SA2/213051584", "shape_Length": 0.16722748495228901, "shape_Area": 0.0014679118345780372 }, "geometry": { "type": "Polygon", "coordinates": [ [ [ 144.654732622000097, -37.826178975999937 ], [ 144.659454882000091, -37.800945705999936 ], [ 144.712207012000022, -37.81125299699994 ], [ 144.702999012000078, -37.835714985999971 ], [ 144.654732622000097, -37.826178975999937 ] ] ] } },
{ "type": "Feature", "properties": { "objectid": 1094, "sa2_code_2021": "213051585", "sa2_name_2021": "Tarneit - South", "change_flag_2021": "1", "change_label_2021": "New", "sa3_code_2021": "21305", "sa3_name_2021": "Wyndham", "sa4_code_2021": "213", "sa4_name_2021": "Melbourne - West", "gccsa_code_2021": "2GMEL", "gccsa_name_2021": "Greater Melbourne", "state_code_2021": "2", "state_name_2021": "Victoria", "aus_code_2021": "AUS", "aus_name_2021": "Australia", "area_albers_sqkm": 3.1301, "asgs_loci_uri_2021": "http://linked.data.gov.au/dataset/asgsed3/SA2/213051585", "shape_Length": 0.095132866672325608, "shape_Area": 0.00032047818353514858 }, "geometry": { "type": "Polygon", "coordinates": [ [ [ 144.653795192000075, -37.848704486999964 ], [ 144.669466092000107, -37.846376006999947 ], [ 144.665101023000034, -37.871819315999971 ], [ 144.650858582000069, -37.870355706999931 ], [ 144.653795192000075, -37.848704486999964 ] ] ] } },
{ "type": "Feature", "properties": { "objectid": 1095, "sa2_code_2021": "213051586", "sa2_name_2021": "Truganina - North", "change_flag_2021": "1", "change_label_2021": "New", "sa3_code_2021": "21305", "sa3_name_2021": "Wyndham", "sa4_code_2021": "213", "sa4_name_2021": "Melbourne - West", "gccsa_code_2021": "2GMEL", "gccsa_name_2021": "Greater Melbourne", "state_code_2021": "2", "state_name_2021": "Victoria", "aus_code_2021": "AUS", "aus_name_2021": "Australia", "area_albers_sqkm": 17.5191, "asgs_loci_uri_2021": "http://linked.data.gov.au/dataset/asgsed3/SA2/213051586", "shape_Length": 0.19068593113875823, "shape_Area": 0.0017928219845514434 }, "geometry": { "type": "Polygon", "coordinates": [ [ [ 144.702999012000078, -37.835714985999971 ], [ 144.708522672000072, -37.806787816999929 ], [ 144.769137522000051, -37.812016746999973 ], [ 144.765640022000071, -37.838706995999985 ], [ 144.702999012000078, -37.835714985999971 ] ] ] } },
{ "type": "Feature", "properties": { "objectid": 1096, "sa2_code_2021": "213051587", "sa2_name_2021": "Truganina - South East", "change_flag_2021": "1", "change_label_2021": "New", "sa3_code_2021": "21305", "sa3_name_2021": "Wyndham", "sa4_code_2021": "213", "sa4_name_2021": "Melbourne - West", "gccsa_code_2021": "2GMEL", "gccsa_name_2021": "Greater Melbourne", "state_code_2021": "2", "state_name_2021": "Victoria", "aus_code_2021": "AUS", "aus_name_2021": "Australia", "area_albers_sqkm": 4.2675, "asgs_loci_uri_2021": "http://linked.data.gov.au/dataset/asgsed3/SA2/213051587", "shape_Length": 0.096970512504428466, "shape_Area": 0.00043687794450068395 }, "geometry": { "type": "Polygon", "coordinates": [ [ [ 144.731792663000078, -37.863036896999972 ], [ 144.731471492000082, -37.838133606999975 ], [ 144.763786002000074, -37.840851996999959 ], [ 144.731792663000078, -37.863036896999972 ] ] ] } },
{ "type": "Feature", "properties": { "objectid": 1097, "sa2_code_2021": "213051588", "sa2_name_2021": "Truganina - South West", "change_flag_2021": "1", "change_label_2021": "New", "sa3_code_2021": "21305", "sa3_name_2021": "Wyndham", "sa4_code_2021": "213", "sa4_name_2021": "Melbourne - West", "gccsa_code_2021": "2GMEL", "gccsa_name_2021": "Greater Melbourne", "state_code_2021": "2", "state_name_2021": "Victoria", "aus_code_2021": "AUS", "aus_name_2021": "Australia", "area_albers_sqkm": 5.3778, "asgs_loci_uri_2021": "http://linked.data.gov.au/dataset/asgsed3/SA2/213051588", "shape_Length": 0.12071097496339693, "shape_Area": 0.00055045626647776146 }, "geometry": { "type": "Polygon", "coordinates": [ [ [ 144.704359002000047, -37.839120505999972 ], [ 144.731471492000082, -37.838133606999975 ], [ 144.731792663000078, -37.863036896999972 ], [ 144.717000012000085, -37.868213996999941 ], [ 144.704359002000047, -37.839120505999972 ] ] ] } },
{ "type": "Feature", "properties": { "objectid": 1098, "sa2_code_2021": "213051589", "sa2_name_2021": "Wyndham Vale - North", "change_flag_2021": "1", "change_label_2021": "New", "sa3_code_2021": "21305", "sa3_name_2021": "Wyndham", "sa4_code_2021": "213", "sa4_name_2021": "Melbourne - West", "gccsa_code_2021": "2GMEL", "gccsa_name_2021": "Greater Melbourne", "state_code_2021": "2", "state_name_2021": "Victoria", "aus_code_2021": "AUS", "aus_name_2021": "Australia", "area_albers_sqkm": 51.2497, "asgs_loci_uri_2021": "http://linked.data.gov.au/dataset/asgsed3/SA2/213051589", "shape_Length": 0.51907456324018508, "shape_Area": 0.0052446583417250676 }, "geometry": { "type": "Polygon", "coordinates": [ [ [ 144.631312752000099, -37.892952345999959 ], [ 144.475493122000103, -37.79282745699993 ], [ 144.477677902000096, -37.781012696999937 ], [ 144.57756026200002, -37.804136676999974 ], [ 144.572681672000044, -37.818532396999956 ], [ 144.588288272000113, -37.816090286999952 ], [ 144.652476222000018, -37.87635090699996 ], [ 144.631312752000099, -37.892952345999959 ] ] ] } },
{ "type": "Feature", "properties": { "objectid": 1099, "sa2_code_2021": "213051590", "sa2_name_2021": "Wyndham Vale - South", "change_flag_2021": "1", "change_label_2021": "New", "sa3_code_2021": "21305", "sa3_name_2021": "Wyndham", "sa4_code_2021": "213", "sa4_name_2021": "Melbourne - West", "gccsa_code_2021": "2GMEL", "gccsa_name_2021": "Greater Melbourne", "state_code_2021": "2", "state_name_2021": "Victoria", "aus_code_2021": "AUS", "aus_name_2021": "Australia", "area_albers_sqkm": 4.9575, "asgs_loci_uri_2021": "http://linked.data.gov.au/dataset/asgsed3/SA2/213051590", "shape_Length": 0.098797042331234097, "shape_Area": 0.00050772388210304227 }, "geometry": { "type": "Polygon", "coordinates": [ [ [ 144.605044983000084, -37.898964476999936 ], [ 144.609648982000067, -37.869187005999947 ], [ 144.63111657200011, -37.90006522699997 ], [ 144.605044983000084, -37.898964476999936 ] ] ] } },
{ "type": "Feature", "properties": { "objectid": 1100, "sa2_code_2021": "214011370", "sa2_name_2021": "Carrum Downs", "change_flag_2021": "0", "change_label_2021": "No change", "sa3_code_2021": "21401", "sa3_name_2021": "Frankston", "sa4_code_2021": "214", "sa4_name_2021": "Mornington Peninsula", "gccsa_code_2021": "2GMEL", "gccsa_name_2021": "Greater Melbourne", "state_code_2021": "2", "state_name_2021": "Victoria", "aus_code_2021": "AUS", "aus_name_2021": "Australia", "area_albers_sqkm": 20.308, "asgs_loci_uri_2021": "http://linked.data.gov.au/dataset/asgsed3/SA2/214011370", "shape_Length": 0.23342199291404611, "shape_Area": 0.0020856489585964711 }, "geometry": { "type": "Polygon", "coordinates": [ [ [ 145.157428322000101, -38.112735786999963 ], [ 145.156253672000048, -38.067395416999943 ], [ 145.203087852000067, -38.073188905999984 ], [ 145.181952482000042, -38.126764856999955 ], [ 145.157428322000101, -38.112735786999963 ] ] ] } },
{ "type": "Feature", "properties": { "objectid": 1101, "sa2_code_2021": "214011371", "sa2_name_2021": "Frankston", "change_flag_2021": "0", "change_label_2021": "No change", "sa3_code_2021": "21401", "sa3_name_2021": "Frankston", "sa4_code_2021": "214", "sa4_name_2021": "Mornington Peninsula", "gccsa_code_2021": "2GMEL", "gccsa_name_2021": "Greater Melbourne", "state_code_2021": "2", "state_name_2021": "Victoria", "aus_code_2021": "AUS", "aus_name_2021": "Australia", "area_albers_sqkm": 11.6244, "asgs_loci_uri_2021": "http://linked.data.gov.au/dataset/asgsed3/SA2/214011371", "shape_Length": 0.17715361865805448, "shape_Area": 0.0011948933305189907 }, "geometry": { "type": "Polygon", "coordinates": [ [ [ 145.114762412000118, -38.148231015999954 ], [ 145.134611582000048, -38.130925776999959 ], [ 145.135729802000014, -38.146676036999963 ], [ 145.168328132000056, -38.155796165999959 ], [ 145.16126801200005, -38.176899005999985 ], [ 145.114762412000118, -38.148231015999954 ] ] ] } },
{ "type": "Feature", "properties": { "objectid": 1102, "sa2_code_2021": "214011372", "sa2_name_2021": "Frankston North", "change_flag_2021": "0", "change_label_2021": "No change", "sa3_code_2021": "21401", "sa3_name_2021": "Frankston", "sa4_code_2021": "214", "sa4_name_2021": "Mornington Peninsula", "gccsa_code_2021": "2GMEL", "gccsa_name_2021": "Greater Melbourne", "state_code_2021": "2", "state_name_2021": "Victoria", "aus_code_2021": "AUS", "aus_name_2021": "Australia", "area_albers_sqkm": 13.2382, "asgs_loci_uri_2021": "http://linked.data.gov.au/dataset/asgsed3/SA2/214011372", "shape_Length": 0.15329044221809981, "shape_Area": 0.0013603636790220294 }, "geometry": { "type": "Polygon", "coordinates": [ [ [ 145.154589492000014, -38.11464759699993 ], [ 145.181952482000042, -38.126764856999955 ], [ 145.168328132000056, -38.155796165999959 ], [ 145.135729802000014, -38.146676036999963 ], [ 145.133378102000052, -38.128564086999972 ], [ 145.154589492000014, -38.11464759699993 ] ] ] } },
{ "type": "Feature", "properties": { "objectid": 1103, "sa2_code_2021": "214011373", "sa2_name_2021": "Frankston South", "change_flag_2021": "0", "change_label_2021": "No change", "sa3_code_2021": "21401", "sa3_name_2021": "Frankston", "sa4_code_2021": "214", "sa4_name_2021": "Mornington Peninsula", "gccsa_code_2021": "2GMEL", "gccsa_name_2021": "Greater Melbourne", "state_code_2021": "2", "state_name_2021": "Victoria", "aus_code_2021": "AUS", "aus_name_2021": "Australia", "area_albers_sqkm": 14.5603, "asgs_loci_uri_2021": "http://linked.data.gov.au/dataset/asgsed3/SA2/214011373", "shape_Length": 0.17370280843357752, "shape_Area": 0.0014970745348096858 }, "geometry": { "type": "Polygon", "coordinates": [ [ [ 145.104197962000057, -38.168653406999965 ], [ 145.109504583000103, -38.153427126999929 ], [ 145.16126801200005, -38.176899005999985 ], [ 145.12875198200004, -38.200087175999954 ], [ 145.104197962000057, -38.168653406999965 ] ] ] } },
{ "type": "Feature", "properties": { "objectid": 1104, "sa2_code_2021": "214011374", "sa2_name_2021": "Langwarrin", "change_flag_2021": "0", "change_label_2021": "No change", "sa3_code_2021": "21401", "sa3_name_2021": "Frankston", "sa4_code_2021": "214", "sa4_name_2021": "Mornington Peninsula", "gccsa_code_2021": "2GMEL", "gccsa_name_2021": "Greater Melbourne", "state_code_2021": "2", "state_name_2021": "Victoria", "aus_code_2021": "AUS", "aus_name_2021": "Australia", "area_albers_sqkm": 37.6199, "asgs_loci_uri_2021": "http://linked.data.gov.au/dataset/asgsed3/SA2/214011374", "shape_Length": 0.26417778056940133, "shape_Area": 0.0038672342919127607 }, "geometry": { "type": "Polygon", "coordinates": [ [ [ 145.159285442000055, -38.181740826999942 ], [ 145.187197942000012, -38.123558916999968 ], [ 145.229703352000115, -38.126959736999936 ], [ 145.215766822000091, -38.200652186999946 ], [ 145.159285442000055, -38.181740826999942 ] ] ] } },
{ "type": "Feature", "properties": { "objectid": 1105, "sa2_code_2021": "214011375", "sa2_name_2021": "Seaford (Vic.)", "change_flag_2021": "0", "change_label_2021": "No change", "sa3_code_2021": "21401", "sa3_name_2021": "Frankston", "sa4_code_2021": "214", "sa4_name_2021": "Mornington Peninsula", "gccsa_code_2021": "2GMEL", "gccsa_name_2021": "Greater Melbourne", "state_code_2021": "2", "state_name_2021": "Victoria", "aus_code_2021": "AUS", "aus_name_2021": "Australia", "area_albers_sqkm": 12.4321, "asgs_loci_uri_2021": "http://linked.data.gov.au/dataset/asgsed3/SA2/214011375", "shape_Length": 0.17156160580697871, "shape_Area": 0.0012769625630866905 }, "geometry": { "type": "Polygon", "coordinates": [ [ [ 145.125104142000055, -38.130777636999937 ], [ 145.123836352000012, -38.082164056999943 ], [ 145.148664852000024, -38.083410365999953 ], [ 145.16208761200005, -38.108922955999958 ], [ 145.125104142000055, -38.130777636999937 ] ] ] } },
{ "type": "Feature", "properties": { "objectid": 1106, "sa2_code_2021": "214011376", "sa2_name_2021": "Skye - Sandhurst", "change_flag_2021": "0", "change_label_2021": "No change", "sa3_code_2021": "21401", "sa3_name_2021": "Frankston", "sa4_code_2021": "214", "sa4_name_2021": "Mornington Peninsula", "gccsa_code_2021": "2GMEL", "gccsa_name_2021": "Greater Melbourne", "state_code_2021": "2", "state_name_2021": "Victoria", "aus_code_2021": "AUS", "aus_name_2021": "Australia", "area_albers_sqkm": 19.8152, "asgs_loci_uri_2021": "http://linked.data.gov.au/dataset/asgsed3/SA2/214011376", "shape_Length": 0.21630449909209892, "shape_Area": 0.0020353003327433505 }, "geometry": { "type": "Polygon", "coordinates": [ [ [ 145.201546202000031, -38.080453966999983 ], [ 145.239583323000033, -38.077676986999961 ], [ 145.219776012000011, -38.133455986999934 ], [ 145.187519032000068, -38.123609786999964 ], [ 145.201546202000031, -38.080453966999983 ] ] ] } },
{ "type": "Feature", "properties": { "objectid": 1107, "sa2_code_2021": "214021377", "sa2_name_2021": "Dromana", "change_flag_2021": "0", "change_label_2021": "No change", "sa3_code_2021": "21402", "sa3_name_2021": "Mornington Peninsula", "sa4_code_2021": "214", "sa4_name_2021": "Mornington Peninsula", "gccsa_code_2021": "2GMEL", "gccsa_name_2021": "Greater Melbourne", "state_code_2021": "2", "state_name_2021": "Victoria", "aus_code_2021": "AUS", "aus_name_2021": "Australia", "area_albers_sqkm": 45.0575, "asgs_loci_uri_2021": "http://linked.data.gov.au/dataset/asgsed3/SA2/214021377", "shape_Length": 0.3888411606699807, "shape_Area": 0.0046427420992747239 }, "geometry": { "type": "Polygon", "coordinates": [ [ [ 144.991454062000116, -38.312972016999936 ], [ 145.064665102000049, -38.308719955999948 ], [ 145.059209632000034, -38.337848096999949 ], [ 145.027919023000095, -38.334304995999958 ], [ 144.975582032000034, -38.358354995999946 ], [ 144.975975943000094, -38.379764006999949 ], [ 144.942480003000014, -38.373169995999945 ], [ 144.948851262000062, -38.34526522699997 ], [ 144.937993023000104, -38.343514996999943 ], [ 144.991454062000116, -38.312972016999936 ] ] ] } },
{ "type": "Feature", "properties": { "objectid": 1108, "sa2_code_2021": "214021378", "sa2_name_2021": "Flinders", "change_flag_2021": "0", "change_label_2021": "No change", "sa3_code_2021": "21402", "sa3_name_2021": "Mornington Peninsula", "sa4_code_2021": "214", "sa4_name_2021": "Mornington Peninsula", "gccsa_code_2021": "2GMEL", "gccsa_name_2021": "Greater Melbourne", "state_code_2021": "2", "state_name_2021": "Victoria", "aus_code_2021": "AUS", "aus_name_2021": "Australia", "area_albers_sqkm": 287.3793, "asgs_loci_uri_2021": "http://linked.data.gov.au/dataset/asgsed3/SA2/214021378", "shape_Length": 1.2393635694232512, "shape_Area": 0.029636443973928762 }, "geometry": { "type": "MultiPolygon", "coordinates": [ [ [ [ 144.880697003000023, -38.412449996999953 ], [ 144.857867782000085, -38.380563535999954 ], [ 144.931502113000079, -38.391559775999951 ], [ 144.942480003000014, -38.373169995999945 ], [ 144.975975943000094, -38.379764006999949 ], [ 144.975582032000034, -38.358354995999946 ], [ 145.027919023000095, -38.334304995999958 ], [ 145.059209632000034, -38.337848096999949 ], [ 145.064665102000049, -38.308719955999948 ], [ 145.026138992000028, -38.304123005999941 ], [ 145.069966293000107, -38.269886625999959 ], [ 145.145570013000111, -38.284693986999969 ], [ 145.14559801200005, -38.324085996999941 ], [ 145.091949002000092, -38.324085005999962 ], [ 145.107465472000058, -38.353627795999955 ], [ 145.09999907200006, -38.401887955999939 ], [ 145.05018515200004, -38.430021956999951 ], [ 145.031265013000052, -38.487080975999959 ], [ 145.010999153000057, -38.479661995999948 ], [ 144.8946579630001, -38.491455965999933 ], [ 144.888050873000111, -38.499297025999965 ], [ 144.886671033000084, -38.477248015999976 ], [ 144.863148713000101, -38.452071666999984 ], [ 144.880697003000023, -38.412449996999953 ] ] ], [ [ [ 144.887999043000036, -38.502685975999952 ], [ 144.888596982000081, -38.502761035999981 ], [ 144.88804587300001, -38.502965955999969 ], [ 144.887999043000036, -38.502685975999952 ] ] ], [ [ [ 144.889538063000032, -38.500815965999948 ], [ 144.889032982000117, -38.499764035999931 ], [ 144.889714072000061, -38.500088045999973 ], [ 144.889538063000032, -38.500815965999948 ] ] ], [ [ [ 144.88589916300009, -38.495176995999941 ], [ 144.885678853000059, -38.495099966999931 ], [ 144.885936973000071, -38.495079005999969 ], [ 144.88589916300009, -38.495176995999941 ] ] ], [ [ [ 144.885971872000027, -38.494724046999977 ], [ 144.885764913000116, -38.494573005999939 ], [ 144.886034873000085, -38.494549975999973 ], [ 144.885971872000027, -38.494724046999977 ] ] ], [ [ [ 144.886197952000089, -38.497303975999955 ], [ 144.885832913000058, -38.497349966999934 ], [ 144.886142183000061, -38.49722494699995 ], [ 144.886197952000089, -38.497303975999955 ] ] ], [ [ [ 144.885764153000082, -38.496967016999974 ], [ 144.88556617200004, -38.496914996999976 ], [ 144.885751922000054, -38.496868005999943 ], [ 144.885764153000082, -38.496967016999974 ] ] ], [ [ [ 144.885602162000055, -38.495583975999978 ], [ 144.885386192000055, -38.495683975999953 ], [ 144.885394072000054, -38.495604956999955 ], [ 144.885602162000055, -38.495583975999978 ] ] ], [ [ [ 144.885296912000058, -38.496005005999962 ], [ 144.884788943000103, -38.496278966999967 ], [ 144.884742842000037, -38.495948036999948 ], [ 144.885296912000058, -38.496005005999962 ] ] ], [ [ [ 144.884780983000041, -38.495811955999955 ], [ 144.884504172000106, -38.495673005999947 ], [ 144.88479106300008, -38.495644015999972 ], [ 144.884780983000041, -38.495811955999955 ] ] ], [ [ [ 144.907326012000112, -38.493735035999975 ], [ 144.906816942000091, -38.493287995999935 ], [ 144.90743004300009, -38.493372956999963 ], [ 144.907326012000112, -38.493735035999975 ] ] ], [ [ [ 144.90638208200005, -38.493447025999956 ], [ 144.906239193000033, -38.493127976999972 ], [ 144.906899032000069, -38.492966965999983 ], [ 144.90638208200005, -38.493447025999956 ] ] ], [ [ [ 144.907027952000021, -38.492793995999932 ], [ 144.907412042000033, -38.493155965999961 ], [ 144.906962033000013, -38.492811995999944 ], [ 144.907027952000021, -38.492793995999932 ] ] ], [ [ [ 144.894483012000023, -38.493304015999968 ], [ 144.8941910530001, -38.493419035999977 ], [ 144.894305152000015, -38.493262965999975 ], [ 144.894483012000023, -38.493304015999968 ] ] ] ] } },
{ "type": "Feature", "properties": { "objectid": 1109, "sa2_code_2021": "214021379", "sa2_name_2021": "Hastings - Somers", "change_flag_2021": "0", "change_label_2021": "No change", "sa3_code_2021": "21402", "sa3_name_2021": "Mornington Peninsula", "sa4_code_2021": "214", "sa4_name_2021": "Mornington Peninsula", "gccsa_code_2021": "2GMEL", "gccsa_name_2021": "Greater Melbourne", "state_code_2021": "2", "state_name_2021": "Victoria", "aus_code_2021": "AUS", "aus_name_2021": "Australia", "area_albers_sqkm": 108.8841, "asgs_loci_uri_2021": "http://linked.data.gov.au/dataset/asgsed3/SA2/214021379", "shape_Length": 0.81701088380626796, "shape_Area": 0.011220990627532559 }, "geometry": { "type": "MultiPolygon", "coordinates": [ [ [ [ 145.145591993000039, -38.320015005999949 ], [ 145.145570013000111, -38.284693986999969 ], [ 145.225937903000045, -38.272627975999967 ], [ 145.223020102000078, -38.306461915999932 ], [ 145.19998622300011, -38.293077925999967 ], [ 145.191616922000094, -38.320615975999942 ], [ 145.218780622000054, -38.347604056999955 ], [ 145.221951813000032, -38.37779730699998 ], [ 145.183986232000052, -38.374586636999936 ], [ 145.215198913000108, -38.383113416999947 ], [ 145.234572022000066, -38.409612605999939 ], [ 145.134105152000075, -38.390213345999939 ], [ 145.09999907200006, -38.401887955999939 ], [ 145.107465472000058, -38.353627795999955 ], [ 145.091949002000092, -38.324085005999962 ], [ 145.145591993000039, -38.320015005999949 ] ] ], [ [ [ 145.209364932000085, -38.326808956999969 ], [ 145.209696832000077, -38.332466996999983 ], [ 145.208503062000091, -38.332942025999955 ], [ 145.209364932000085, -38.326808956999969 ] ] ] ] } },
{ "type": "Feature", "properties": { "objectid": 1110, "sa2_code_2021": "214021381", "sa2_name_2021": "Mount Eliza", "change_flag_2021": "0", "change_label_2021": "No change", "sa3_code_2021": "21402", "sa3_name_2021": "Mornington Peninsula", "sa4_code_2021": "214", "sa4_name_2021": "Mornington Peninsula", "gccsa_code_2021": "2GMEL", "gccsa_name_2021": "Greater Melbourne", "state_code_2021": "2", "state_name_2021": "Victoria", "aus_code_2021": "AUS", "aus_name_2021": "Australia", "area_albers_sqkm": 23.2077, "asgs_loci_uri_2021": "http://linked.data.gov.au/dataset/asgsed3/SA2/214021381", "shape_Length": 0.21158979717186679, "shape_Area": 0.0023868246292399432 }, "geometry": { "type": "Polygon", "coordinates": [ [ [ 145.063324022000074, -38.215132985999958 ], [ 145.097904963000019, -38.162404415999958 ], [ 145.12875198200004, -38.200087175999954 ], [ 145.099340472000108, -38.224893736999945 ], [ 145.063324022000074, -38.215132985999958 ] ] ] } },
{ "type": "Feature", "properties": { "objectid": 1111, "sa2_code_2021": "214021382", "sa2_name_2021": "Mount Martha", "change_flag_2021": "0", "change_label_2021": "No change", "sa3_code_2021": "21402", "sa3_name_2021": "Mornington Peninsula", "sa4_code_2021": "214", "sa4_name_2021": "Mornington Peninsula", "gccsa_code_2021": "2GMEL", "gccsa_name_2021": "Greater Melbourne", "state_code_2021": "2", "state_name_2021": "Victoria", "aus_code_2021": "AUS", "aus_name_2021": "Australia", "area_albers_sqkm": 30.2094, "asgs_loci_uri_2021": "http://linked.data.gov.au/dataset/asgsed3/SA2/214021382", "shape_Length": 0.25774361426281339, "shape_Area": 0.0031102587428690552 }, "geometry": { "type": "Polygon", "coordinates": [ [ [ 145.025843663000046, -38.252424216999941 ], [ 145.078918022000039, -38.254657996999981 ], [ 145.030082012000094, -38.30285099699995 ], [ 144.983625132000043, -38.298356995999939 ], [ 145.025843663000046, -38.252424216999941 ] ] ] } },
{ "type": "Feature", "properties": { "objectid": 1112, "sa2_code_2021": "214021383", "sa2_name_2021": "Point Nepean", "change_flag_2021": "0", "change_label_2021": "No change", "sa3_code_2021": "21402", "sa3_name_2021": "Mornington Peninsula", "sa4_code_2021": "214", "sa4_name_2021": "Mornington Peninsula", "gccsa_code_2021": "2GMEL", "gccsa_name_2021": "Greater Melbourne", "state_code_2021": "2", "state_name_2021": "Victoria", "aus_code_2021": "AUS", "aus_name_2021": "Australia", "area_albers_sqkm": 67.1876, "asgs_loci_uri_2021": "http://linked.data.gov.au/dataset/asgsed3/SA2/214021383", "shape_Length": 0.6870544160462041, "shape_Area": 0.0069268703223652611 }, "geometry": { "type": "MultiPolygon", "coordinates": [ [ [ [ 144.862193142000024, -38.451679015999957 ], [ 144.741661933000046, -38.353888986999948 ], [ 144.674758743000098, -38.319896805999974 ], [ 144.651907813000093, -38.30407665599995 ], [ 144.651536783000097, -38.301778645999946 ], [ 144.739005133000092, -38.324609996999982 ], [ 144.774546863000069, -38.359469966999939 ], [ 144.86322313300002, -38.366031955999972 ], [ 144.856128012000113, -38.393948995999949 ], [ 144.883943533000092, -38.429057476999958 ], [ 144.862193142000024, -38.451679015999957 ] ] ], [ [ [ 144.787821872000109, -38.39362198699996 ], [ 144.78754287300012, -38.393395016999932 ], [ 144.787812823000081, -38.393386996999936 ], [ 144.787821872000109, -38.39362198699996 ] ] ], [ [ [ 144.740370963000032, -38.358460976999936 ], [ 144.740183062000028, -38.35845702599994 ], [ 144.740298983000116, -38.358357025999965 ], [ 144.740370963000032, -38.358460976999936 ] ] ], [ [ [ 144.74031982300005, -38.357287025999938 ], [ 144.740072903000055, -38.357035015999941 ], [ 144.740384973000118, -38.35715696699998 ], [ 144.74031982300005, -38.357287025999938 ] ] ], [ [ [ 144.734217862000037, -38.352464005999934 ], [ 144.734123183000065, -38.352302995999935 ], [ 144.734356092000098, -38.35225197699998 ], [ 144.734217862000037, -38.352464005999934 ] ] ], [ [ [ 144.74093185300012, -38.355975005999937 ], [ 144.740693143000044, -38.355785995999952 ], [ 144.74108483200007, -38.355872036999983 ], [ 144.74093185300012, -38.355975005999937 ] ] ], [ [ [ 144.740045892000012, -38.355985975999943 ], [ 144.739872002000084, -38.355866006999975 ], [ 144.740116083000089, -38.35574702599996 ], [ 144.740045892000012, -38.355985975999943 ] ] ], [ [ [ 144.731315863000077, -38.350271975999931 ], [ 144.731454123000049, -38.350375995999968 ], [ 144.731359073000021, -38.350398956999982 ], [ 144.731315863000077, -38.350271975999931 ] ] ], [ [ [ 144.740688842000054, -38.358156955999959 ], [ 144.74046312300004, -38.358284025999978 ], [ 144.740492983000081, -38.358209976999945 ], [ 144.740688842000054, -38.358156955999959 ] ] ], [ [ [ 144.736262992000093, -38.354373976999966 ], [ 144.736008843000036, -38.354418986999974 ], [ 144.736103162000063, -38.354286955999953 ], [ 144.736262992000093, -38.354373976999966 ] ] ] ] } },
{ "type": "Feature", "properties": { "objectid": 1113, "sa2_code_2021": "214021384", "sa2_name_2021": "Rosebud - McCrae", "change_flag_2021": "0", "change_label_2021": "No change", "sa3_code_2021": "21402", "sa3_name_2021": "Mornington Peninsula", "sa4_code_2021": "214", "sa4_name_2021": "Mornington Peninsula", "gccsa_code_2021": "2GMEL", "gccsa_name_2021": "Greater Melbourne", "state_code_2021": "2", "state_name_2021": "Victoria", "aus_code_2021": "AUS", "aus_name_2021": "Australia", "area_albers_sqkm": 23.7957, "asgs_loci_uri_2021": "http://linked.data.gov.au/dataset/asgsed3/SA2/214021384", "shape_Length": 0.26263736123975212, "shape_Area": 0.0024529406573665798 }, "geometry": { "type": "Polygon", "coordinates": [ [ [ 144.857867782000085, -38.380563535999954 ], [ 144.937151002000064, -38.342974996999942 ], [ 144.948851262000062, -38.34526522699997 ], [ 144.931502113000079, -38.391559775999951 ], [ 144.857867782000085, -38.380563535999954 ] ] ] } },
{ "type": "Feature", "properties": { "objectid": 1114, "sa2_code_2021": "214021385", "sa2_name_2021": "Somerville", "change_flag_2021": "0", "change_label_2021": "No change", "sa3_code_2021": "21402", "sa3_name_2021": "Mornington Peninsula", "sa4_code_2021": "214", "sa4_name_2021": "Mornington Peninsula", "gccsa_code_2021": "2GMEL", "gccsa_name_2021": "Greater Melbourne", "state_code_2021": "2", "state_name_2021": "Victoria", "aus_code_2021": "AUS", "aus_name_2021": "Australia", "area_albers_sqkm": 117.354, "asgs_loci_uri_2021": "http://linked.data.gov.au/dataset/asgsed3/SA2/214021385", "shape_Length": 0.51295405433220376, "shape_Area": 0.012076636496200848 }, "geometry": { "type": "Polygon", "coordinates": [ [ [ 145.092849962000059, -38.230927455999961 ], [ 145.159062022000057, -38.181570715999953 ], [ 145.215766822000091, -38.200652186999946 ], [ 145.261730862000036, -38.242425966999974 ], [ 145.226292832000013, -38.272295975999953 ], [ 145.189436262000072, -38.272172226999942 ], [ 145.188143183000079, -38.285378355999967 ], [ 145.127168982000057, -38.284701995999967 ], [ 145.071149762000118, -38.271844445999932 ], [ 145.092849962000059, -38.230927455999961 ] ] ] } },
{ "type": "Feature", "properties": { "objectid": 1115, "sa2_code_2021": "214021591", "sa2_name_2021": "Mornington - East", "change_flag_2021": "1", "change_label_2021": "New", "sa3_code_2021": "21402", "sa3_name_2021": "Mornington Peninsula", "sa4_code_2021": "214", "sa4_name_2021": "Mornington Peninsula", "gccsa_code_2021": "2GMEL", "gccsa_name_2021": "Greater Melbourne", "state_code_2021": "2", "state_name_2021": "Victoria", "aus_code_2021": "AUS", "aus_name_2021": "Australia", "area_albers_sqkm": 14.6884, "asgs_loci_uri_2021": "http://linked.data.gov.au/dataset/asgsed3/SA2/214021591", "shape_Length": 0.16392812014212166, "shape_Area": 0.0015114563143587831 }, "geometry": { "type": "Polygon", "coordinates": [ [ [ 145.037365732000012, -38.244638366999936 ], [ 145.063324022000074, -38.215132985999958 ], [ 145.099340472000108, -38.224893736999945 ], [ 145.078918022000039, -38.254657996999981 ], [ 145.037365732000012, -38.244638366999936 ] ] ] } },
{ "type": "Feature", "properties": { "objectid": 1116, "sa2_code_2021": "214021592", "sa2_name_2021": "Mornington - West", "change_flag_2021": "1", "change_label_2021": "New", "sa3_code_2021": "21402", "sa3_name_2021": "Mornington Peninsula", "sa4_code_2021": "214", "sa4_name_2021": "Mornington Peninsula", "gccsa_code_2021": "2GMEL", "gccsa_name_2021": "Greater Melbourne", "state_code_2021": "2", "state_name_2021": "Victoria", "aus_code_2021": "AUS", "aus_name_2021": "Australia", "area_albers_sqkm": 6.4044, "asgs_loci_uri_2021": "http://linked.data.gov.au/dataset/asgsed3/SA2/214021592", "shape_Length": 0.14765402628015084, "shape_Area": 0.0006588893169374978 }, "geometry": { "type": "Polygon", "coordinates": [ [ [ 145.037365732000012, -38.244638366999936 ], [ 145.032419872000105, -38.212673046999953 ], [ 145.06160899300005, -38.20160399699995 ], [ 145.037365732000012, -38.244638366999936 ] ] ] } },
{ "type": "Feature", "properties": { "objectid": 1117, "sa2_code_2021": "215011386", "sa2_name_2021": "Ararat", "change_flag_2021": "0", "change_label_2021": "No change", "sa3_code_2021": "21501", "sa3_name_2021": "Grampians", "sa4_code_2021": "215", "sa4_name_2021": "North West", "gccsa_code_2021": "2RVIC", "gccsa_name_2021": "Rest of Vic.", "state_code_2021": "2", "state_name_2021": "Victoria", "aus_code_2021": "AUS", "aus_name_2021": "Australia", "area_albers_sqkm": 161.179, "asgs_loci_uri_2021": "http://linked.data.gov.au/dataset/asgsed3/SA2/215011386", "shape_Length": 0.70539742473071465, "shape_Area": 0.016372135405384049 }, "geometry": { "type": "Polygon", "coordinates": [ [ [ 142.910574023000095, -37.295752996999965 ], [ 142.878422993000072, -37.255270996999968 ], [ 142.885111982000012, -37.232082006999974 ], [ 142.918923032000066, -37.223604875999968 ], [ 142.919351322000011, -37.202830456999948 ], [ 143.081040962000088, -37.237413966999952 ], [ 143.069227992000037, -37.303696005999939 ], [ 142.993110012000102, -37.290683995999984 ], [ 142.987647972000104, -37.320275075999973 ], [ 142.912992292000013, -37.325654526999983 ], [ 142.922650012000076, -37.310002986999962 ], [ 142.897649002000094, -37.30926098599997 ], [ 142.910574023000095, -37.295752996999965 ] ] ] } },
{ "type": "Feature", "properties": { "objectid": 1118, "sa2_code_2021": "215011387", "sa2_name_2021": "Ararat Surrounds", "change_flag_2021": "3", "change_label_2021": "Name change", "sa3_code_2021": "21501", "sa3_name_2021": "Grampians", "sa4_code_2021": "215", "sa4_name_2021": "North West", "gccsa_code_2021": "2RVIC", "gccsa_name_2021": "Rest of Vic.", "state_code_2021": "2", "state_name_2021": "Victoria", "aus_code_2021": "AUS", "aus_name_2021": "Australia", "area_albers_sqkm": 4023.1983, "asgs_loci_uri_2021": "http://linked.data.gov.au/dataset/asgsed3/SA2/215011387", "shape_Length": 4.5342915547793785, "shape_Area": 0.40989071850339137 }, "geometry": { "type": "Polygon", "coordinates": [ [ [ 142.379098873000089, -37.510602615999971 ], [ 142.478004563000013, -37.400937145999933 ], [ 142.516351462000102, -37.293226815999958 ], [ 142.598932022000099, -37.292906855999945 ], [ 142.580796043000078, -37.27266797599998 ], [ 142.597034533000055, -37.262199705999933 ], [ 142.598219063000101, -37.22441142699995 ], [ 142.542773412000088, -37.157417985999984 ], [ 142.717082483000013, -37.157299656999953 ], [ 142.717046172000096, -37.142891505999955 ], [ 142.766538342000104, -37.142103385999974 ], [ 142.783655453000051, -37.16888711699994 ], [ 142.82390108200002, -37.171672976999957 ], [ 142.837884563000102, -37.191640766999967 ], [ 142.919163343000037, -37.203620455999953 ], [ 142.918923032000066, -37.223604875999968 ], [ 142.889122022000038, -37.22707100599996 ], [ 142.878422993000072, -37.255270996999968 ], [ 142.90927995200002, -37.289681995999956 ], [ 142.897649002000094, -37.30926098599997 ], [ 142.922650012000076, -37.310002986999962 ], [ 142.912992292000013, -37.325654526999983 ], [ 142.987647972000104, -37.320275075999973 ], [ 142.993110012000102, -37.290683995999984 ], [ 143.069227992000037, -37.303696005999939 ], [ 143.081040962000088, -37.237413966999952 ], [ 142.953973982000093, -37.207778366999946 ], [ 142.961282052000115, -37.167038185999957 ], [ 143.048910002000071, -37.189749985999981 ], [ 143.073299712000107, -37.168441726999959 ], [ 143.089823183000021, -37.17753795699997 ], [ 143.088113162000013, -37.197566995999978 ], [ 143.145384722000017, -37.185307786999942 ], [ 143.161917073000041, -37.228698506999933 ], [ 143.201234033000105, -37.232234006999931 ], [ 143.231804792000048, -37.207700536999937 ], [ 143.273584112000094, -37.283976005999932 ], [ 143.226625513000045, -37.291063446999942 ], [ 143.225588992000098, -37.314382495999951 ], [ 143.241138973000034, -37.314283996999961 ], [ 143.255597242000022, -37.35755220599998 ], [ 143.208978132000084, -37.376437045999978 ], [ 143.221961832000034, -37.414390236999964 ], [ 143.197293893000051, -37.426319845999956 ], [ 143.179330022000045, -37.524551426999949 ], [ 143.193007443000056, -37.526453396999955 ], [ 143.153202003000047, -37.573355886999934 ], [ 143.18314500300005, -37.594023995999976 ], [ 143.174455993000038, -37.635108005999939 ], [ 143.156121313000085, -37.63262074599993 ], [ 143.121318123000037, -37.707477025999935 ], [ 143.085423983000055, -37.702574005999963 ], [ 143.072115022000048, -37.719458135999957 ], [ 143.180702672000052, -37.731517455999949 ], [ 143.16552940300005, -37.765265845999977 ], [ 143.108305403000031, -37.778520515999958 ], [ 143.095203322000089, -37.818550895999977 ], [ 143.105820372000039, -37.833547865999947 ], [ 143.076225002000115, -37.81565799599997 ], [ 143.031377123000084, -37.814525575999937 ], [ 143.035258023000097, -37.792774995999935 ], [ 143.013064013000076, -37.786908995999966 ], [ 143.007239012000014, -37.765551005999953 ], [ 142.879400463000025, -37.836583305999966 ], [ 142.879466493000109, -37.808444865999945 ], [ 142.861405233000028, -37.806452155999978 ], [ 142.842223173000093, -37.807864625999969 ], [ 142.839685802000076, -37.82213887599994 ], [ 142.757734583000115, -37.812741435999953 ], [ 142.701735913000107, -37.83470925599994 ], [ 142.614713853000012, -37.810317675999954 ], [ 142.590161003000048, -37.76511798599995 ], [ 142.618769993000114, -37.646847986999944 ], [ 142.587114013000019, -37.626972995999949 ], [ 142.353480212000022, -37.597984105999956 ], [ 142.379098873000089, -37.510602615999971 ] ] ] } },
{ "type": "Feature", "properties": { "objectid": 1119, "sa2_code_2021": "215011388", "sa2_name_2021": "Horsham", "change_flag_2021": "0", "change_label_2021": "No change", "sa3_code_2021": "21501", "sa3_name_2021": "Grampians", "sa4_code_2021": "215", "sa4_name_2021": "North West", "gccsa_code_2021": "2RVIC", "gccsa_name_2021": "Rest of Vic.", "state_code_2021": "2", "state_name_2021": "Victoria", "aus_code_2021": "AUS", "aus_name_2021": "Australia", "area_albers_sqkm": 83.0691, "asgs_loci_uri_2021": "http://linked.data.gov.au/dataset/asgsed3/SA2/215011388", "shape_Length": 0.44438002329503057, "shape_Area": 0.008380305777948403 }, "geometry": { "type": "Polygon", "coordinates": [ [ [ 142.168986583000105, -36.741725426999949 ], [ 142.168729303000077, -36.697063856999932 ], [ 142.22343162300001, -36.696985135999967 ], [ 142.240471942000113, -36.674469805999934 ], [ 142.263969332000102, -36.674316345999955 ], [ 142.267106033000118, -36.753199996999967 ], [ 142.230676662000064, -36.753087236999932 ], [ 142.230598003000068, -36.78232199699994 ], [ 142.177660013000036, -36.782358995999971 ], [ 142.14697500300008, -36.746822986999973 ], [ 142.168986583000105, -36.741725426999949 ] ] ] } },
{ "type": "Feature", "properties": { "objectid": 1120, "sa2_code_2021": "215011389", "sa2_name_2021": "Horsham Surrounds", "change_flag_2021": "3", "change_label_2021": "Name change", "sa3_code_2021": "21501", "sa3_name_2021": "Grampians", "sa4_code_2021": "215", "sa4_name_2021": "North West", "gccsa_code_2021": "2RVIC", "gccsa_name_2021": "Rest of Vic.", "state_code_2021": "2", "state_name_2021": "Victoria", "aus_code_2021": "AUS", "aus_name_2021": "Australia", "area_albers_sqkm": 4251.4674, "asgs_loci_uri_2021": "http://linked.data.gov.au/dataset/asgsed3/SA2/215011389", "shape_Length": 5.2185713862297067, "shape_Area": 0.42940081242496059 }, "geometry": { "type": "Polygon", "coordinates": [ [ [ 141.725501002000101, -36.750436005999973 ], [ 141.697532913000032, -36.750274996999963 ], [ 141.698024642000064, -36.716633355999932 ], [ 141.730752582000036, -36.717778476999968 ], [ 141.74083264300009, -36.652170315999967 ], [ 141.816123752000067, -36.659802425999942 ], [ 141.837674843000059, -36.554294696999932 ], [ 142.003942742000049, -36.567451706999975 ], [ 142.030510373000084, -36.517400935999945 ], [ 142.017840742000089, -36.494577985999967 ], [ 142.168119492000073, -36.492492246999973 ], [ 142.165411122000023, -36.385111135999978 ], [ 142.225458112000069, -36.396208976999958 ], [ 142.225580892000039, -36.411174995999943 ], [ 142.327460172000087, -36.40496193599995 ], [ 142.327443012000117, -36.440287995999938 ], [ 142.4048060020001, -36.449484995999967 ], [ 142.369937812000103, -36.646301756999947 ], [ 142.400130102000048, -36.699368765999964 ], [ 142.462625873000093, -36.734856355999966 ], [ 142.482817092000118, -36.792219676999935 ], [ 142.520361132000062, -36.838115995999942 ], [ 142.56748260300003, -36.872641876999978 ], [ 142.559398832000056, -36.942735605999928 ], [ 142.497797422000076, -36.942022615999974 ], [ 142.498110993000068, -36.916648915999929 ], [ 142.511295233000055, -36.915478926999981 ], [ 142.493344562000061, -36.897675206999963 ], [ 142.480191242000046, -36.897675655999933 ], [ 142.480369802000041, -36.916782306999949 ], [ 142.455816723000112, -36.916713075999951 ], [ 142.441672323000034, -36.868826695999985 ], [ 142.431508093000048, -36.888929185999984 ], [ 142.377304313000081, -36.868980066999939 ], [ 142.382342882000103, -36.881066146999956 ], [ 142.352750872000115, -36.885009965999984 ], [ 142.352678533000017, -36.896761885999979 ], [ 142.374097093000046, -36.890270176999934 ], [ 142.358075453000083, -36.926563645999977 ], [ 142.375107962000016, -36.927064435999966 ], [ 142.37871624200011, -36.947723666999934 ], [ 142.35824952300004, -36.973136966999959 ], [ 142.394658452000044, -36.978373615999942 ], [ 142.351508852000052, -36.98031472699995 ], [ 142.335035302000051, -37.019052085999931 ], [ 142.404951243000028, -37.01630950599997 ], [ 142.410934793000024, -37.034586436999973 ], [ 142.395917783000073, -37.028522435999946 ], [ 142.391037953000023, -37.046270686999947 ], [ 142.406918663000056, -37.058336186999952 ], [ 142.374564373000112, -37.058575125999937 ], [ 142.344701273000055, -37.081617745999949 ], [ 142.333046672000023, -37.072000895999963 ], [ 142.30819043300005, -37.098471695999933 ], [ 142.288421773000096, -37.088745486999983 ], [ 142.271164462000115, -37.107396885999947 ], [ 142.235124143000121, -37.107169916999965 ], [ 142.235045013000104, -37.128182986999946 ], [ 142.20625502200005, -37.087295995999966 ], [ 142.1875380030001, -37.112788995999949 ], [ 142.114487703, -37.112054045999969 ], [ 142.079678023000042, -37.223596995999969 ], [ 141.999764553000091, -37.224329695999984 ], [ 141.912771993000092, -37.202360996999971 ], [ 141.935587003000023, -37.170801996999955 ], [ 141.911051013000019, -37.113464995999948 ], [ 141.908874992000051, -37.13484800599997 ], [ 141.840538013000014, -37.152510985999982 ], [ 141.836154003000047, -37.170845985999961 ], [ 141.776389993000066, -37.177084005999973 ], [ 141.765209753000022, -37.148778595999943 ], [ 141.780825843000116, -37.028033015999938 ], [ 141.77061474300001, -37.027004065999961 ], [ 141.792308413000114, -36.980229755999972 ], [ 141.779319663000024, -36.967174976999956 ], [ 141.657662723000044, -36.95565404599995 ], [ 141.668788983000013, -36.883701995999957 ], [ 141.706580203000044, -36.883845796999935 ], [ 141.700638002000119, -36.809194005999984 ], [ 141.717783482000073, -36.801043806999985 ], [ 141.725501002000101, -36.750436005999973 ] ], [ [ 142.168729303000077, -36.697063856999932 ], [ 142.168986583000105, -36.741725426999949 ], [ 142.14697500300008, -36.746822986999973 ], [ 142.177660013000036, -36.782358995999971 ], [ 142.230598003000068, -36.78232199699994 ], [ 142.230676662000064, -36.753087236999932 ], [ 142.267106033000118, -36.753199996999967 ], [ 142.263969332000102, -36.674316345999955 ], [ 142.240471942000113, -36.674469805999934 ], [ 142.22343162300001, -36.696985135999967 ], [ 142.168729303000077, -36.697063856999932 ] ] ] } },
{ "type": "Feature", "properties": { "objectid": 1121, "sa2_code_2021": "215011390", "sa2_name_2021": "Nhill Region", "change_flag_2021": "0", "change_label_2021": "No change", "sa3_code_2021": "21501", "sa3_name_2021": "Grampians", "sa4_code_2021": "215", "sa4_name_2021": "North West", "gccsa_code_2021": "2RVIC", "gccsa_name_2021": "Rest of Vic.", "state_code_2021": "2", "state_name_2021": "Victoria", "aus_code_2021": "AUS", "aus_name_2021": "Australia", "area_albers_sqkm": 11042.793, "asgs_loci_uri_2021": "http://linked.data.gov.au/dataset/asgsed3/SA2/215011390", "shape_Length": 5.0417320123972686, "shape_Area": 1.1051905061711573 }, "geometry": { "type": "Polygon", "coordinates": [ [ [ 140.968704363000029, -36.603651315999969 ], [ 140.963102272000015, -35.74853449699998 ], [ 141.499757622000061, -35.74858282699995 ], [ 141.499458912000023, -35.498511586999939 ], [ 141.99748093200003, -35.498435666999967 ], [ 141.992222052000102, -35.710750806999954 ], [ 142.010162272000116, -35.755232756999931 ], [ 141.999260782000079, -35.809822856999972 ], [ 142.167204512000012, -35.809919186999934 ], [ 142.16741102200001, -35.824402996999936 ], [ 142.185245002000102, -35.824510006999958 ], [ 142.18519824200007, -35.868229206999956 ], [ 142.239033332000076, -35.86832379699996 ], [ 142.238997052000059, -35.997888136999961 ], [ 142.168446492000044, -35.997867016999976 ], [ 142.168119492000073, -36.492492246999973 ], [ 142.017840742000089, -36.494577985999967 ], [ 142.030510373000084, -36.517400935999945 ], [ 142.003942742000049, -36.567451706999975 ], [ 141.473550702000011, -36.531063986999982 ], [ 141.478731942000081, -36.498600575999944 ], [ 141.453418033000048, -36.495960995999951 ], [ 141.445327002000113, -36.546575995999945 ], [ 141.360548412000071, -36.529823725999961 ], [ 141.343029003000083, -36.64247000599994 ], [ 141.332391003000112, -36.630391005999968 ], [ 140.968704363000029, -36.603651315999969 ] ] ] } },
{ "type": "Feature", "properties": { "objectid": 1122, "sa2_code_2021": "215011391", "sa2_name_2021": "St Arnaud", "change_flag_2021": "0", "change_label_2021": "No change", "sa3_code_2021": "21501", "sa3_name_2021": "Grampians", "sa4_code_2021": "215", "sa4_name_2021": "North West", "gccsa_code_2021": "2RVIC", "gccsa_name_2021": "Rest of Vic.", "state_code_2021": "2", "state_name_2021": "Victoria", "aus_code_2021": "AUS", "aus_name_2021": "Australia", "area_albers_sqkm": 3008.5749, "asgs_loci_uri_2021": "http://linked.data.gov.au/dataset/asgsed3/SA2/215011391", "shape_Length": 3.3089699489883584, "shape_Area": 0.30329656742959099 }, "geometry": { "type": "Polygon", "coordinates": [ [ [ 143.285614552000084, -36.406687856999952 ], [ 143.333780242000103, -36.512287116999971 ], [ 143.421237162000011, -36.557122866999975 ], [ 143.438370882000072, -36.614430036999977 ], [ 143.486247242000104, -36.625661826999931 ], [ 143.502147952000087, -36.65799583699993 ], [ 143.460592412000096, -36.732680466999966 ], [ 143.506890362000036, -36.807918206999943 ], [ 143.511017012000025, -36.858569926999962 ], [ 143.502017392000084, -36.887115596999934 ], [ 143.467380752000054, -36.911483096999973 ], [ 143.471975812000096, -36.936828596999931 ], [ 143.373505752000028, -36.934078566999972 ], [ 143.353417683000089, -36.914591816999973 ], [ 143.18170000300006, -36.897663756999975 ], [ 143.106985632000033, -36.904392136999945 ], [ 143.098196723000115, -36.948231995999947 ], [ 143.061591892000024, -36.943840576999946 ], [ 143.072573433000116, -36.928099476999932 ], [ 143.061683582000114, -36.915669655999977 ], [ 143.031747892000112, -36.931569766999985 ], [ 143.031204002000095, -36.891072006999934 ], [ 143.00477658200009, -36.887781815999972 ], [ 143.006019692000109, -36.854587095999932 ], [ 142.867387993000079, -36.845291975999942 ], [ 142.831533052000054, -36.761497046999978 ], [ 142.731543602000102, -36.76136794699994 ], [ 142.711921782000104, -36.735775546999946 ], [ 142.816401392000103, -36.594254786999954 ], [ 142.816370402000075, -36.572328626999933 ], [ 142.73169453200012, -36.550824516999967 ], [ 142.731818012000076, -36.405236996999975 ], [ 142.798704112000109, -36.408091786999933 ], [ 142.798612902000059, -36.43755475699993 ], [ 142.816746212000112, -36.437492866999946 ], [ 142.822975332000055, -36.462500816999977 ], [ 143.019836622000071, -36.482737586999974 ], [ 143.057433592000052, -36.468215286999964 ], [ 143.044890112000076, -36.443177016999982 ], [ 143.133118572000058, -36.449415266999949 ], [ 143.147387522000031, -36.409748566999951 ], [ 143.285614552000084, -36.406687856999952 ] ] ] } },
{ "type": "Feature", "properties": { "objectid": 1123, "sa2_code_2021": "215011392", "sa2_name_2021": "Stawell", "change_flag_2021": "0", "change_label_2021": "No change", "sa3_code_2021": "21501", "sa3_name_2021": "Grampians", "sa4_code_2021": "215", "sa4_name_2021": "North West", "gccsa_code_2021": "2RVIC", "gccsa_name_2021": "Rest of Vic.", "state_code_2021": "2", "state_name_2021": "Victoria", "aus_code_2021": "AUS", "aus_name_2021": "Australia", "area_albers_sqkm": 2743.4313, "asgs_loci_uri_2021": "http://linked.data.gov.au/dataset/asgsed3/SA2/215011392", "shape_Length": 3.988206333614174, "shape_Area": 0.27780161429466788 }, "geometry": { "type": "Polygon", "coordinates": [ [ [ 142.410934793000024, -37.034586436999973 ], [ 142.404951243000028, -37.01630950599997 ], [ 142.380505802000016, -37.009122115999958 ], [ 142.335035302000051, -37.019052085999931 ], [ 142.351508852000052, -36.98031472699995 ], [ 142.394658452000044, -36.978373615999942 ], [ 142.35824952300004, -36.973136966999959 ], [ 142.37871624200011, -36.947723666999934 ], [ 142.375107962000016, -36.927064435999966 ], [ 142.358075453000083, -36.926563645999977 ], [ 142.374097093000046, -36.890270176999934 ], [ 142.352678533000017, -36.896761885999979 ], [ 142.352750872000115, -36.885009965999984 ], [ 142.397983822000015, -36.868887545999939 ], [ 142.431508093000048, -36.888929185999984 ], [ 142.441672323000034, -36.868826695999985 ], [ 142.455816723000112, -36.916713075999951 ], [ 142.480369802000041, -36.916782306999949 ], [ 142.480191242000046, -36.897675655999933 ], [ 142.493344562000061, -36.897675206999963 ], [ 142.511295233000055, -36.915478926999981 ], [ 142.498110993000068, -36.916648915999929 ], [ 142.497797422000076, -36.942022615999974 ], [ 142.559398832000056, -36.942735605999928 ], [ 142.559440923000011, -36.87959402599995 ], [ 142.57123596200006, -36.879393235999942 ], [ 142.501270032000093, -36.804635006999945 ], [ 142.531012272000112, -36.797093356999937 ], [ 142.53129299200009, -36.78212298699998 ], [ 142.631042423000054, -36.782291486999952 ], [ 142.63139556200008, -36.761443465999946 ], [ 142.831533052000054, -36.761497046999978 ], [ 142.867387993000079, -36.845291975999942 ], [ 143.006019692000109, -36.854587095999932 ], [ 143.00477658200009, -36.887781815999972 ], [ 143.031204002000095, -36.891072006999934 ], [ 143.031747892000112, -36.931569766999985 ], [ 143.061683582000114, -36.915669655999977 ], [ 143.072573433000116, -36.928099476999932 ], [ 143.061487542, -36.94379173599998 ], [ 143.098196723000115, -36.948231995999947 ], [ 143.090045253000085, -36.963690146999966 ], [ 143.105193922000012, -36.978697915999931 ], [ 143.087083312000118, -36.977237636999973 ], [ 143.102696372000082, -37.001516766999941 ], [ 143.101138773000116, -37.101256226999965 ], [ 143.086158802000114, -37.124803146999966 ], [ 143.095530252000117, -37.155571646999931 ], [ 143.066938272000016, -37.147368006999955 ], [ 143.059093722000057, -37.187201155999958 ], [ 142.961282052000115, -37.167038185999957 ], [ 142.953973982000093, -37.207778366999946 ], [ 142.883425683000041, -37.199679086999936 ], [ 142.783655453000051, -37.16888711699994 ], [ 142.764846932000069, -37.141911415999971 ], [ 142.717046172000096, -37.142891505999955 ], [ 142.717082483000013, -37.157299656999953 ], [ 142.542773412000088, -37.157417985999984 ], [ 142.598219063000101, -37.22441142699995 ], [ 142.597034533000055, -37.262199705999933 ], [ 142.580796043000078, -37.27266797599998 ], [ 142.598932022000099, -37.292906855999945 ], [ 142.465624273000117, -37.281597275999957 ], [ 142.24004402300011, -37.149018006999938 ], [ 142.235124143000121, -37.107169916999965 ], [ 142.271164462000115, -37.107396885999947 ], [ 142.288421773000096, -37.088745486999983 ], [ 142.30819043300005, -37.098471695999933 ], [ 142.333046672000023, -37.072000895999963 ], [ 142.344701273000055, -37.081617745999949 ], [ 142.374564373000112, -37.058575125999937 ], [ 142.406918663000056, -37.058336186999952 ], [ 142.391045903000077, -37.043065086999945 ], [ 142.395917783000073, -37.028522435999946 ], [ 142.410934793000024, -37.034586436999973 ] ] ] } },
{ "type": "Feature", "properties": { "objectid": 1124, "sa2_code_2021": "215011393", "sa2_name_2021": "West Wimmera", "change_flag_2021": "0", "change_label_2021": "No change", "sa3_code_2021": "21501", "sa3_name_2021": "Grampians", "sa4_code_2021": "215", "sa4_name_2021": "North West", "gccsa_code_2021": "2RVIC", "gccsa_name_2021": "Rest of Vic.", "state_code_2021": "2", "state_name_2021": "Victoria", "aus_code_2021": "AUS", "aus_name_2021": "Australia", "area_albers_sqkm": 5686.3869, "asgs_loci_uri_2021": "http://linked.data.gov.au/dataset/asgsed3/SA2/215011393", "shape_Length": 4.3915294406299203, "shape_Area": 0.57530056067730728 }, "geometry": { "type": "Polygon", "coordinates": [ [ [ 140.973173423000048, -37.358237075999966 ], [ 140.968704363000029, -36.603651315999969 ], [ 141.332391003000112, -36.630391005999968 ], [ 141.343029003000083, -36.64247000599994 ], [ 141.360548412000071, -36.529823725999961 ], [ 141.445327002000113, -36.546575995999945 ], [ 141.453418033000048, -36.495960995999951 ], [ 141.478731942000081, -36.498600575999944 ], [ 141.473550702000011, -36.531063986999982 ], [ 141.72682872200005, -36.557711085999983 ], [ 141.728687593000018, -36.544462905999978 ], [ 141.837674843000059, -36.554294696999932 ], [ 141.816123752000067, -36.659802425999942 ], [ 141.74083264300009, -36.652170315999967 ], [ 141.730752582000036, -36.717778476999968 ], [ 141.698024642000064, -36.716633355999932 ], [ 141.697532913000032, -36.750274996999963 ], [ 141.725501002000101, -36.750436005999973 ], [ 141.717783482000073, -36.801043806999985 ], [ 141.700638002000119, -36.809194005999984 ], [ 141.706580203000044, -36.883845796999935 ], [ 141.668788983000013, -36.883701995999957 ], [ 141.657662723000044, -36.95565404599995 ], [ 141.779319663000024, -36.967174976999956 ], [ 141.792308413000114, -36.980229755999972 ], [ 141.77061474300001, -37.027004065999961 ], [ 141.780825843000116, -37.028033015999938 ], [ 141.765209753000022, -37.148778595999943 ], [ 141.775968023000019, -37.179961995999975 ], [ 141.746809993000056, -37.173642005999966 ], [ 141.724569013000064, -37.188015005999944 ], [ 141.672364013000106, -37.152269985999965 ], [ 141.639660013000025, -37.165436995999983 ], [ 141.631925003000106, -37.155246985999952 ], [ 141.508106013000088, -37.209834995999984 ], [ 141.491324993000035, -37.220707005999941 ], [ 141.489554013000088, -37.246684995999942 ], [ 141.531444003000047, -37.297642985999971 ], [ 141.431506093000053, -37.297535785999969 ], [ 141.431530473000066, -37.372302015999935 ], [ 141.22100377300012, -37.348705265999968 ], [ 141.220880983000029, -37.364574135999931 ], [ 141.280511393000097, -37.394513535999977 ], [ 141.263839474000065, -37.430090005999944 ], [ 141.16823747300009, -37.419880315999933 ], [ 141.097258073000035, -37.44988163499994 ], [ 140.973173423000048, -37.358237075999966 ] ] ] } },
{ "type": "Feature", "properties": { "objectid": 1125, "sa2_code_2021": "215011394", "sa2_name_2021": "Yarriambiack", "change_flag_2021": "0", "change_label_2021": "No change", "sa3_code_2021": "21501", "sa3_name_2021": "Grampians", "sa4_code_2021": "215", "sa4_name_2021": "North West", "gccsa_code_2021": "2RVIC", "gccsa_name_2021": "Rest of Vic.", "state_code_2021": "2", "state_name_2021": "Victoria", "aus_code_2021": "AUS", "aus_name_2021": "Australia", "area_albers_sqkm": 7139.5816, "asgs_loci_uri_2021": "http://linked.data.gov.au/dataset/asgsed3/SA2/215011394", "shape_Length": 5.3889478317143862, "shape_Area": 0.71355888461851169 }, "geometry": { "type": "Polygon", "coordinates": [ [ [ 142.238997052000059, -35.997888136999961 ], [ 142.239033332000076, -35.86832379699996 ], [ 142.18519824200007, -35.868229206999956 ], [ 142.185245002000102, -35.824510006999958 ], [ 142.16741102200001, -35.824402996999936 ], [ 142.167204512000012, -35.809919186999934 ], [ 141.999260782000079, -35.809822856999972 ], [ 142.010162272000116, -35.755232756999931 ], [ 141.992222052000102, -35.710750806999954 ], [ 141.997476512000048, -35.463502636999976 ], [ 142.142212811000036, -35.480144976999952 ], [ 142.166850132000036, -35.478443606999974 ], [ 142.168506862000072, -35.449864026999933 ], [ 142.206831722000061, -35.450089116999948 ], [ 142.173639711000078, -35.375875296999936 ], [ 142.179084021000108, -35.354007906999982 ], [ 142.199059661000092, -35.35373915699995 ], [ 142.181283622000024, -35.33185700699994 ], [ 142.195095731000038, -35.313154276999967 ], [ 142.289418222000108, -35.290863986999966 ], [ 142.535847282000077, -35.302913896999939 ], [ 142.543289961000028, -35.475781876999974 ], [ 142.722467292000033, -35.475284597999973 ], [ 142.72175707100007, -35.735992686999964 ], [ 142.601126952000072, -35.736418466999964 ], [ 142.597566702000108, -35.932030316999942 ], [ 142.604242552000073, -36.12046033699994 ], [ 142.631569302000116, -36.125286126999981 ], [ 142.680860542000119, -36.096329416999936 ], [ 142.73177307200001, -36.103365056999962 ], [ 142.727847792000034, -36.147792366999965 ], [ 142.747542102000011, -36.153866026999935 ], [ 142.722104842000022, -36.23943862699997 ], [ 142.740125772000056, -36.282765126999948 ], [ 142.72724091200007, -36.281390056999953 ], [ 142.719237042000032, -36.307211706999965 ], [ 142.731633832000057, -36.298582536999959 ], [ 142.742950512000107, -36.393069526999966 ], [ 142.731875752000064, -36.397339436999971 ], [ 142.73169453200012, -36.550824516999967 ], [ 142.816370402000075, -36.572328626999933 ], [ 142.79466276200003, -36.639511375999973 ], [ 142.714096932000075, -36.721031846999949 ], [ 142.731543602000102, -36.76136794699994 ], [ 142.63139556200008, -36.761443465999946 ], [ 142.631042423000054, -36.782291486999952 ], [ 142.53129299200009, -36.78212298699998 ], [ 142.512696543000061, -36.80456494699996 ], [ 142.484170292000044, -36.793853446999947 ], [ 142.462625873000093, -36.734856355999966 ], [ 142.400130102000048, -36.699368765999964 ], [ 142.369845792000092, -36.646041766999929 ], [ 142.4048060020001, -36.449484995999967 ], [ 142.327443012000117, -36.440287995999938 ], [ 142.327460172000087, -36.40496193599995 ], [ 142.225580892000039, -36.411174995999943 ], [ 142.225458112000069, -36.396208976999958 ], [ 142.165411122000023, -36.385111135999978 ], [ 142.168446492000044, -35.997867016999976 ], [ 142.238997052000059, -35.997888136999961 ] ] ] } },
{ "type": "Feature", "properties": { "objectid": 1126, "sa2_code_2021": "215021395", "sa2_name_2021": "Irymple", "change_flag_2021": "0", "change_label_2021": "No change", "sa3_code_2021": "21502", "sa3_name_2021": "Mildura", "sa4_code_2021": "215", "sa4_name_2021": "North West", "gccsa_code_2021": "2RVIC", "gccsa_name_2021": "Rest of Vic.", "state_code_2021": "2", "state_name_2021": "Victoria", "aus_code_2021": "AUS", "aus_name_2021": "Australia", "area_albers_sqkm": 88.5725, "asgs_loci_uri_2021": "http://linked.data.gov.au/dataset/asgsed3/SA2/215021395", "shape_Length": 0.51426134135698731, "shape_Area": 0.0086675845083162562 }, "geometry": { "type": "Polygon", "coordinates": [ [ [ 142.081985001000021, -34.281506997999941 ], [ 142.219733921000056, -34.181347967999955 ], [ 142.244002301000023, -34.210561647999953 ], [ 142.232305291000102, -34.255262227999935 ], [ 142.248685901000044, -34.26945117799994 ], [ 142.081985001000021, -34.281506997999941 ] ] ] } },
{ "type": "Feature", "properties": { "objectid": 1127, "sa2_code_2021": "215021396", "sa2_name_2021": "Merbein", "change_flag_2021": "0", "change_label_2021": "No change", "sa3_code_2021": "21502", "sa3_name_2021": "Mildura", "sa4_code_2021": "215", "sa4_name_2021": "North West", "gccsa_code_2021": "2RVIC", "gccsa_name_2021": "Rest of Vic.", "state_code_2021": "2", "state_name_2021": "Victoria", "aus_code_2021": "AUS", "aus_name_2021": "Australia", "area_albers_sqkm": 101.7138, "asgs_loci_uri_2021": "http://linked.data.gov.au/dataset/asgsed3/SA2/215021396", "shape_Length": 0.60540433872607424, "shape_Area": 0.0099465527662518025 }, "geometry": { "type": "Polygon", "coordinates": [ [ [ 142.000300081000091, -34.273593996999978 ], [ 141.986317731000099, -34.114905807999946 ], [ 142.022245531000067, -34.125230877999968 ], [ 142.013311541000121, -34.105381257999966 ], [ 142.038463381000042, -34.10007597799995 ], [ 142.029579551000097, -34.126138677999961 ], [ 142.076023311000085, -34.13184580799998 ], [ 142.065345721000085, -34.150610597999957 ], [ 142.091432991000033, -34.175021037999954 ], [ 142.100694351000016, -34.211633567999968 ], [ 142.090780001000098, -34.224299007999946 ], [ 142.043992112000069, -34.21576112799994 ], [ 142.000300081000091, -34.273593996999978 ] ] ] } },
{ "type": "Feature", "properties": { "objectid": 1128, "sa2_code_2021": "215021398", "sa2_name_2021": "Mildura Surrounds", "change_flag_2021": "3", "change_label_2021": "Name change", "sa3_code_2021": "21502", "sa3_name_2021": "Mildura", "sa4_code_2021": "215", "sa4_name_2021": "North West", "gccsa_code_2021": "2RVIC", "gccsa_name_2021": "Rest of Vic.", "state_code_2021": "2", "state_name_2021": "Victoria", "aus_code_2021": "AUS", "aus_name_2021": "Australia", "area_albers_sqkm": 21568.7961, "asgs_loci_uri_2021": "http://linked.data.gov.au/dataset/asgsed3/SA2/215021398", "shape_Length": 8.821326112631926, "shape_Area": 2.1267566942637446 }, "geometry": { "type": "Polygon", "coordinates": [ [ [ 142.2733710010001, -34.389779007999948 ], [ 142.342706621000048, -34.392591157999959 ], [ 142.360367671000063, -34.410692497999946 ], [ 142.351610581000045, -34.421710977999965 ], [ 142.367929941000057, -34.435797587999957 ], [ 142.353091202000087, -34.46892848799996 ], [ 142.384162831000026, -34.47809112799996 ], [ 142.359992991000013, -34.499667347999946 ], [ 142.394823732000077, -34.493639137999935 ], [ 142.37494214100002, -34.51528408799993 ], [ 142.399835111000016, -34.523157097999956 ], [ 142.370495881000011, -34.534481647999939 ], [ 142.390916661000119, -34.549300457999948 ], [ 142.405558051000071, -34.541508776999933 ], [ 142.407692871000108, -34.567971977999946 ], [ 142.426062251000076, -34.562348547999932 ], [ 142.45162193200008, -34.584265097999946 ], [ 142.448847461000014, -34.559483347999958 ], [ 142.467967782000073, -34.564295407999964 ], [ 142.468257051000023, -34.612933857999963 ], [ 142.452298291000034, -34.633106427999962 ], [ 142.483768391000012, -34.636654457999953 ], [ 142.473539071000118, -34.67106059799994 ], [ 142.515855581000096, -34.663683467999931 ], [ 142.497266732000071, -34.676555697999959 ], [ 142.513668681000013, -34.692217107999966 ], [ 142.499744101000033, -34.703138137999929 ], [ 142.518949591000023, -34.702945997999961 ], [ 142.499558741000101, -34.739117317999956 ], [ 142.517044311000063, -34.754822727999965 ], [ 142.518611511000017, -34.863916026999959 ], [ 142.635410301000093, -34.864053437999928 ], [ 142.641213841000081, -34.883991247999973 ], [ 142.697361241000067, -34.886935757999936 ], [ 142.69714505200011, -35.114545307999947 ], [ 142.742961931000082, -35.115033156999971 ], [ 142.734512841000083, -35.198087886999929 ], [ 142.611463381000021, -35.194362006999938 ], [ 142.611785271000031, -35.304995517999942 ], [ 142.289418222000108, -35.290863986999966 ], [ 142.195095731000038, -35.313154276999967 ], [ 142.181283622000024, -35.33185700699994 ], [ 142.199059661000092, -35.35373915699995 ], [ 142.179084021000108, -35.354007906999982 ], [ 142.173639711000078, -35.375875296999936 ], [ 142.206831722000061, -35.450089116999948 ], [ 142.168506862000072, -35.449864026999933 ], [ 142.166850132000036, -35.478443606999974 ], [ 141.997476512000048, -35.463502636999976 ], [ 141.99748093200003, -35.498435666999967 ], [ 141.499458912000023, -35.498511586999939 ], [ 141.499757622000061, -35.74858282699995 ], [ 140.963102272000015, -35.74853449699998 ], [ 140.963682012000049, -33.980649827999969 ], [ 140.98843102100011, -34.030777217999969 ], [ 140.998138631000074, -34.019698066999979 ], [ 141.012310981000041, -34.024654717999965 ], [ 141.001869451000061, -34.039103697999963 ], [ 141.023261351000087, -34.059699827999964 ], [ 141.034336271000029, -34.035734797999964 ], [ 141.042463681000072, -34.061101497999971 ], [ 141.065600681000092, -34.050062277999984 ], [ 141.08921736100001, -34.076696667999954 ], [ 141.094237932000055, -34.050657147999971 ], [ 141.120337821000021, -34.064866206999966 ], [ 141.153111291000073, -34.054521177999959 ], [ 141.153670131000013, -34.082118267999931 ], [ 141.174668311000119, -34.073333497999954 ], [ 141.18622963100006, -34.091976577999958 ], [ 141.205907411000112, -34.061722907999979 ], [ 141.228468311000029, -34.073650976999943 ], [ 141.241807262000066, -34.061314657999958 ], [ 141.242542431000061, -34.087341616999936 ], [ 141.259565141000053, -34.078134607999971 ], [ 141.317451292000101, -34.112413646999983 ], [ 141.324937292000072, -34.13878197799994 ], [ 141.35897900100008, -34.110723637999968 ], [ 141.388118131000056, -34.13473038799998 ], [ 141.408247181000092, -34.127856077999979 ], [ 141.407403911000074, -34.14640075799997 ], [ 141.433900842000071, -34.145904266999935 ], [ 141.444539451000082, -34.168015336999929 ], [ 141.49496595100004, -34.154611056999954 ], [ 141.518743432000065, -34.180910286999961 ], [ 141.510070421000023, -34.216479386999936 ], [ 141.533863122000071, -34.210696737999967 ], [ 141.533546341000033, -34.191434557999969 ], [ 141.603284701000121, -34.191228947999946 ], [ 141.589383281000096, -34.177353917999937 ], [ 141.602958881000063, -34.162254117999964 ], [ 141.583902151000075, -34.151965937999933 ], [ 141.618538091000119, -34.156287477999967 ], [ 141.611817781000013, -34.139023647999977 ], [ 141.62798237100003, -34.145417337999959 ], [ 141.632652621000034, -34.12148501799993 ], [ 141.677449502000059, -34.10122477799996 ], [ 141.70828472200003, -34.096351527999957 ], [ 141.719011101000092, -34.114894517999971 ], [ 141.731458742000086, -34.090957837999952 ], [ 141.76183646100003, -34.097537367999962 ], [ 141.756946931000016, -34.112096477999955 ], [ 141.777897591000055, -34.101774737999961 ], [ 141.776886531000059, -34.116878217999954 ], [ 141.876626701000077, -34.137417787999937 ], [ 141.899581871, -34.111368777999928 ], [ 141.922591401000091, -34.114570797999932 ], [ 141.933466691000035, -34.138252117999969 ], [ 141.945003591000045, -34.119477777999975 ], [ 141.970436751000079, -34.136107577999951 ], [ 141.984100421000107, -34.112578257999928 ], [ 141.996501822000027, -34.136394827999936 ], [ 141.996987341000022, -34.273219197999936 ], [ 142.043992112000069, -34.21576112799994 ], [ 142.071313021000037, -34.224002007999957 ], [ 142.063652911000077, -34.25650100799993 ], [ 142.085625471000071, -34.272959887999946 ], [ 142.10763600100006, -34.376706997999975 ], [ 142.208985982000058, -34.362325007999971 ], [ 142.265723011000091, -34.406235997999943 ], [ 142.2733710010001, -34.389779007999948 ] ] ] } },
{ "type": "Feature", "properties": { "objectid": 1129, "sa2_code_2021": "215021399", "sa2_name_2021": "Red Cliffs", "change_flag_2021": "0", "change_label_2021": "No change", "sa3_code_2021": "21502", "sa3_name_2021": "Mildura", "sa4_code_2021": "215", "sa4_name_2021": "North West", "gccsa_code_2021": "2RVIC", "gccsa_name_2021": "Rest of Vic.", "state_code_2021": "2", "state_name_2021": "Victoria", "aus_code_2021": "AUS", "aus_name_2021": "Australia", "area_albers_sqkm": 246.7231, "asgs_loci_uri_2021": "http://linked.data.gov.au/dataset/asgsed3/SA2/215021399", "shape_Length": 1.0819720172707181, "shape_Area": 0.024170738419693728 }, "geometry": { "type": "Polygon", "coordinates": [ [ [ 142.10747222100008, -34.340707647999977 ], [ 142.085426041000119, -34.285218027999974 ], [ 142.216932951000103, -34.267103987999974 ], [ 142.246481771000049, -34.272010807999948 ], [ 142.236749861000021, -34.307419907999929 ], [ 142.286132211000108, -34.296536407999952 ], [ 142.298886681000113, -34.305703337999944 ], [ 142.283873271000061, -34.326567487999966 ], [ 142.33092466100004, -34.33937771799998 ], [ 142.368436501000019, -34.326912807999975 ], [ 142.397686521000082, -34.342083417999959 ], [ 142.384849821000103, -34.345749507999983 ], [ 142.388967021000099, -34.36327267799993 ], [ 142.363992791000101, -34.361243457999933 ], [ 142.378269361000093, -34.364750787999981 ], [ 142.37407961100007, -34.387731487999929 ], [ 142.351841731000036, -34.406075157999965 ], [ 142.342706621000048, -34.392591157999959 ], [ 142.2733710010001, -34.389779007999948 ], [ 142.269280992000063, -34.407161997999935 ], [ 142.208985982000058, -34.362325007999971 ], [ 142.10763600100006, -34.376706997999975 ], [ 142.10747222100008, -34.340707647999977 ] ] ] } },
{ "type": "Feature", "properties": { "objectid": 1130, "sa2_code_2021": "215021469", "sa2_name_2021": "Mildura - North", "change_flag_2021": "0", "change_label_2021": "No change", "sa3_code_2021": "21502", "sa3_name_2021": "Mildura", "sa4_code_2021": "215", "sa4_name_2021": "North West", "gccsa_code_2021": "2RVIC", "gccsa_name_2021": "Rest of Vic.", "state_code_2021": "2", "state_name_2021": "Victoria", "aus_code_2021": "AUS", "aus_name_2021": "Australia", "area_albers_sqkm": 25.117, "asgs_loci_uri_2021": "http://linked.data.gov.au/dataset/asgsed3/SA2/215021469", "shape_Length": 0.27700079436252023, "shape_Area": 0.0024561817568121637 }, "geometry": { "type": "Polygon", "coordinates": [ [ [ 142.12235674100009, -34.177565337999965 ], [ 142.12011244100006, -34.156890947999955 ], [ 142.148290201, -34.148718617999975 ], [ 142.16662916100006, -34.153134417999979 ], [ 142.166147831000103, -34.182923417999973 ], [ 142.204162471000018, -34.183688427999982 ], [ 142.166558531000078, -34.214592957999969 ], [ 142.12235674100009, -34.177565337999965 ] ] ] } },
{ "type": "Feature", "properties": { "objectid": 1131, "sa2_code_2021": "215021470", "sa2_name_2021": "Mildura - South", "change_flag_2021": "0", "change_label_2021": "No change", "sa3_code_2021": "21502", "sa3_name_2021": "Mildura", "sa4_code_2021": "215", "sa4_name_2021": "North West", "gccsa_code_2021": "2RVIC", "gccsa_name_2021": "Rest of Vic.", "state_code_2021": "2", "state_name_2021": "Victoria", "aus_code_2021": "AUS", "aus_name_2021": "Australia", "area_albers_sqkm": 50.9981, "asgs_loci_uri_2021": "http://linked.data.gov.au/dataset/asgsed3/SA2/215021470", "shape_Length": 0.38878068201654142, "shape_Area": 0.0049893132661442 }, "geometry": { "type": "Polygon", "coordinates": [ [ [ 142.096748051000077, -34.206714997999939 ], [ 142.090928271000053, -34.171783867999977 ], [ 142.11896549100004, -34.175023417999967 ], [ 142.166558531000078, -34.214592957999969 ], [ 142.078310001000091, -34.272838987999933 ], [ 142.063238161000072, -34.251314037999975 ], [ 142.096748051000077, -34.206714997999939 ] ] ] } },
{ "type": "Feature", "properties": { "objectid": 1132, "sa2_code_2021": "215031400", "sa2_name_2021": "Buloke", "change_flag_2021": "0", "change_label_2021": "No change", "sa3_code_2021": "21503", "sa3_name_2021": "Murray River - Swan Hill", "sa4_code_2021": "215", "sa4_name_2021": "North West", "gccsa_code_2021": "2RVIC", "gccsa_name_2021": "Rest of Vic.", "state_code_2021": "2", "state_name_2021": "Victoria", "aus_code_2021": "AUS", "aus_name_2021": "Australia", "area_albers_sqkm": 8068.6848, "asgs_loci_uri_2021": "http://linked.data.gov.au/dataset/asgsed3/SA2/215031400", "shape_Length": 5.5260444541277449, "shape_Area": 0.80561655479274774 }, "geometry": { "type": "Polygon", "coordinates": [ [ [ 142.543289961000028, -35.475781876999974 ], [ 142.535847282000077, -35.302913896999939 ], [ 142.615924591000066, -35.30389282799996 ], [ 142.611463381000021, -35.194362006999938 ], [ 142.748073901000112, -35.199259877999964 ], [ 142.79377201200009, -35.247541996999985 ], [ 142.817982611000048, -35.230843487999948 ], [ 142.856376012000055, -35.231140007999954 ], [ 143.003292741000109, -35.249376736999977 ], [ 143.013511472000118, -35.418133717999979 ], [ 143.048232752000104, -35.418071866999981 ], [ 143.04828301200007, -35.49068819799993 ], [ 143.131330032000051, -35.490942666999956 ], [ 143.123608352000019, -35.514788887999941 ], [ 143.137097332000053, -35.545271057999969 ], [ 143.197518701000035, -35.550554757999976 ], [ 143.187177112000086, -35.607403236999971 ], [ 143.200260361000119, -35.654573076999952 ], [ 143.32410110100011, -35.656639986999949 ], [ 143.317968002000043, -35.669616997999981 ], [ 143.343733681000117, -35.685161366999978 ], [ 143.336384372000111, -35.709098366999967 ], [ 143.372395121000068, -35.753925417999938 ], [ 143.350361572000111, -35.792620707999959 ], [ 143.354881582000075, -35.818358276999959 ], [ 143.398491021000041, -35.818569986999933 ], [ 143.394932891000053, -35.838771936999933 ], [ 143.413822812000035, -35.841094106999947 ], [ 143.40462302200001, -35.894397866999952 ], [ 143.392649412000083, -35.891315817999953 ], [ 143.391466082000079, -35.914276986999937 ], [ 143.376176931000032, -35.912470736999978 ], [ 143.365315401000089, -35.933682447999956 ], [ 143.365442022000025, -35.992038996999952 ], [ 143.377297911000028, -35.992088096999964 ], [ 143.378696452000099, -36.014318557999957 ], [ 143.405865042000073, -36.018344566999929 ], [ 143.432414081000047, -35.98346524699997 ], [ 143.481686051000111, -35.983155326999963 ], [ 143.482198732000029, -36.101702407999937 ], [ 143.511591962000011, -36.10134674699998 ], [ 143.513541352000061, -36.173277536999933 ], [ 143.536652282000091, -36.174039757999935 ], [ 143.531716532000019, -36.203338906999932 ], [ 143.5687319110001, -36.222247996999954 ], [ 143.508029632000103, -36.26498653699997 ], [ 143.5139557010001, -36.295086626999932 ], [ 143.482129272000066, -36.29504888699995 ], [ 143.478501722000033, -36.37613525699993 ], [ 143.438858921000019, -36.368417816999965 ], [ 143.445077142000059, -36.446042016999968 ], [ 143.430501702000015, -36.469459296999958 ], [ 143.412164432000054, -36.467662616999974 ], [ 143.406783232000066, -36.499938656999973 ], [ 143.315193602000022, -36.47694374699995 ], [ 143.285614552000084, -36.406687856999952 ], [ 143.147387522000031, -36.409748566999951 ], [ 143.133118572000058, -36.449415266999949 ], [ 143.044890112000076, -36.443177016999982 ], [ 143.057433592000052, -36.468215286999964 ], [ 143.019836622000071, -36.482737586999974 ], [ 142.822975332000055, -36.462500816999977 ], [ 142.816746212000112, -36.437492866999946 ], [ 142.798612902000059, -36.43755475699993 ], [ 142.798704112000109, -36.408091786999933 ], [ 142.731818012000076, -36.405236996999975 ], [ 142.742950512000107, -36.393069526999966 ], [ 142.731633832000057, -36.298582536999959 ], [ 142.719237042000032, -36.307211706999965 ], [ 142.74309775200004, -36.264590446999932 ], [ 142.722095362000118, -36.262299206999955 ], [ 142.722104842000022, -36.23943862699997 ], [ 142.747542102000011, -36.153866026999935 ], [ 142.727847792000034, -36.147792366999965 ], [ 142.73177307200001, -36.103365056999962 ], [ 142.680860542000119, -36.096329416999936 ], [ 142.631569302000116, -36.125286126999981 ], [ 142.604242552000073, -36.12046033699994 ], [ 142.597566702000108, -35.932030316999942 ], [ 142.601126952000072, -35.736418466999964 ], [ 142.72175707100007, -35.735992686999964 ], [ 142.722467292000033, -35.475284597999973 ], [ 142.543289961000028, -35.475781876999974 ] ] ] } },
{ "type": "Feature", "properties": { "objectid": 1133, "sa2_code_2021": "215031401", "sa2_name_2021": "Gannawarra", "change_flag_2021": "0", "change_label_2021": "No change", "sa3_code_2021": "21503", "sa3_name_2021": "Murray River - Swan Hill", "sa4_code_2021": "215", "sa4_name_2021": "North West", "gccsa_code_2021": "2RVIC", "gccsa_name_2021": "Rest of Vic.", "state_code_2021": "2", "state_name_2021": "Victoria", "aus_code_2021": "AUS", "aus_name_2021": "Australia", "area_albers_sqkm": 3568.3246, "asgs_loci_uri_2021": "http://linked.data.gov.au/dataset/asgsed3/SA2/215031401", "shape_Length": 5.1095929355723424, "shape_Area": 0.35557661107053712 }, "geometry": { "type": "Polygon", "coordinates": [ [ [ 143.419268901, -35.57250008799997 ], [ 143.549028002000114, -35.572691867999936 ], [ 143.548899741000014, -35.543526527999973 ], [ 143.728747542000065, -35.52952894799995 ], [ 143.708956001000047, -35.494227987999977 ], [ 143.805647861000011, -35.500123157999951 ], [ 143.808826102000012, -35.476918467999951 ], [ 143.790845211000033, -35.466341477999947 ], [ 143.822145932000012, -35.445942276999972 ], [ 143.905741951000095, -35.499843467999938 ], [ 143.970101051000029, -35.500078117999976 ], [ 143.962441211000055, -35.513980707999963 ], [ 143.996582472000114, -35.535677387999954 ], [ 143.992625231000034, -35.556286747999934 ], [ 144.039215401000092, -35.549256997999976 ], [ 144.062285251000048, -35.576768577999928 ], [ 144.105015202000118, -35.590780777999953 ], [ 144.131487651000043, -35.640761517999977 ], [ 144.152629061000084, -35.642678067999952 ], [ 144.162350061000097, -35.671526177999965 ], [ 144.213482081000052, -35.686671046999948 ], [ 144.21595225100009, -35.706476786999929 ], [ 144.248149601000023, -35.721033847999934 ], [ 144.267821431000016, -35.753723037999976 ], [ 144.296060811000075, -35.737090816999967 ], [ 144.29527624100001, -35.754378747999965 ], [ 144.34891742100001, -35.766975617999947 ], [ 144.362329051000074, -35.795834067999976 ], [ 144.37668442100005, -35.792614976999971 ], [ 144.365047621000031, -35.822005837999939 ], [ 144.384066262000033, -35.81947411799996 ], [ 144.372191721000036, -35.832221176999951 ], [ 144.381440961000067, -35.832675556999959 ], [ 144.385791322000046, -35.834800207999933 ], [ 144.386387751000029, -35.837082546999966 ], [ 144.373030841000059, -35.838657017999935 ], [ 144.389812591, -35.859221606999938 ], [ 144.411273841000025, -35.858775717999947 ], [ 144.4036281220001, -35.880666227999939 ], [ 144.417161302000068, -35.897037507999983 ], [ 144.351047181000013, -35.890874187999941 ], [ 144.341951382000047, -35.906624366999949 ], [ 144.353410221000104, -35.919532886999946 ], [ 144.335567531000038, -35.934196677999978 ], [ 144.249292442000069, -35.93006055799998 ], [ 144.187286751000102, -35.907569366999951 ], [ 144.184996451000075, -35.946696766999935 ], [ 143.941526261000035, -35.952841616999933 ], [ 143.861709602000019, -35.934886347999964 ], [ 143.873990641000091, -35.91607408699997 ], [ 143.728389372000038, -35.905865306999942 ], [ 143.728244281000116, -35.932481467999935 ], [ 143.617818972, -35.934851067999944 ], [ 143.618054402000098, -35.969410976999939 ], [ 143.47568845100011, -35.975299487999962 ], [ 143.432414081000047, -35.98346524699997 ], [ 143.407130021000057, -36.017869576999942 ], [ 143.378696452000099, -36.014318557999957 ], [ 143.365315401000089, -35.933682447999956 ], [ 143.376176931000032, -35.912470736999978 ], [ 143.391466082000079, -35.914276986999937 ], [ 143.392649412000083, -35.891315817999953 ], [ 143.40462302200001, -35.894397866999952 ], [ 143.413822812000035, -35.841094106999947 ], [ 143.394932891000053, -35.838771936999933 ], [ 143.398491021000041, -35.818569986999933 ], [ 143.354881582000075, -35.818358276999959 ], [ 143.350361572000111, -35.792620707999959 ], [ 143.372121122000067, -35.752902407999954 ], [ 143.336384372000111, -35.709098366999967 ], [ 143.343733681000117, -35.685161366999978 ], [ 143.317968002000043, -35.669616997999981 ], [ 143.32410110100011, -35.656639986999949 ], [ 143.288170102000095, -35.646998106999945 ], [ 143.28825160100007, -35.59204916799996 ], [ 143.4191669920001, -35.592497007999953 ], [ 143.419268901, -35.57250008799997 ] ], [ [ 143.908274002000098, -35.661124997999934 ], [ 143.915763001000073, -35.69792199699998 ], [ 143.861179981000078, -35.688457986999936 ], [ 143.863990741000066, -35.724575726999944 ], [ 143.891907982000021, -35.735223997999981 ], [ 143.890610991000017, -35.765115996999953 ], [ 143.874198001000082, -35.775875006999968 ], [ 143.948954012000058, -35.789622007999981 ], [ 143.951376992000064, -35.772798987999977 ], [ 143.974974031000102, -35.779114997999955 ], [ 143.99259298100003, -35.756353987999944 ], [ 144.032383012000082, -35.754420997999944 ], [ 144.033114001000058, -35.739725007999937 ], [ 144.004027992000033, -35.733517997999968 ], [ 144.017814292000025, -35.704271847999962 ], [ 143.984709561000045, -35.660940197999935 ], [ 143.908274002000098, -35.661124997999934 ] ] ] } },
{ "type": "Feature", "properties": { "objectid": 1134, "sa2_code_2021": "215031402", "sa2_name_2021": "Kerang", "change_flag_2021": "0", "change_label_2021": "No change", "sa3_code_2021": "21503", "sa3_name_2021": "Murray River - Swan Hill", "sa4_code_2021": "215", "sa4_name_2021": "North West", "gccsa_code_2021": "2RVIC", "gccsa_name_2021": "Rest of Vic.", "state_code_2021": "2", "state_name_2021": "Victoria", "aus_code_2021": "AUS", "aus_name_2021": "Australia", "area_albers_sqkm": 146.6076, "asgs_loci_uri_2021": "http://linked.data.gov.au/dataset/asgsed3/SA2/215031402", "shape_Length": 0.76593104039756899, "shape_Area": 0.014604295104331592 }, "geometry": { "type": "Polygon", "coordinates": [ [ [ 143.891907982000021, -35.735223997999981 ], [ 143.863990741000066, -35.724575726999944 ], [ 143.861179981000078, -35.688457986999936 ], [ 143.915763001000073, -35.69792199699998 ], [ 143.908274002000098, -35.661124997999934 ], [ 143.967863021000085, -35.658955007999964 ], [ 144.012094011000045, -35.689371007999966 ], [ 144.018303141000047, -35.712090977999935 ], [ 144.004027992000033, -35.733517997999968 ], [ 144.03421298100011, -35.746766996999952 ], [ 143.975122031000069, -35.764536996999936 ], [ 143.974974031000102, -35.779114997999955 ], [ 143.951376992000064, -35.772798987999977 ], [ 143.948954012000058, -35.789622007999981 ], [ 143.916807991000042, -35.789568997999936 ], [ 143.874198001000082, -35.775875006999968 ], [ 143.890610991000017, -35.765115996999953 ], [ 143.891907982000021, -35.735223997999981 ] ] ] } },
{ "type": "Feature", "properties": { "objectid": 1135, "sa2_code_2021": "215031403", "sa2_name_2021": "Robinvale", "change_flag_2021": "0", "change_label_2021": "No change", "sa3_code_2021": "21503", "sa3_name_2021": "Murray River - Swan Hill", "sa4_code_2021": "215", "sa4_name_2021": "North West", "gccsa_code_2021": "2RVIC", "gccsa_name_2021": "Rest of Vic.", "state_code_2021": "2", "state_name_2021": "Victoria", "aus_code_2021": "AUS", "aus_name_2021": "Australia", "area_albers_sqkm": 181.5961, "asgs_loci_uri_2021": "http://linked.data.gov.au/dataset/asgsed3/SA2/215031403", "shape_Length": 1.1946455438075509, "shape_Area": 0.017856680635852228 }, "geometry": { "type": "Polygon", "coordinates": [ [ [ 142.782291611000119, -34.579829217999929 ], [ 142.770967621000068, -34.566613897999957 ], [ 142.790189301000055, -34.546542357999954 ], [ 142.805752781000024, -34.554211437999982 ], [ 142.786896091000017, -34.589357137999968 ], [ 142.810638121000011, -34.589305727999943 ], [ 142.803343541000118, -34.607091787999934 ], [ 142.823777031000077, -34.600494357999935 ], [ 142.840679351000063, -34.625751747999971 ], [ 142.868341621000013, -34.627454987999954 ], [ 142.855381511000019, -34.638675147999948 ], [ 142.871866411000042, -34.650292227999955 ], [ 142.860551011000098, -34.665162027999941 ], [ 142.886905311000078, -34.672420717999955 ], [ 142.886066021000033, -34.691557997999951 ], [ 142.87564399200005, -34.698414007999929 ], [ 142.837074011000027, -34.67099800799997 ], [ 142.732160011000019, -34.684351987999946 ], [ 142.749192991000086, -34.695191987999976 ], [ 142.748984471000085, -34.726196107999954 ], [ 142.687530001000027, -34.749053997999965 ], [ 142.67646951100005, -34.725413587999981 ], [ 142.699599001000024, -34.723253657999976 ], [ 142.684473261000107, -34.714050527999973 ], [ 142.680371471000058, -34.67321729799994 ], [ 142.710888971000031, -34.674929627999973 ], [ 142.689171971000064, -34.651924817999941 ], [ 142.708687061000091, -34.620347657999957 ], [ 142.689382891000037, -34.616640397999959 ], [ 142.722756121000089, -34.592360777999943 ], [ 142.761766141000066, -34.598484767999935 ], [ 142.748899981000022, -34.576174057999935 ], [ 142.782291611000119, -34.579829217999929 ] ] ] } },
{ "type": "Feature", "properties": { "objectid": 1136, "sa2_code_2021": "215031404", "sa2_name_2021": "Swan Hill", "change_flag_2021": "0", "change_label_2021": "No change", "sa3_code_2021": "21503", "sa3_name_2021": "Murray River - Swan Hill", "sa4_code_2021": "215", "sa4_name_2021": "North West", "gccsa_code_2021": "2RVIC", "gccsa_name_2021": "Rest of Vic.", "state_code_2021": "2", "state_name_2021": "Victoria", "aus_code_2021": "AUS", "aus_name_2021": "Australia", "area_albers_sqkm": 126.5903, "asgs_loci_uri_2021": "http://linked.data.gov.au/dataset/asgsed3/SA2/215031404", "shape_Length": 0.60679652206362311, "shape_Area": 0.012554367850294131 }, "geometry": { "type": "Polygon", "coordinates": [ [ [ 143.523891591000051, -35.313588567999943 ], [ 143.532330861000105, -35.296132417999956 ], [ 143.582091662000039, -35.297438607999936 ], [ 143.561922362000018, -35.336613157999977 ], [ 143.567593911000017, -35.366922996999961 ], [ 143.592259991000105, -35.389916997999933 ], [ 143.567527412000118, -35.385007407999979 ], [ 143.516894031000106, -35.429175997999948 ], [ 143.454073691000076, -35.420711777999941 ], [ 143.454066831000091, -35.313415646999943 ], [ 143.523891591000051, -35.313588567999943 ] ] ] } },
{ "type": "Feature", "properties": { "objectid": 1137, "sa2_code_2021": "215031405", "sa2_name_2021": "Swan Hill Surrounds", "change_flag_2021": "3", "change_label_2021": "Name change", "sa3_code_2021": "21503", "sa3_name_2021": "Murray River - Swan Hill", "sa4_code_2021": "215", "sa4_name_2021": "North West", "gccsa_code_2021": "2RVIC", "gccsa_name_2021": "Rest of Vic.", "state_code_2021": "2", "state_name_2021": "Victoria", "aus_code_2021": "AUS", "aus_name_2021": "Australia", "area_albers_sqkm": 5759.5788, "asgs_loci_uri_2021": "http://linked.data.gov.au/dataset/asgsed3/SA2/215031405", "shape_Length": 6.5368056324754154, "shape_Area": 0.5695768818936362 }, "geometry": { "type": "Polygon", "coordinates": [ [ [ 142.742961931000082, -35.115033156999971 ], [ 142.69714505200011, -35.114545307999947 ], [ 142.697361241000067, -34.886935757999936 ], [ 142.641213841000081, -34.883991247999973 ], [ 142.635410301000093, -34.864053437999928 ], [ 142.518611511000017, -34.863916026999959 ], [ 142.517044311000063, -34.754822727999965 ], [ 142.631430561000116, -34.784395427999982 ], [ 142.646411041000079, -34.763481017999936 ], [ 142.620497571000101, -34.75712761799997 ], [ 142.619287362000023, -34.728161897999939 ], [ 142.661960151000017, -34.721807437999985 ], [ 142.701760991000015, -34.749411997999971 ], [ 142.748984471000085, -34.726196107999954 ], [ 142.749192991000086, -34.695191987999976 ], [ 142.732160011000019, -34.684351987999946 ], [ 142.837074011000027, -34.67099800799997 ], [ 142.877443991000064, -34.698819987999968 ], [ 142.901527061000024, -34.654958057999977 ], [ 142.923560511000119, -34.647875477999946 ], [ 142.95926334100011, -34.664982107999947 ], [ 142.972708321000027, -34.695207017999962 ], [ 142.989413841000101, -34.662577947999978 ], [ 143.017280452000023, -34.673660367999958 ], [ 143.010953941000025, -34.694086947999949 ], [ 143.03276634100007, -34.683041087999982 ], [ 143.039040081000053, -34.702527887999963 ], [ 143.03921769100009, -34.686629647999951 ], [ 143.05482229100005, -34.698854707999942 ], [ 143.06992037100008, -34.678295377999973 ], [ 143.090373501000045, -34.701333227999953 ], [ 143.112980121000078, -34.681099557999971 ], [ 143.106536601000016, -34.70116300799998 ], [ 143.127608191000036, -34.692745797999976 ], [ 143.11802375100001, -34.702992377999976 ], [ 143.146535941000025, -34.714727597999968 ], [ 143.162403821000112, -34.698101577999978 ], [ 143.165360431000067, -34.718135877999941 ], [ 143.180986821000033, -34.709481557999936 ], [ 143.200913221000064, -34.733447027999944 ], [ 143.222086381000054, -34.73175522799994 ], [ 143.224388791000024, -34.758725287999937 ], [ 143.240660591000051, -34.745460887999968 ], [ 143.248926171000107, -34.757856097999934 ], [ 143.265284671000018, -34.748558557999957 ], [ 143.274015871000074, -34.752685137999947 ], [ 143.252129581000077, -34.772803057999965 ], [ 143.273005141000112, -34.776412637999954 ], [ 143.27673548100006, -34.792260837999947 ], [ 143.308844391000093, -34.779938997999977 ], [ 143.351526911000065, -34.794486837999955 ], [ 143.359558551000077, -34.816899727999953 ], [ 143.341190641000026, -34.846309367999936 ], [ 143.354957151000121, -34.846039707999978 ], [ 143.352562961000103, -34.85823520799994 ], [ 143.321293621000109, -34.888735187999941 ], [ 143.342690271000038, -34.932874467999966 ], [ 143.317219981000108, -34.953358847999937 ], [ 143.318639411000049, -34.992968417999975 ], [ 143.338117711000109, -35.010891836999974 ], [ 143.335987041000067, -35.037375637999958 ], [ 143.322081111000102, -35.036726947999966 ], [ 143.350837271000046, -35.064702147999981 ], [ 143.339058261000105, -35.068190917999971 ], [ 143.340857731000028, -35.095714347999944 ], [ 143.390647241000011, -35.145107017999976 ], [ 143.388159572000063, -35.185837877999973 ], [ 143.44948609100004, -35.189112087999945 ], [ 143.471481471000061, -35.21929352799998 ], [ 143.529155021000065, -35.21992163799996 ], [ 143.563432561000013, -35.202506347999929 ], [ 143.580235872000117, -35.214691237999943 ], [ 143.563662801000078, -35.243305046999978 ], [ 143.572244181000087, -35.268603936999966 ], [ 143.59070414100006, -35.273516176999976 ], [ 143.579726701000027, -35.295148767999933 ], [ 143.532330861000105, -35.296132417999956 ], [ 143.527866111000094, -35.314045017999945 ], [ 143.454066831000091, -35.313415646999943 ], [ 143.454073691000076, -35.420711777999941 ], [ 143.516894031000106, -35.429175997999948 ], [ 143.567527412000118, -35.385007407999979 ], [ 143.589257361000023, -35.392866137999931 ], [ 143.564529041000014, -35.357635087999938 ], [ 143.573522851000121, -35.337242377999985 ], [ 143.640411211000014, -35.401070077999975 ], [ 143.684224301000086, -35.368182127999944 ], [ 143.709174782000105, -35.392538846999969 ], [ 143.764387051000085, -35.392584266999961 ], [ 143.762851601000079, -35.42306668699996 ], [ 143.819047162000061, -35.438517427999955 ], [ 143.790802211000027, -35.466645487999983 ], [ 143.811610211000016, -35.49213485699994 ], [ 143.708956001000047, -35.494227987999977 ], [ 143.728747542000065, -35.52952894799995 ], [ 143.548899741000014, -35.543526527999973 ], [ 143.549028002000114, -35.572691867999936 ], [ 143.419268901, -35.57250008799997 ], [ 143.4191669920001, -35.592497007999953 ], [ 143.28825160100007, -35.59204916799996 ], [ 143.288134912000032, -35.654708977999974 ], [ 143.200260361000119, -35.654573076999952 ], [ 143.187177112000086, -35.607403236999971 ], [ 143.197518701000035, -35.550554757999976 ], [ 143.137097332000053, -35.545271057999969 ], [ 143.123608352000019, -35.514788887999941 ], [ 143.131330032000051, -35.490942666999956 ], [ 143.04828301200007, -35.49068819799993 ], [ 143.048232752000104, -35.418071866999981 ], [ 143.013511472000118, -35.418133717999979 ], [ 143.003292741000109, -35.249376736999977 ], [ 142.856376012000055, -35.231140007999954 ], [ 142.817982611000048, -35.230843487999948 ], [ 142.79377201200009, -35.247541996999985 ], [ 142.734512841000083, -35.198087886999929 ], [ 142.742961931000082, -35.115033156999971 ] ] ] } },
{ "type": "Feature", "properties": { "objectid": 1138, "sa2_code_2021": "216011406", "sa2_name_2021": "Echuca", "change_flag_2021": "0", "change_label_2021": "No change", "sa3_code_2021": "21601", "sa3_name_2021": "Campaspe", "sa4_code_2021": "216", "sa4_name_2021": "Shepparton", "gccsa_code_2021": "2RVIC", "gccsa_name_2021": "Rest of Vic.", "state_code_2021": "2", "state_name_2021": "Victoria", "aus_code_2021": "AUS", "aus_name_2021": "Australia", "area_albers_sqkm": 183.9532, "asgs_loci_uri_2021": "http://linked.data.gov.au/dataset/asgsed3/SA2/216011406", "shape_Length": 0.95786920939424913, "shape_Area": 0.01842463018979942 }, "geometry": { "type": "Polygon", "coordinates": [ [ [ 144.709486081000023, -36.129458566999972 ], [ 144.673376411000049, -36.129478397999947 ], [ 144.667855742000029, -36.068597107999949 ], [ 144.689004751000084, -36.061417247999941 ], [ 144.684240181000064, -36.095531467999933 ], [ 144.719024862000083, -36.085904876999962 ], [ 144.718402331000107, -36.113565127999948 ], [ 144.771554832000106, -36.116017167999985 ], [ 144.77706433100002, -36.129837247999944 ], [ 144.798551382000028, -36.11319969799996 ], [ 144.808491071000049, -36.123279036999975 ], [ 144.810186291000036, -36.102263046999951 ], [ 144.85426282100002, -36.102733887999932 ], [ 144.850235011000109, -36.239490997999951 ], [ 144.831823021000105, -36.248700007999958 ], [ 144.806650211000033, -36.225574277999954 ], [ 144.709591682000109, -36.225403657999948 ], [ 144.709486081000023, -36.129458566999972 ] ] ] } },
{ "type": "Feature", "properties": { "objectid": 1139, "sa2_code_2021": "216011407", "sa2_name_2021": "Kyabram", "change_flag_2021": "0", "change_label_2021": "No change", "sa3_code_2021": "21601", "sa3_name_2021": "Campaspe", "sa4_code_2021": "216", "sa4_name_2021": "Shepparton", "gccsa_code_2021": "2RVIC", "gccsa_name_2021": "Rest of Vic.", "state_code_2021": "2", "state_name_2021": "Victoria", "aus_code_2021": "AUS", "aus_name_2021": "Australia", "area_albers_sqkm": 738.862, "asgs_loci_uri_2021": "http://linked.data.gov.au/dataset/asgsed3/SA2/216011407", "shape_Length": 1.7149846794170815, "shape_Area": 0.074089690120181101 }, "geometry": { "type": "Polygon", "coordinates": [ [ [ 144.831792002000043, -36.398793996999984 ], [ 144.831823021000105, -36.248700007999958 ], [ 144.850235011000109, -36.239490997999951 ], [ 144.849720871000045, -36.093370927999956 ], [ 144.893921601000102, -36.093068587999937 ], [ 144.903857491000053, -36.077814467999929 ], [ 144.939247891000036, -36.11354580699998 ], [ 144.960128741000062, -36.10690565799996 ], [ 144.981424621000087, -36.127030437999963 ], [ 144.97947863100012, -36.123608457999978 ], [ 144.995318422000082, -36.114604267999937 ], [ 145.015310131000092, -36.16135892799997 ], [ 145.028664242000104, -36.148044927999933 ], [ 145.062230621000026, -36.171204187999933 ], [ 145.09106336100001, -36.157748067999933 ], [ 145.131866022000054, -36.180348997999943 ], [ 145.131987011000092, -36.284353996999982 ], [ 145.168422991000057, -36.284343987999932 ], [ 145.186534072000086, -36.328371937999975 ], [ 145.168397012000014, -36.328380997999943 ], [ 145.168437011000037, -36.343083006999962 ], [ 145.104338882000093, -36.342442167999934 ], [ 145.103653092000059, -36.372437997999953 ], [ 144.981080541000097, -36.384277367999971 ], [ 144.981286911000097, -36.355355997999936 ], [ 144.931889521000016, -36.355380216999947 ], [ 144.93190099200001, -36.372632997999972 ], [ 144.909196271000042, -36.372649007999939 ], [ 144.909187511000027, -36.398684997999965 ], [ 144.831792002000043, -36.398793996999984 ] ] ] } },
{ "type": "Feature", "properties": { "objectid": 1140, "sa2_code_2021": "216011408", "sa2_name_2021": "Lockington - Gunbower", "change_flag_2021": "0", "change_label_2021": "No change", "sa3_code_2021": "21601", "sa3_name_2021": "Campaspe", "sa4_code_2021": "216", "sa4_name_2021": "Shepparton", "gccsa_code_2021": "2RVIC", "gccsa_name_2021": "Rest of Vic.", "state_code_2021": "2", "state_name_2021": "Victoria", "aus_code_2021": "AUS", "aus_name_2021": "Australia", "area_albers_sqkm": 1646.4376, "asgs_loci_uri_2021": "http://linked.data.gov.au/dataset/asgsed3/SA2/216011408", "shape_Length": 2.4749310947229164, "shape_Area": 0.16492987384943777 }, "geometry": { "type": "Polygon", "coordinates": [ [ [ 144.309459951000122, -36.037662027999943 ], [ 144.279941022000116, -36.013283637999962 ], [ 144.291402381000012, -35.984427487999938 ], [ 144.260050302000082, -35.949007256999948 ], [ 144.262518832000069, -35.932135586999948 ], [ 144.335567531000038, -35.934196677999978 ], [ 144.353410221000104, -35.919532886999946 ], [ 144.343561681000097, -35.894326486999944 ], [ 144.380831031000071, -35.884138947999929 ], [ 144.42438117100005, -35.900193957999932 ], [ 144.416979182000091, -35.910472186999982 ], [ 144.446973792000108, -35.935531157999947 ], [ 144.466552472000103, -35.933602647999976 ], [ 144.493646851000108, -35.96840472699995 ], [ 144.515160481000066, -35.965465866999978 ], [ 144.515785552000011, -35.994439667999984 ], [ 144.563385011000037, -36.007806117999962 ], [ 144.583275281000056, -36.039025336999941 ], [ 144.615472511000121, -36.03159379799996 ], [ 144.616753522000067, -36.076659527999936 ], [ 144.625274741000112, -36.051771367999947 ], [ 144.65319136200003, -36.05324038699996 ], [ 144.673376411000049, -36.129478397999947 ], [ 144.709486081000023, -36.129458566999972 ], [ 144.709591682000109, -36.225403657999948 ], [ 144.72859500200002, -36.225398976999941 ], [ 144.703451871000084, -36.270964977999938 ], [ 144.644471661000011, -36.27105010799994 ], [ 144.644440022000026, -36.298911997999937 ], [ 144.629821001000096, -36.298942007999983 ], [ 144.629872212, -36.406672927999978 ], [ 144.43021082100006, -36.411304237999957 ], [ 144.415702072000045, -36.396324266999954 ], [ 144.369398871000044, -36.407849397999939 ], [ 144.358321302000036, -36.385183257999984 ], [ 144.330095882000023, -36.385253997999939 ], [ 144.331833612000082, -36.327718167999933 ], [ 144.281728791000091, -36.327723286999969 ], [ 144.266784841000117, -36.224796506999951 ], [ 144.2892366210001, -36.129187707999961 ], [ 144.318668031000016, -36.101198517999933 ], [ 144.309459951000122, -36.037662027999943 ] ] ] } },
{ "type": "Feature", "properties": { "objectid": 1141, "sa2_code_2021": "216011409", "sa2_name_2021": "Rochester", "change_flag_2021": "0", "change_label_2021": "No change", "sa3_code_2021": "21601", "sa3_name_2021": "Campaspe", "sa4_code_2021": "216", "sa4_name_2021": "Shepparton", "gccsa_code_2021": "2RVIC", "gccsa_name_2021": "Rest of Vic.", "state_code_2021": "2", "state_name_2021": "Victoria", "aus_code_2021": "AUS", "aus_name_2021": "Australia", "area_albers_sqkm": 351.6446, "asgs_loci_uri_2021": "http://linked.data.gov.au/dataset/asgsed3/SA2/216011409", "shape_Length": 0.83663664262495485, "shape_Area": 0.03529667094300859 }, "geometry": { "type": "Polygon", "coordinates": [ [ [ 144.629872212, -36.406672927999978 ], [ 144.644471661000011, -36.27105010799994 ], [ 144.703451871000084, -36.270964977999938 ], [ 144.72859500200002, -36.225398976999941 ], [ 144.806650211000033, -36.225574277999954 ], [ 144.831985051000061, -36.248807427999964 ], [ 144.831897011000024, -36.39856700799993 ], [ 144.804482222000047, -36.39903856799998 ], [ 144.804523801000073, -36.427258506999976 ], [ 144.658801451000045, -36.440658907999932 ], [ 144.674261281000099, -36.425500287999967 ], [ 144.668177641000057, -36.40659263799995 ], [ 144.629872212, -36.406672927999978 ] ] ] } },
{ "type": "Feature", "properties": { "objectid": 1142, "sa2_code_2021": "216011410", "sa2_name_2021": "Rushworth", "change_flag_2021": "0", "change_label_2021": "No change", "sa3_code_2021": "21601", "sa3_name_2021": "Campaspe", "sa4_code_2021": "216", "sa4_name_2021": "Shepparton", "gccsa_code_2021": "2RVIC", "gccsa_name_2021": "Rest of Vic.", "state_code_2021": "2", "state_name_2021": "Victoria", "aus_code_2021": "AUS", "aus_name_2021": "Australia", "area_albers_sqkm": 1633.8861, "asgs_loci_uri_2021": "http://linked.data.gov.au/dataset/asgsed3/SA2/216011410", "shape_Length": 2.262261459178645, "shape_Area": 0.1645106693732469 }, "geometry": { "type": "Polygon", "coordinates": [ [ [ 144.525438742000119, -36.659801597999945 ], [ 144.598403881000081, -36.574521926999978 ], [ 144.587219041000026, -36.557899386999964 ], [ 144.60985440200011, -36.556696086999978 ], [ 144.6081703320001, -36.529375046999974 ], [ 144.626024892000032, -36.527385057999936 ], [ 144.611792301000037, -36.497489667999957 ], [ 144.670604021000031, -36.458383497999932 ], [ 144.67094927200003, -36.442304276999948 ], [ 144.714029892000099, -36.441925026999968 ], [ 144.713842801000055, -36.427381657999945 ], [ 144.804523801000073, -36.427258506999976 ], [ 144.804482222000047, -36.39903856799998 ], [ 144.909187511000027, -36.398684997999965 ], [ 144.909196271000042, -36.372649007999939 ], [ 144.93190099200001, -36.372632997999972 ], [ 144.931889521000016, -36.355380216999947 ], [ 144.981286911000097, -36.355355997999936 ], [ 144.981080541000097, -36.384277367999971 ], [ 145.031986071000119, -36.384362517999932 ], [ 145.031970991000094, -36.49898320799997 ], [ 145.149760431000118, -36.499011476999954 ], [ 145.157557711000095, -36.530497167999954 ], [ 145.150005602000078, -36.587213537999958 ], [ 145.131745311000032, -36.587338286999966 ], [ 145.131712532000051, -36.675363317999938 ], [ 145.08735230100001, -36.67546412799993 ], [ 145.043467251000038, -36.650672736999979 ], [ 145.042606432000071, -36.682039437999947 ], [ 145.020492732000093, -36.68196374799993 ], [ 145.017065522000053, -36.668804846999933 ], [ 144.986723251000058, -36.699723896999956 ], [ 144.932150172000092, -36.699676206999982 ], [ 144.931938112000012, -36.747921056999985 ], [ 144.666159121000078, -36.762611856999968 ], [ 144.667105572000082, -36.72540259699997 ], [ 144.518032672000118, -36.725450956999964 ], [ 144.534764162000101, -36.688034877999939 ], [ 144.525438742000119, -36.659801597999945 ] ] ] } },
{ "type": "Feature", "properties": { "objectid": 1143, "sa2_code_2021": "216021411", "sa2_name_2021": "Cobram", "change_flag_2021": "0", "change_label_2021": "No change", "sa3_code_2021": "21602", "sa3_name_2021": "Moira", "sa4_code_2021": "216", "sa4_name_2021": "Shepparton", "gccsa_code_2021": "2RVIC", "gccsa_name_2021": "Rest of Vic.", "state_code_2021": "2", "state_name_2021": "Victoria", "aus_code_2021": "AUS", "aus_name_2021": "Australia", "area_albers_sqkm": 131.7229, "asgs_loci_uri_2021": "http://linked.data.gov.au/dataset/asgsed3/SA2/216021411", "shape_Length": 0.82835306608270198, "shape_Area": 0.013157210257121478 }, "geometry": { "type": "Polygon", "coordinates": [ [ [ 145.628544, -35.984347987999968 ], [ 145.569490581000082, -35.873270617999935 ], [ 145.625415871000087, -35.86217064799996 ], [ 145.620855441000117, -35.884377737999955 ], [ 145.679053061000104, -35.916829077999978 ], [ 145.673864571000081, -35.92589298799993 ], [ 145.720835060000013, -35.934743927999932 ], [ 145.716129281000121, -35.950168607999956 ], [ 145.732140771000104, -35.959800297999948 ], [ 145.778512201000012, -35.960408047999977 ], [ 145.79579802100011, -35.997013997999943 ], [ 145.628544, -35.984347987999968 ] ] ] } },
{ "type": "Feature", "properties": { "objectid": 1144, "sa2_code_2021": "216021412", "sa2_name_2021": "Moira", "change_flag_2021": "0", "change_label_2021": "No change", "sa3_code_2021": "21602", "sa3_name_2021": "Moira", "sa4_code_2021": "216", "sa4_name_2021": "Shepparton", "gccsa_code_2021": "2RVIC", "gccsa_name_2021": "Rest of Vic.", "state_code_2021": "2", "state_name_2021": "Victoria", "aus_code_2021": "AUS", "aus_name_2021": "Australia", "area_albers_sqkm": 1498.8283, "asgs_loci_uri_2021": "http://linked.data.gov.au/dataset/asgsed3/SA2/216021412", "shape_Length": 2.6341664821842263, "shape_Area": 0.15009181554043355 }, "geometry": { "type": "Polygon", "coordinates": [ [ [ 146.131243771000072, -36.019323207999946 ], [ 146.173873671000024, -36.019726317999982 ], [ 146.179228110000054, -36.051365698999973 ], [ 146.198097781000115, -36.04444327799996 ], [ 146.196127761000071, -36.084648457999947 ], [ 146.216447531000085, -36.097333017999972 ], [ 146.204528751000112, -36.125770257999932 ], [ 146.241315711000084, -36.13326264799997 ], [ 146.22884673100009, -36.167114817999959 ], [ 146.246546601000091, -36.176885557999981 ], [ 146.236675870000113, -36.190557757999954 ], [ 146.131051951000018, -36.186790737999956 ], [ 146.131424651000088, -36.255121647999943 ], [ 146.036903041000073, -36.255063247999942 ], [ 146.030937811000058, -36.299008627999967 ], [ 145.631520281000121, -36.299074707999978 ], [ 145.631611461000034, -36.156746497999961 ], [ 145.652144431000011, -36.156771357999958 ], [ 145.652026021000097, -36.113817997999945 ], [ 145.63164800100003, -36.113771987999939 ], [ 145.631816011000069, -36.020001007999952 ], [ 145.695718021000062, -36.026089007999929 ], [ 145.695711961000029, -35.999062997999943 ], [ 145.79579802100011, -35.997013997999943 ], [ 145.795854191000103, -35.98366036799996 ], [ 145.845212531000016, -35.982763047999981 ], [ 145.859711721000053, -35.97335716799995 ], [ 145.854041781000092, -35.959926927999959 ], [ 145.901460040000075, -35.952465657999937 ], [ 145.903750801000115, -35.969381857999963 ], [ 145.954976021000107, -35.962814787999946 ], [ 145.944082811000044, -35.967446277999954 ], [ 145.953874851000023, -35.998539267999945 ], [ 145.931007021000028, -35.995313997999972 ], [ 145.931232991000115, -36.06991699799994 ], [ 146.084862990000033, -36.069970947999934 ], [ 146.084919851000109, -36.040824997999948 ], [ 146.06702387100006, -36.040772967999942 ], [ 146.071526321000078, -36.00982580799996 ], [ 146.093158441000014, -36.02116493799997 ], [ 146.091470401000038, -36.009476667999934 ], [ 146.118718020000074, -36.018014437999966 ], [ 146.134760870000036, -36.002546747999929 ], [ 146.131243771000072, -36.019323207999946 ] ] ] } },
{ "type": "Feature", "properties": { "objectid": 1145, "sa2_code_2021": "216021413", "sa2_name_2021": "Numurkah", "change_flag_2021": "0", "change_label_2021": "No change", "sa3_code_2021": "21602", "sa3_name_2021": "Moira", "sa4_code_2021": "216", "sa4_name_2021": "Shepparton", "gccsa_code_2021": "2RVIC", "gccsa_name_2021": "Rest of Vic.", "state_code_2021": "2", "state_name_2021": "Victoria", "aus_code_2021": "AUS", "aus_name_2021": "Australia", "area_albers_sqkm": 2320.6721, "asgs_loci_uri_2021": "http://linked.data.gov.au/dataset/asgsed3/SA2/216021413", "shape_Length": 3.8789215530671131, "shape_Area": 0.2320052706660696 }, "geometry": { "type": "Polygon", "coordinates": [ [ [ 144.984045531000106, -36.052989537999963 ], [ 144.923615801000096, -35.988951217999954 ], [ 144.931005271000117, -35.968469677999963 ], [ 144.957422972000018, -35.960897987999942 ], [ 144.948907691000045, -35.931681847999982 ], [ 144.974954801000081, -35.883844967999948 ], [ 144.968246301000022, -35.865414017999967 ], [ 145.114224831000115, -35.820531077999931 ], [ 145.158804551000117, -35.830779437999979 ], [ 145.15363853100007, -35.843079877999969 ], [ 145.246353431000102, -35.830343677999963 ], [ 145.258352621000085, -35.850642857999958 ], [ 145.324453111000025, -35.850686257999939 ], [ 145.355177341000058, -35.867084227999953 ], [ 145.410625131000074, -35.848612947999982 ], [ 145.41987382100001, -35.828173837999941 ], [ 145.462526101000094, -35.826869357999954 ], [ 145.47212821100004, -35.809230537999952 ], [ 145.521653750000041, -35.818655397999976 ], [ 145.535696091000091, -35.802004877999934 ], [ 145.53752613100005, -35.821085857999947 ], [ 145.562267551000105, -35.813018507999971 ], [ 145.558072331000062, -35.828330617999939 ], [ 145.593641091000109, -35.849659107999969 ], [ 145.599564241000053, -35.874359197999979 ], [ 145.569490581000082, -35.873270617999935 ], [ 145.574030991000086, -35.899037997999983 ], [ 145.628544, -35.984347987999968 ], [ 145.695664001000068, -35.984651997999947 ], [ 145.695718021000062, -36.026089007999929 ], [ 145.631816011000069, -36.020001007999952 ], [ 145.63164800100003, -36.113771987999939 ], [ 145.652026021000097, -36.113817997999945 ], [ 145.652144431000011, -36.156771357999958 ], [ 145.631611461000034, -36.156746497999961 ], [ 145.63160120100008, -36.199179277999974 ], [ 145.260258781000061, -36.199324727999965 ], [ 145.237652001000015, -36.164607997999951 ], [ 145.223019001000011, -36.170466997999938 ], [ 145.22757201100012, -36.158609997999974 ], [ 145.194354021000095, -36.15884499799995 ], [ 145.182549261000077, -36.184959987999946 ], [ 145.172850991000018, -36.165416997999955 ], [ 145.137933011000086, -36.15404598799995 ], [ 145.1279050710001, -36.183121077999942 ], [ 145.09106336100001, -36.157748067999933 ], [ 145.062230621000026, -36.171204187999933 ], [ 145.028664242000104, -36.148044927999933 ], [ 145.015310131000092, -36.16135892799997 ], [ 144.995318422000082, -36.114604267999937 ], [ 144.981424621000087, -36.127030437999963 ], [ 144.960128741000062, -36.10690565799996 ], [ 144.939247891000036, -36.11354580699998 ], [ 144.903857491000053, -36.077814467999929 ], [ 144.889697641000112, -36.093956637999952 ], [ 144.861148801000013, -36.084661817999972 ], [ 144.848602841000115, -36.109253937999938 ], [ 144.829789171000016, -36.102792926999939 ], [ 144.863259131000063, -36.05915290799993 ], [ 144.932613932000095, -36.067049187999942 ], [ 144.949509191000061, -36.082969797999965 ], [ 144.981635521000044, -36.072572577999949 ], [ 144.984045531000106, -36.052989537999963 ] ] ] } },
{ "type": "Feature", "properties": { "objectid": 1146, "sa2_code_2021": "216021414", "sa2_name_2021": "Yarrawonga", "change_flag_2021": "0", "change_label_2021": "No change", "sa3_code_2021": "21602", "sa3_name_2021": "Moira", "sa4_code_2021": "216", "sa4_name_2021": "Shepparton", "gccsa_code_2021": "2RVIC", "gccsa_name_2021": "Rest of Vic.", "state_code_2021": "2", "state_name_2021": "Victoria", "aus_code_2021": "AUS", "aus_name_2021": "Australia", "area_albers_sqkm": 94.6968, "asgs_loci_uri_2021": "http://linked.data.gov.au/dataset/asgsed3/SA2/216021414", "shape_Length": 0.52893299399446292, "shape_Area": 0.0094698781049296025 }, "geometry": { "type": "Polygon", "coordinates": [ [ [ 145.972069901000054, -36.015747077999947 ], [ 146.053494241000067, -35.996217487999957 ], [ 146.06702387100006, -36.040772967999942 ], [ 146.084919851000109, -36.040824997999948 ], [ 146.084862990000033, -36.069970947999934 ], [ 145.931232991000115, -36.06991699799994 ], [ 145.931007021000028, -35.995313997999972 ], [ 145.964299951000044, -35.996228277999933 ], [ 145.972069901000054, -36.015747077999947 ] ] ] } },
{ "type": "Feature", "properties": { "objectid": 1147, "sa2_code_2021": "216031415", "sa2_name_2021": "Mooroopna", "change_flag_2021": "0", "change_label_2021": "No change", "sa3_code_2021": "21603", "sa3_name_2021": "Shepparton", "sa4_code_2021": "216", "sa4_name_2021": "Shepparton", "gccsa_code_2021": "2RVIC", "gccsa_name_2021": "Rest of Vic.", "state_code_2021": "2", "state_name_2021": "Victoria", "aus_code_2021": "AUS", "aus_name_2021": "Australia", "area_albers_sqkm": 39.9733, "asgs_loci_uri_2021": "http://linked.data.gov.au/dataset/asgsed3/SA2/216031415", "shape_Length": 0.3969786311098808, "shape_Area": 0.00401559047770379 }, "geometry": { "type": "Polygon", "coordinates": [ [ [ 145.331602012000076, -36.38550198799993 ], [ 145.332804982000084, -36.352083997999955 ], [ 145.35452525200003, -36.34747325799998 ], [ 145.37124382200011, -36.362594736999938 ], [ 145.38280622100001, -36.386188616999959 ], [ 145.361292831000014, -36.396552407999934 ], [ 145.377711992000059, -36.412893996999969 ], [ 145.368114751000121, -36.435288657999934 ], [ 145.313592141000072, -36.437985986999934 ], [ 145.323944021000102, -36.416930987999933 ], [ 145.313612991000014, -36.40117799799998 ], [ 145.331602012000076, -36.38550198799993 ] ] ] } },
{ "type": "Feature", "properties": { "objectid": 1148, "sa2_code_2021": "216031416", "sa2_name_2021": "Shepparton - North", "change_flag_2021": "0", "change_label_2021": "No change", "sa3_code_2021": "21603", "sa3_name_2021": "Shepparton", "sa4_code_2021": "216", "sa4_name_2021": "Shepparton", "gccsa_code_2021": "2RVIC", "gccsa_name_2021": "Rest of Vic.", "state_code_2021": "2", "state_name_2021": "Victoria", "aus_code_2021": "AUS", "aus_name_2021": "Australia", "area_albers_sqkm": 65.6581, "asgs_loci_uri_2021": "http://linked.data.gov.au/dataset/asgsed3/SA2/216031416", "shape_Length": 0.40416795195769789, "shape_Area": 0.0065911699485830732 }, "geometry": { "type": "Polygon", "coordinates": [ [ [ 145.35452525200003, -36.34747325799998 ], [ 145.357786421000014, -36.295458867999969 ], [ 145.415687862000027, -36.299232917999973 ], [ 145.415768021000076, -36.324320987999954 ], [ 145.447147431000076, -36.324336287999984 ], [ 145.452348972000095, -36.377596996999955 ], [ 145.38280622100001, -36.386188616999959 ], [ 145.35452525200003, -36.34747325799998 ] ] ] } },
{ "type": "Feature", "properties": { "objectid": 1149, "sa2_code_2021": "216031418", "sa2_name_2021": "Shepparton Surrounds - East", "change_flag_2021": "3", "change_label_2021": "Name change", "sa3_code_2021": "21603", "sa3_name_2021": "Shepparton", "sa4_code_2021": "216", "sa4_name_2021": "Shepparton", "gccsa_code_2021": "2RVIC", "gccsa_name_2021": "Rest of Vic.", "state_code_2021": "2", "state_name_2021": "Victoria", "aus_code_2021": "AUS", "aus_name_2021": "Australia", "area_albers_sqkm": 1055.5777, "asgs_loci_uri_2021": "http://linked.data.gov.au/dataset/asgsed3/SA2/216031418", "shape_Length": 2.6704880767036121, "shape_Area": 0.10600623060995126 }, "geometry": { "type": "Polygon", "coordinates": [ [ [ 145.260258781000061, -36.199324727999965 ], [ 145.63160120100008, -36.199179277999974 ], [ 145.631520281000121, -36.299074707999978 ], [ 145.780683481000096, -36.299056407999956 ], [ 145.765300011000022, -36.348876007999934 ], [ 145.732174031000113, -36.344437997999933 ], [ 145.729703171000097, -36.399847947999945 ], [ 145.747511011000029, -36.402184997999939 ], [ 145.760062331000086, -36.429809487999933 ], [ 145.724427351000031, -36.424608117999981 ], [ 145.731870021000077, -36.499036416999957 ], [ 145.631560321000052, -36.499046317999955 ], [ 145.631722681000042, -36.563298477999979 ], [ 145.353585961000022, -36.556102787999976 ], [ 145.318912572000045, -36.612402027999963 ], [ 145.30133679100004, -36.611940137999966 ], [ 145.314598782000076, -36.596498987999951 ], [ 145.297931931000107, -36.586787996999931 ], [ 145.333617472000014, -36.558841627999982 ], [ 145.321417561000089, -36.551125667999941 ], [ 145.33350651100011, -36.526168516999974 ], [ 145.314690651000092, -36.502626576999944 ], [ 145.461932271000023, -36.49907100799993 ], [ 145.462022022000042, -36.434429997999985 ], [ 145.526578991000065, -36.422561007999946 ], [ 145.531700011000112, -36.398956006999981 ], [ 145.502801281000075, -36.388314547999983 ], [ 145.498131981000029, -36.364668987999949 ], [ 145.454385021000121, -36.36467100699997 ], [ 145.447102211000015, -36.324248527999941 ], [ 145.415768021000076, -36.324320987999954 ], [ 145.415687862000027, -36.299232917999973 ], [ 145.364792991000058, -36.301217006999934 ], [ 145.323898432000078, -36.249939487999939 ], [ 145.270184191000112, -36.243518037999934 ], [ 145.274776991000067, -36.218050086999938 ], [ 145.260258781000061, -36.199324727999965 ] ] ] } },
{ "type": "Feature", "properties": { "objectid": 1150, "sa2_code_2021": "216031419", "sa2_name_2021": "Shepparton Surrounds - West", "change_flag_2021": "3", "change_label_2021": "Name change", "sa3_code_2021": "21603", "sa3_name_2021": "Shepparton", "sa4_code_2021": "216", "sa4_name_2021": "Shepparton", "gccsa_code_2021": "2RVIC", "gccsa_name_2021": "Rest of Vic.", "state_code_2021": "2", "state_name_2021": "Victoria", "aus_code_2021": "AUS", "aus_name_2021": "Australia", "area_albers_sqkm": 1028.6793, "asgs_loci_uri_2021": "http://linked.data.gov.au/dataset/asgsed3/SA2/216031419", "shape_Length": 2.756701664817947, "shape_Area": 0.1033697612739289 }, "geometry": { "type": "Polygon", "coordinates": [ [ [ 145.104338882000093, -36.342442167999934 ], [ 145.186534072000086, -36.328371937999975 ], [ 145.186549002000106, -36.306394987999965 ], [ 145.168422991000057, -36.284343987999932 ], [ 145.131987011000092, -36.284353996999982 ], [ 145.137933011000086, -36.15404598799995 ], [ 145.172850991000018, -36.165416997999955 ], [ 145.182549261000077, -36.184959987999946 ], [ 145.194354021000095, -36.15884499799995 ], [ 145.228992011000059, -36.158891996999955 ], [ 145.223019001000011, -36.170466997999938 ], [ 145.237652001000015, -36.164607997999951 ], [ 145.268624871000043, -36.201551127999949 ], [ 145.270184191000112, -36.243518037999934 ], [ 145.323898432000078, -36.249939487999939 ], [ 145.350179091000086, -36.288922077999985 ], [ 145.365642311000101, -36.28743163799993 ], [ 145.351133632000028, -36.351232437999954 ], [ 145.326221002000011, -36.357591997999975 ], [ 145.313592141000072, -36.437985986999934 ], [ 145.339232011000036, -36.445709997999984 ], [ 145.348828551000111, -36.434659377999935 ], [ 145.378667881000069, -36.454906147999964 ], [ 145.372919101000093, -36.495842126999946 ], [ 145.360772301000111, -36.509059287999946 ], [ 145.315499671000111, -36.502403566999931 ], [ 145.310770661000106, -36.509763586999952 ], [ 145.329509571000017, -36.517192517999945 ], [ 145.321453552000094, -36.551786666999931 ], [ 145.333617472000014, -36.558841627999982 ], [ 145.29784893100009, -36.586993997999969 ], [ 145.314607792000061, -36.59657098699995 ], [ 145.301111851000087, -36.607944116999931 ], [ 145.311490441000046, -36.614117697999973 ], [ 145.302517791000014, -36.641939036999929 ], [ 145.212378451000063, -36.647981637999976 ], [ 145.203865922000091, -36.661403426999982 ], [ 145.223208002000092, -36.685907006999969 ], [ 145.185685231000093, -36.686331267999947 ], [ 145.178447022000114, -36.700559096999939 ], [ 145.168534061000059, -36.675296806999938 ], [ 145.131712201000028, -36.675453157999982 ], [ 145.131745311000032, -36.587338286999966 ], [ 145.150005602000078, -36.587213537999958 ], [ 145.154820981000057, -36.559646377999968 ], [ 145.149760431000118, -36.499011476999954 ], [ 145.031970991000094, -36.49898320799997 ], [ 145.031993552000017, -36.372487887999966 ], [ 145.103653092000059, -36.372437997999953 ], [ 145.104338882000093, -36.342442167999934 ] ] ] } },
{ "type": "Feature", "properties": { "objectid": 1151, "sa2_code_2021": "216031593", "sa2_name_2021": "Kialla", "change_flag_2021": "1", "change_label_2021": "New", "sa3_code_2021": "21603", "sa3_name_2021": "Shepparton", "sa4_code_2021": "216", "sa4_name_2021": "Shepparton", "gccsa_code_2021": "2RVIC", "gccsa_name_2021": "Rest of Vic.", "state_code_2021": "2", "state_name_2021": "Victoria", "aus_code_2021": "AUS", "aus_name_2021": "Australia", "area_albers_sqkm": 77.4435, "asgs_loci_uri_2021": "http://linked.data.gov.au/dataset/asgsed3/SA2/216031593", "shape_Length": 0.4998998456445336, "shape_Area": 0.0077853764303901325 }, "geometry": { "type": "Polygon", "coordinates": [ [ [ 145.375153551000039, -36.421808316999943 ], [ 145.36348367100004, -36.402747617999978 ], [ 145.382379131000107, -36.397168647999933 ], [ 145.461107001000073, -36.43313399799996 ], [ 145.461932271000023, -36.49907100799993 ], [ 145.36887015100001, -36.49877917799995 ], [ 145.378667881000069, -36.454906147999964 ], [ 145.350586431000011, -36.436277286999939 ], [ 145.375153551000039, -36.421808316999943 ] ] ] } },
{ "type": "Feature", "properties": { "objectid": 1152, "sa2_code_2021": "216031594", "sa2_name_2021": "Shepparton - South East", "change_flag_2021": "1", "change_label_2021": "New", "sa3_code_2021": "21603", "sa3_name_2021": "Shepparton", "sa4_code_2021": "216", "sa4_name_2021": "Shepparton", "gccsa_code_2021": "2RVIC", "gccsa_name_2021": "Rest of Vic.", "state_code_2021": "2", "state_name_2021": "Victoria", "aus_code_2021": "AUS", "aus_name_2021": "Australia", "area_albers_sqkm": 65.8306, "asgs_loci_uri_2021": "http://linked.data.gov.au/dataset/asgsed3/SA2/216031594", "shape_Length": 0.50435069251832643, "shape_Area": 0.0066132315623634551 }, "geometry": { "type": "Polygon", "coordinates": [ [ [ 145.462232011000083, -36.434476007999933 ], [ 145.361292831000014, -36.396552407999934 ], [ 145.393991861000018, -36.379841897999938 ], [ 145.431810641000084, -36.386806757999977 ], [ 145.452371061000122, -36.364672397999982 ], [ 145.498131981000029, -36.364668987999949 ], [ 145.502801281000075, -36.388314547999983 ], [ 145.531658001000096, -36.408464007999953 ], [ 145.526578991000065, -36.422561007999946 ], [ 145.462232011000083, -36.434476007999933 ] ] ] } },
{ "type": "Feature", "properties": { "objectid": 1153, "sa2_code_2021": "217011420", "sa2_name_2021": "Glenelg (Vic.)", "change_flag_2021": "0", "change_label_2021": "No change", "sa3_code_2021": "21701", "sa3_name_2021": "Glenelg - Southern Grampians", "sa4_code_2021": "217", "sa4_name_2021": "Warrnambool and South West", "gccsa_code_2021": "2RVIC", "gccsa_name_2021": "Rest of Vic.", "state_code_2021": "2", "state_name_2021": "Victoria", "aus_code_2021": "AUS", "aus_name_2021": "Australia", "area_albers_sqkm": 6121.4257, "asgs_loci_uri_2021": "http://linked.data.gov.au/dataset/asgsed3/SA2/217011420", "shape_Length": 5.4050879830261067, "shape_Area": 0.62678150691714218 }, "geometry": { "type": "Polygon", "coordinates": [ [ [ 140.965796004000026, -38.055998345999967 ], [ 140.973173423000048, -37.358237075999966 ], [ 141.097258073000035, -37.44988163499994 ], [ 141.16823747300009, -37.419880315999933 ], [ 141.263839474000065, -37.430090005999944 ], [ 141.280511393000097, -37.394513535999977 ], [ 141.220880983000029, -37.364574135999931 ], [ 141.22100377300012, -37.348705265999968 ], [ 141.446235303000094, -37.374010195999972 ], [ 141.462232923000101, -37.383741985999961 ], [ 141.453727953000111, -37.421029975999943 ], [ 141.491580753000108, -37.42530349599997 ], [ 141.486644303000048, -37.452516645999935 ], [ 141.538111023000056, -37.436303005999946 ], [ 141.5409240030001, -37.419918995999979 ], [ 141.57848699300007, -37.425763995999944 ], [ 141.548098993000053, -37.501021995999963 ], [ 141.528129993000107, -37.500548395999942 ], [ 141.473483033000093, -37.559548985999982 ], [ 141.517824173, -37.563379615999963 ], [ 141.510160013000018, -37.607326995999983 ], [ 141.569998003000023, -37.609948995999957 ], [ 141.587352004000081, -37.644441995999955 ], [ 141.641352003000065, -37.643334985999957 ], [ 141.712346003000107, -37.712656005999975 ], [ 141.788918113000022, -37.725525045999973 ], [ 141.79865700400012, -37.745035995999956 ], [ 141.770393993000084, -37.758949945999973 ], [ 141.770487804000027, -37.779420595999966 ], [ 141.726110773000073, -37.769261585999971 ], [ 141.733752373000016, -37.807954225999936 ], [ 141.706356133000099, -37.851596995999955 ], [ 141.651169923000111, -37.857156025999984 ], [ 141.651281173000029, -37.871924045999947 ], [ 141.67544530400005, -37.878482155999961 ], [ 141.651174993000041, -37.901376985999946 ], [ 141.771327153000016, -37.914921985999968 ], [ 141.796746373000019, -37.907538835999958 ], [ 141.799879713000109, -37.889682465999954 ], [ 141.868991193000056, -37.913189215999978 ], [ 141.867753874000073, -37.963292045999935 ], [ 141.846838063000064, -37.961302795999984 ], [ 141.833537424000042, -38.013233955999965 ], [ 141.871027013000116, -38.026320984999984 ], [ 141.858951023000031, -38.074842995999973 ], [ 141.846048893000102, -38.077431804999947 ], [ 141.869380903000092, -38.113102745999981 ], [ 141.850914124000042, -38.122809035999978 ], [ 141.850864083000033, -38.174396765999973 ], [ 141.850943764000021, -38.211160764999931 ], [ 141.869588583000109, -38.210719535999942 ], [ 141.869558434000055, -38.26431303499993 ], [ 141.704747903000111, -38.258014804999959 ], [ 141.603240454000115, -38.311497025999984 ], [ 141.582033993000096, -38.30437752499995 ], [ 141.585605704000045, -38.279888724999978 ], [ 141.555866013000013, -38.276932994999981 ], [ 141.531839044000094, -38.334136915999977 ], [ 141.586133743000119, -38.372280645999979 ], [ 141.550278194000043, -38.432110945999966 ], [ 141.526188304000016, -38.423080204999962 ], [ 141.519234794000113, -38.39002897599994 ], [ 141.461019554000018, -38.362096455999961 ], [ 141.4070680640001, -38.369077205999929 ], [ 141.413231673000041, -38.396287424999969 ], [ 141.372470774000021, -38.385381774999985 ], [ 141.365531434000104, -38.365316675999964 ], [ 141.397693403000062, -38.33855396499996 ], [ 141.392104053000025, -38.31972882499997 ], [ 141.295279593000032, -38.220640515999946 ], [ 141.150128503000019, -38.126840975999983 ], [ 140.965796004000026, -38.055998345999967 ] ] ] } },
{ "type": "Feature", "properties": { "objectid": 1154, "sa2_code_2021": "217011421", "sa2_name_2021": "Hamilton (Vic.)", "change_flag_2021": "0", "change_label_2021": "No change", "sa3_code_2021": "21701", "sa3_name_2021": "Glenelg - Southern Grampians", "sa4_code_2021": "217", "sa4_name_2021": "Warrnambool and South West", "gccsa_code_2021": "2RVIC", "gccsa_name_2021": "Rest of Vic.", "state_code_2021": "2", "state_name_2021": "Victoria", "aus_code_2021": "AUS", "aus_name_2021": "Australia", "area_albers_sqkm": 198.3369, "asgs_loci_uri_2021": "http://linked.data.gov.au/dataset/asgsed3/SA2/217011421", "shape_Length": 0.83696151053796397, "shape_Area": 0.020275223895678023 }, "geometry": { "type": "Polygon", "coordinates": [ [ [ 141.939305003000072, -37.72489199599994 ], [ 141.95321501300009, -37.712192985999934 ], [ 141.962280993000036, -37.660625995999965 ], [ 142.098132023000062, -37.675741995999942 ], [ 142.06507397300004, -37.713842005999936 ], [ 142.086744023000051, -37.727192985999977 ], [ 142.072214023000015, -37.803364005999981 ], [ 142.098742993000087, -37.826527005999935 ], [ 141.98226098300006, -37.831784995999953 ], [ 141.986758033000115, -37.806708985999933 ], [ 141.930855003000033, -37.80682505599998 ], [ 141.930902013000036, -37.785066005999965 ], [ 141.969077003000052, -37.765191985999934 ], [ 141.961031013000024, -37.736685985999941 ], [ 141.939305003000072, -37.72489199599994 ] ] ] } },
{ "type": "Feature", "properties": { "objectid": 1155, "sa2_code_2021": "217011422", "sa2_name_2021": "Portland", "change_flag_2021": "0", "change_label_2021": "No change", "sa3_code_2021": "21701", "sa3_name_2021": "Glenelg - Southern Grampians", "sa4_code_2021": "217", "sa4_name_2021": "Warrnambool and South West", "gccsa_code_2021": "2RVIC", "gccsa_name_2021": "Rest of Vic.", "state_code_2021": "2", "state_name_2021": "Victoria", "aus_code_2021": "AUS", "aus_name_2021": "Australia", "area_albers_sqkm": 63.985, "asgs_loci_uri_2021": "http://linked.data.gov.au/dataset/asgsed3/SA2/217011422", "shape_Length": 0.54091836123509096, "shape_Area": 0.0065933816964728201 }, "geometry": { "type": "Polygon", "coordinates": [ [ [ 141.586133743000119, -38.372280645999979 ], [ 141.531839044000094, -38.334136915999977 ], [ 141.539774033000072, -38.295118994999939 ], [ 141.552046034000114, -38.296355994999942 ], [ 141.543653583000037, -38.286475465999956 ], [ 141.585605704000045, -38.279888724999978 ], [ 141.582033993000096, -38.30437752499995 ], [ 141.603598014000113, -38.30911363499996 ], [ 141.607930994000071, -38.342272055999956 ], [ 141.623593583000115, -38.341701015999945 ], [ 141.650222193000104, -38.39315619599995 ], [ 141.627968474000113, -38.393458394999982 ], [ 141.625491733000104, -38.406412515999932 ], [ 141.583651014000111, -38.388268914999969 ], [ 141.586133743000119, -38.372280645999979 ] ] ] } },
{ "type": "Feature", "properties": { "objectid": 1156, "sa2_code_2021": "217011423", "sa2_name_2021": "Southern Grampians", "change_flag_2021": "0", "change_label_2021": "No change", "sa3_code_2021": "21701", "sa3_name_2021": "Glenelg - Southern Grampians", "sa4_code_2021": "217", "sa4_name_2021": "Warrnambool and South West", "gccsa_code_2021": "2RVIC", "gccsa_name_2021": "Rest of Vic.", "state_code_2021": "2", "state_name_2021": "Victoria", "aus_code_2021": "AUS", "aus_name_2021": "Australia", "area_albers_sqkm": 6562.6438, "asgs_loci_uri_2021": "http://linked.data.gov.au/dataset/asgsed3/SA2/217011423", "shape_Length": 6.9497365744047652, "shape_Area": 0.66902478915893659 }, "geometry": { "type": "Polygon", "coordinates": [ [ [ 141.572444023000116, -37.461718985999937 ], [ 141.57848699300007, -37.425763995999944 ], [ 141.548652003000029, -37.419395005999945 ], [ 141.486644303000048, -37.452516645999935 ], [ 141.491580753000108, -37.42530349599997 ], [ 141.453727953000111, -37.421029975999943 ], [ 141.462232923000101, -37.383741985999961 ], [ 141.431530473000066, -37.372302015999935 ], [ 141.431506093000053, -37.297535785999969 ], [ 141.531444003000047, -37.297642985999971 ], [ 141.489554013000088, -37.246684995999942 ], [ 141.491324993000035, -37.220707005999941 ], [ 141.508106013000088, -37.209834995999984 ], [ 141.631925003000106, -37.155246985999952 ], [ 141.639660013000025, -37.165436995999983 ], [ 141.672364013000106, -37.152269985999965 ], [ 141.724569013000064, -37.188015005999944 ], [ 141.800764983000022, -37.166674995999983 ], [ 141.810893993000036, -37.177328995999972 ], [ 141.840179983000098, -37.168158995999931 ], [ 141.840538013000014, -37.152510985999982 ], [ 141.908874992000051, -37.13484800599997 ], [ 141.910734993000119, -37.113433995999969 ], [ 141.935587003000023, -37.170801996999955 ], [ 141.912771993000092, -37.202360996999971 ], [ 141.999764553000091, -37.224329695999984 ], [ 142.079678023000042, -37.223596995999969 ], [ 142.114487703, -37.112054045999969 ], [ 142.1875380030001, -37.112788995999949 ], [ 142.20625502200005, -37.087295995999966 ], [ 142.241017003000024, -37.149925005999933 ], [ 142.42308962300001, -37.260096575999967 ], [ 142.516351462000102, -37.293226815999958 ], [ 142.478004563000013, -37.400937145999933 ], [ 142.379098873000089, -37.510602615999971 ], [ 142.353480212000022, -37.597984105999956 ], [ 142.587114013000019, -37.626972995999949 ], [ 142.618769993000114, -37.646847986999944 ], [ 142.590161003000048, -37.76511798599995 ], [ 142.614718933000063, -37.810348025999929 ], [ 142.529743063000069, -37.798525975999951 ], [ 142.525267683000038, -37.821063565999964 ], [ 142.473998323000046, -37.798996415999966 ], [ 142.469205873000078, -37.822078975999943 ], [ 142.449779883000019, -37.826023045999932 ], [ 142.466685993000056, -37.834926005999932 ], [ 142.450134003000016, -37.918430985999976 ], [ 142.409000003000074, -37.898161995999942 ], [ 142.413603013000056, -37.932233005999933 ], [ 142.273648003000062, -37.933728985999949 ], [ 142.280184963000011, -37.984625815999948 ], [ 142.250234013000068, -37.997307995999961 ], [ 142.231701983000107, -37.997508995999965 ], [ 142.217422013000032, -37.975007005999942 ], [ 142.216883013000029, -37.934434005999947 ], [ 142.133860993000098, -37.956512995999958 ], [ 142.084774003000121, -37.947355995999942 ], [ 142.074528013000076, -37.962181985999962 ], [ 142.022302033000074, -37.963816995999935 ], [ 142.01657298300006, -37.980284995999966 ], [ 141.927496053000027, -37.98407270499996 ], [ 141.915726003000032, -37.969643995999945 ], [ 141.8641898730001, -37.972120185999984 ], [ 141.868991193000056, -37.913189215999978 ], [ 141.84250635300009, -37.898815045999982 ], [ 141.799879713000109, -37.889682465999954 ], [ 141.796746373000019, -37.907538835999958 ], [ 141.771327153000016, -37.914921985999968 ], [ 141.651174993000041, -37.901376985999946 ], [ 141.67544530400005, -37.878482155999961 ], [ 141.651281173000029, -37.871924045999947 ], [ 141.651169923000111, -37.857156025999984 ], [ 141.706356133000099, -37.851596995999955 ], [ 141.728018994000081, -37.827826515999959 ], [ 141.726110773000073, -37.769261585999971 ], [ 141.770487804000027, -37.779420595999966 ], [ 141.770393993000084, -37.758949945999973 ], [ 141.79865700400012, -37.745035995999956 ], [ 141.788918113000022, -37.725525045999973 ], [ 141.691815003000102, -37.701783995999961 ], [ 141.687304993000112, -37.680507005999971 ], [ 141.666833023000095, -37.676990005999983 ], [ 141.641352003000065, -37.643334985999957 ], [ 141.587448983000058, -37.644484005999971 ], [ 141.569998003000023, -37.609948995999957 ], [ 141.510160013000018, -37.607326995999983 ], [ 141.517824173, -37.563379615999963 ], [ 141.472018103000096, -37.553480985999954 ], [ 141.511001053000086, -37.514299945999937 ], [ 141.527278083000056, -37.51618102599997 ], [ 141.528129993000107, -37.500548395999942 ], [ 141.548098993000053, -37.501021995999963 ], [ 141.558681733000071, -37.460241915999973 ], [ 141.572444023000116, -37.461718985999937 ] ], [ [ 141.9622620130001, -37.660727005999945 ], [ 141.95321501300009, -37.712192985999934 ], [ 141.942851023000117, -37.709734005999962 ], [ 141.939305003000072, -37.72489199599994 ], [ 141.961031013000024, -37.736685985999941 ], [ 141.968290023, -37.770588995999958 ], [ 141.930902013000036, -37.785066005999965 ], [ 141.930855003000033, -37.80682505599998 ], [ 141.986758033000115, -37.806708985999933 ], [ 141.98226098300006, -37.831784995999953 ], [ 142.098742993000087, -37.826527005999935 ], [ 142.072214023000015, -37.803364005999981 ], [ 142.086744023000051, -37.727192985999977 ], [ 142.06507397300004, -37.713842005999936 ], [ 142.098132023000062, -37.675741995999942 ], [ 141.9622620130001, -37.660727005999945 ] ] ] } },
{ "type": "Feature", "properties": { "objectid": 1157, "sa2_code_2021": "217031471", "sa2_name_2021": "Camperdown", "change_flag_2021": "0", "change_label_2021": "No change", "sa3_code_2021": "21703", "sa3_name_2021": "Colac - Corangamite", "sa4_code_2021": "217", "sa4_name_2021": "Warrnambool and South West", "gccsa_code_2021": "2RVIC", "gccsa_name_2021": "Rest of Vic.", "state_code_2021": "2", "state_name_2021": "Victoria", "aus_code_2021": "AUS", "aus_name_2021": "Australia", "area_albers_sqkm": 98.1179, "asgs_loci_uri_2021": "http://linked.data.gov.au/dataset/asgsed3/SA2/217031471", "shape_Length": 0.59374556496198438, "shape_Area": 0.010095328464819706 }, "geometry": { "type": "Polygon", "coordinates": [ [ [ 143.092388153000115, -38.271486595999932 ], [ 143.094804853000028, -38.216591005999931 ], [ 143.116116943000065, -38.21519703599995 ], [ 143.112112023, -38.186354995999977 ], [ 143.152412033000019, -38.197771015999933 ], [ 143.192951013000084, -38.162439995999932 ], [ 143.23108895300004, -38.188071985999954 ], [ 143.204804863000049, -38.214014865999957 ], [ 143.217575993000082, -38.273801005999985 ], [ 143.092388153000115, -38.271486595999932 ] ] ] } },
{ "type": "Feature", "properties": { "objectid": 1158, "sa2_code_2021": "217031472", "sa2_name_2021": "Colac", "change_flag_2021": "0", "change_label_2021": "No change", "sa3_code_2021": "21703", "sa3_name_2021": "Colac - Corangamite", "sa4_code_2021": "217", "sa4_name_2021": "Warrnambool and South West", "gccsa_code_2021": "2RVIC", "gccsa_name_2021": "Rest of Vic.", "state_code_2021": "2", "state_name_2021": "Victoria", "aus_code_2021": "AUS", "aus_name_2021": "Australia", "area_albers_sqkm": 54.7344, "asgs_loci_uri_2021": "http://linked.data.gov.au/dataset/asgsed3/SA2/217031472", "shape_Length": 0.39729789102618657, "shape_Area": 0.0056415862044776211 }, "geometry": { "type": "Polygon", "coordinates": [ [ [ 143.526792832000069, -38.346786225999949 ], [ 143.530464033000044, -38.317882895999958 ], [ 143.626778263000119, -38.328535975999955 ], [ 143.612464203000059, -38.346416735999981 ], [ 143.623362443000019, -38.347655245999931 ], [ 143.613820513000064, -38.400618185999974 ], [ 143.550740913000027, -38.393526105999968 ], [ 143.55359700300005, -38.371159115999944 ], [ 143.535278643000083, -38.371692035999956 ], [ 143.541228763000049, -38.344214855999951 ], [ 143.526792832000069, -38.346786225999949 ] ] ] } },
{ "type": "Feature", "properties": { "objectid": 1159, "sa2_code_2021": "217031473", "sa2_name_2021": "Colac Surrounds", "change_flag_2021": "3", "change_label_2021": "Name change", "sa3_code_2021": "21703", "sa3_name_2021": "Colac - Corangamite", "sa4_code_2021": "217", "sa4_name_2021": "Warrnambool and South West", "gccsa_code_2021": "2RVIC", "gccsa_name_2021": "Rest of Vic.", "state_code_2021": "2", "state_name_2021": "Victoria", "aus_code_2021": "AUS", "aus_name_2021": "Australia", "area_albers_sqkm": 1934.2762, "asgs_loci_uri_2021": "http://linked.data.gov.au/dataset/asgsed3/SA2/217031473", "shape_Length": 3.6869594079871479, "shape_Area": 0.19920500239388653 }, "geometry": { "type": "Polygon", "coordinates": [ [ [ 143.548243033000062, -38.103676775999929 ], [ 143.594806492000089, -38.108207425999979 ], [ 143.634858593000104, -38.089157925999984 ], [ 143.611856443000079, -38.050320635999981 ], [ 143.628913113000067, -38.023406595999973 ], [ 143.829714612000089, -38.022363085999984 ], [ 143.818591563000041, -38.080150385999957 ], [ 143.828410463000068, -38.092193926999983 ], [ 143.809865362000096, -38.12769884599993 ], [ 143.900686413000017, -38.138542005999966 ], [ 143.922018993000052, -38.162138035999931 ], [ 143.915864033000048, -38.190375995999943 ], [ 143.889225423000084, -38.20013853599994 ], [ 143.880487023000114, -38.24746599599996 ], [ 143.841323473000102, -38.242912795999985 ], [ 143.833841523000046, -38.29098378599997 ], [ 143.878780393000056, -38.276204965999966 ], [ 143.834937363000108, -38.510573995999948 ], [ 143.85528436300001, -38.523960855999974 ], [ 143.838944912000102, -38.558270265999965 ], [ 143.773457783000026, -38.575525955999979 ], [ 143.731133993000071, -38.537539295999977 ], [ 143.741385093000076, -38.479285795999942 ], [ 143.64445678200002, -38.487507745999949 ], [ 143.641801083000018, -38.451619965999953 ], [ 143.639794413000118, -38.462161845999958 ], [ 143.584659453000086, -38.456532605999939 ], [ 143.557956053000112, -38.477516025999932 ], [ 143.502968143000089, -38.471012005999967 ], [ 143.487550073000079, -38.515148185999976 ], [ 143.453643143000022, -38.510827455999959 ], [ 143.451531473000045, -38.492606495999951 ], [ 143.3989480030001, -38.496901525999931 ], [ 143.373464983000076, -38.515258965999976 ], [ 143.361943533000044, -38.485082265999949 ], [ 143.320876983000062, -38.453946995999956 ], [ 143.263784963000035, -38.446823675999951 ], [ 143.28596966300006, -38.331565285999943 ], [ 143.340647462000106, -38.325959845999932 ], [ 143.421982313000058, -38.348707095999941 ], [ 143.430920103000062, -38.30891444599996 ], [ 143.483193793000055, -38.263587485999949 ], [ 143.439746093000053, -38.252394795999976 ], [ 143.436722033000024, -38.234724025999981 ], [ 143.423035992000109, -38.237962785999969 ], [ 143.427758112000106, -38.248629885999947 ], [ 143.414738593000038, -38.252076105999947 ], [ 143.409766932000025, -38.200863775999949 ], [ 143.437916163000068, -38.187029955999947 ], [ 143.454866072000073, -38.197575915999948 ], [ 143.470418793000022, -38.181376535999959 ], [ 143.469158163000088, -38.121265835999964 ], [ 143.51131285200006, -38.129893495999966 ], [ 143.548243033000062, -38.103676775999929 ] ], [ [ 143.626778263000119, -38.328535975999955 ], [ 143.530464033000044, -38.317882895999958 ], [ 143.535278643000083, -38.371692035999956 ], [ 143.55359700300005, -38.371159115999944 ], [ 143.550740913000027, -38.393526105999968 ], [ 143.613820513000064, -38.400618185999974 ], [ 143.623362443000019, -38.347655245999931 ], [ 143.612464203000059, -38.346416735999981 ], [ 143.626778263000119, -38.328535975999955 ] ] ] } },
{ "type": "Feature", "properties": { "objectid": 1160, "sa2_code_2021": "217031474", "sa2_name_2021": "Corangamite - North", "change_flag_2021": "0", "change_label_2021": "No change", "sa3_code_2021": "21703", "sa3_name_2021": "Colac - Corangamite", "sa4_code_2021": "217", "sa4_name_2021": "Warrnambool and South West", "gccsa_code_2021": "2RVIC", "gccsa_name_2021": "Rest of Vic.", "state_code_2021": "2", "state_name_2021": "Victoria", "aus_code_2021": "AUS", "aus_name_2021": "Australia", "area_albers_sqkm": 2538.3285, "asgs_loci_uri_2021": "http://linked.data.gov.au/dataset/asgsed3/SA2/217031474", "shape_Length": 4.5691590127280799, "shape_Area": 0.26044307080726203 }, "geometry": { "type": "Polygon", "coordinates": [ [ [ 143.092921923000063, -37.904001305999941 ], [ 143.072240953000119, -37.895175785999982 ], [ 143.101232353000114, -37.882964345999937 ], [ 143.07953726300002, -37.863836355999979 ], [ 143.107280622000076, -37.843428916999983 ], [ 143.095203322000089, -37.818550895999977 ], [ 143.110501353000018, -37.777028495999957 ], [ 143.16552940300005, -37.765265845999977 ], [ 143.184761623000099, -37.730872395999938 ], [ 143.231886373000066, -37.746436986999981 ], [ 143.267097773000046, -37.733495515999948 ], [ 143.271944063000092, -37.75336658599997 ], [ 143.304138702000046, -37.756601205999971 ], [ 143.353866993000111, -37.670375606999983 ], [ 143.464743703000067, -37.658929135999983 ], [ 143.440711922000105, -37.784849475999977 ], [ 143.452497953000034, -37.877303155999982 ], [ 143.442775083000015, -37.905669355999976 ], [ 143.47711727300009, -37.924366045999932 ], [ 143.479410462000033, -37.940849986999979 ], [ 143.610712932000069, -37.95819686599998 ], [ 143.65621693200012, -38.010852025999952 ], [ 143.611888382000075, -38.035189095999954 ], [ 143.634858593000104, -38.089157925999984 ], [ 143.594806492000089, -38.108207425999979 ], [ 143.552571973000113, -38.101594716999955 ], [ 143.510796883000012, -38.130000485999972 ], [ 143.469158163000088, -38.121265835999964 ], [ 143.470418793000022, -38.181376535999959 ], [ 143.454866072000073, -38.197575915999948 ], [ 143.437916163000068, -38.187029955999947 ], [ 143.409766932000025, -38.200863775999949 ], [ 143.414738593000038, -38.252076105999947 ], [ 143.436722033000024, -38.234724025999981 ], [ 143.448530843000071, -38.246435635999944 ], [ 143.43686011200009, -38.250585795999939 ], [ 143.474570673000017, -38.251947455999982 ], [ 143.483182813000099, -38.266298515999949 ], [ 143.218565003000094, -38.273250995999945 ], [ 143.204804863000049, -38.214014865999957 ], [ 143.23108895300004, -38.188071985999954 ], [ 143.192951013000084, -38.162439995999932 ], [ 143.152412033000019, -38.197771015999933 ], [ 143.112112023, -38.186354995999977 ], [ 143.114784003000068, -38.219076965999932 ], [ 143.091448933000038, -38.222319955999978 ], [ 143.092388153000115, -38.271486595999932 ], [ 142.906476313000098, -38.272856785999977 ], [ 142.888605913000106, -38.297237025999948 ], [ 142.884700923000082, -38.280041995999966 ], [ 142.796895023000047, -38.253160955999931 ], [ 142.782723973000088, -38.22769296599995 ], [ 142.788514003000046, -38.197754995999958 ], [ 142.890724373000012, -38.194360555999936 ], [ 142.896870713000112, -38.167476305999969 ], [ 142.942815893000102, -38.171174005999944 ], [ 142.94104345300002, -38.12856159599994 ], [ 143.019375663000119, -38.136003045999985 ], [ 142.992221603000075, -38.079500665999944 ], [ 143.026159663000044, -38.058077075999961 ], [ 143.013416673000052, -38.045809145999954 ], [ 143.050603093000063, -38.004404335999936 ], [ 143.036483943000121, -37.991388495999956 ], [ 143.083015903000046, -37.947304305999978 ], [ 143.074003613000059, -37.929196135999973 ], [ 143.092921923000063, -37.904001305999941 ] ] ] } },
{ "type": "Feature", "properties": { "objectid": 1161, "sa2_code_2021": "217031475", "sa2_name_2021": "Corangamite - South", "change_flag_2021": "0", "change_label_2021": "No change", "sa3_code_2021": "21703", "sa3_name_2021": "Colac - Corangamite", "sa4_code_2021": "217", "sa4_name_2021": "Warrnambool and South West", "gccsa_code_2021": "2RVIC", "gccsa_name_2021": "Rest of Vic.", "state_code_2021": "2", "state_name_2021": "Victoria", "aus_code_2021": "AUS", "aus_name_2021": "Australia", "area_albers_sqkm": 1805.2081, "asgs_loci_uri_2021": "http://linked.data.gov.au/dataset/asgsed3/SA2/217031475", "shape_Length": 3.000365830665749, "shape_Area": 0.18633146165874728 }, "geometry": { "type": "MultiPolygon", "coordinates": [ [ [ [ 142.847359013000073, -38.480745995999939 ], [ 142.835335003000068, -38.412822985999981 ], [ 142.85632896300001, -38.381977975999973 ], [ 142.844902933000071, -38.367352965999942 ], [ 142.854698873000075, -38.311625975999959 ], [ 142.884942083000055, -38.304537065999966 ], [ 142.905911363000087, -38.272964805999948 ], [ 143.483182813000099, -38.266298515999949 ], [ 143.430920103000062, -38.30891444599996 ], [ 143.421982313000058, -38.348707095999941 ], [ 143.323742923000054, -38.324453335999976 ], [ 143.276100823000093, -38.347120145999952 ], [ 143.263784963000035, -38.446823675999951 ], [ 143.320876983000062, -38.453946995999956 ], [ 143.364393373000098, -38.495661325999947 ], [ 143.344583693000118, -38.497922485999936 ], [ 143.362297983000076, -38.521024995999937 ], [ 143.348673993000034, -38.544410995999954 ], [ 143.266596993000121, -38.573417995999932 ], [ 143.292414023000106, -38.615096995999977 ], [ 143.265271024000072, -38.628562995999971 ], [ 143.279411013000072, -38.654297995999968 ], [ 143.247113983000077, -38.688324985999941 ], [ 143.252423023000119, -38.741976985999941 ], [ 143.287111053000103, -38.757535025999971 ], [ 143.267387033000091, -38.763092965999931 ], [ 143.259696013000053, -38.772963984999933 ], [ 143.215322054000012, -38.758392984999944 ], [ 143.122979863000069, -38.676794035999933 ], [ 143.094624833000012, -38.658369955999945 ], [ 143.083190883000043, -38.65324103599994 ], [ 143.080400164000025, -38.654342005999979 ], [ 143.075532963000114, -38.648705035999967 ], [ 143.060331993000091, -38.645749975999934 ], [ 143.054989923000107, -38.647870025999964 ], [ 143.058168013000113, -38.645003965999933 ], [ 143.055595093000079, -38.641750995999985 ], [ 143.03666484300004, -38.63174795599997 ], [ 143.013449893000029, -38.624137994999955 ], [ 142.947884173000034, -38.619767965999984 ], [ 142.937025863000031, -38.627335985999935 ], [ 142.880253653000068, -38.608461705999957 ], [ 142.869474983000032, -38.566972005999958 ], [ 142.832913993000034, -38.538484995999966 ], [ 142.837296984000091, -38.523766985999941 ], [ 142.807206023000049, -38.510822005999955 ], [ 142.811093164000113, -38.49160597599996 ], [ 142.847359013000073, -38.480745995999939 ] ] ], [ [ [ 143.265642113000013, -38.770161034999944 ], [ 143.265135974000032, -38.769586994999941 ], [ 143.265970074000052, -38.769813995999982 ], [ 143.265642113000013, -38.770161034999944 ] ] ], [ [ [ 143.047898993000103, -38.641591974999983 ], [ 143.046891013000049, -38.641084995999961 ], [ 143.048184133000063, -38.641128025999933 ], [ 143.047898993000103, -38.641591974999983 ] ] ], [ [ [ 143.065330923000033, -38.649142965999943 ], [ 143.063547863000053, -38.648540964999938 ], [ 143.065901163000035, -38.648666965999951 ], [ 143.065330923000033, -38.649142965999943 ] ] ], [ [ [ 143.070240243000057, -38.649214695999945 ], [ 143.068714103000048, -38.649403615999972 ], [ 143.070869573000095, -38.648436235999952 ], [ 143.070240243000057, -38.649214695999945 ] ] ], [ [ [ 143.072630223000033, -38.650226845999953 ], [ 143.072101083000121, -38.650108905999957 ], [ 143.073155493000058, -38.649535165999964 ], [ 143.072630223000033, -38.650226845999953 ] ] ], [ [ [ 143.074589833000118, -38.650918545999957 ], [ 143.074145633000057, -38.650922905999948 ], [ 143.074183923000078, -38.650778594999963 ], [ 143.074589833000118, -38.650918545999957 ] ] ], [ [ [ 143.057008113000052, -38.644604995999941 ], [ 143.056740973000046, -38.64451401599996 ], [ 143.057068923000088, -38.644514995999941 ], [ 143.057008113000052, -38.644604995999941 ] ] ], [ [ [ 143.081252333000066, -38.655469465999943 ], [ 143.082073693000098, -38.655156965999936 ], [ 143.082090483000115, -38.655566025999974 ], [ 143.081252333000066, -38.655469465999943 ] ] ], [ [ [ 143.088495243000011, -38.658114225999952 ], [ 143.087765313000091, -38.65838449599994 ], [ 143.087825723000037, -38.658018995999953 ], [ 143.088495243000011, -38.658114225999952 ] ] ], [ [ [ 143.095624273000112, -38.661332045999984 ], [ 143.095466483000109, -38.660890875999939 ], [ 143.095846163000033, -38.660892185999955 ], [ 143.095624273000112, -38.661332045999984 ] ] ], [ [ [ 143.07660854400001, -38.651650955999969 ], [ 143.076517074000094, -38.651325395999947 ], [ 143.076773483000011, -38.651330025999982 ], [ 143.07660854400001, -38.651650955999969 ] ] ], [ [ [ 143.101105663000112, -38.663530285999968 ], [ 143.100684124000054, -38.663347825999949 ], [ 143.101143443000069, -38.663359575999948 ], [ 143.101105663000112, -38.663530285999968 ] ] ], [ [ [ 143.103102104000072, -38.664588954999942 ], [ 143.10275006400002, -38.664639995999948 ], [ 143.102725933000102, -38.664467005999938 ], [ 143.103102104000072, -38.664588954999942 ] ] ], [ [ [ 143.075656113000036, -38.652298015999975 ], [ 143.075361963000091, -38.652114955999934 ], [ 143.075770903000034, -38.652111975999958 ], [ 143.075656113000036, -38.652298015999975 ] ] ], [ [ [ 143.075152343000013, -38.651146795999978 ], [ 143.075550733000114, -38.651178265999931 ], [ 143.075250594000067, -38.651300955999943 ], [ 143.075152343000013, -38.651146795999978 ] ] ], [ [ [ 143.083517523000069, -38.653732395999953 ], [ 143.083697023000013, -38.653953065999929 ], [ 143.083495183000082, -38.653992265999932 ], [ 143.083517523000069, -38.653732395999953 ] ] ], [ [ [ 143.108174183000074, -38.668442035999931 ], [ 143.107846923000011, -38.66848297599995 ], [ 143.108186043000046, -38.668299035999951 ], [ 143.108174183000074, -38.668442035999931 ] ] ], [ [ [ 143.107273104000114, -38.668321975999959 ], [ 143.107112903000029, -38.668536985999935 ], [ 143.106954133000045, -38.668464975999939 ], [ 143.107273104000114, -38.668321975999959 ] ] ], [ [ [ 143.099785064000116, -38.66251880599998 ], [ 143.099512043000118, -38.662474565999958 ], [ 143.099656543000037, -38.662370285999941 ], [ 143.099785064000116, -38.66251880599998 ] ] ], [ [ [ 143.022439994000024, -38.629642345999969 ], [ 143.02182846300002, -38.629391985999973 ], [ 143.022597704000077, -38.62907030599996 ], [ 143.022439994000024, -38.629642345999969 ] ] ] ] } },
{ "type": "Feature", "properties": { "objectid": 1162, "sa2_code_2021": "217031476", "sa2_name_2021": "Otway", "change_flag_2021": "0", "change_label_2021": "No change", "sa3_code_2021": "21703", "sa3_name_2021": "Colac - Corangamite", "sa4_code_2021": "217", "sa4_name_2021": "Warrnambool and South West", "gccsa_code_2021": "2RVIC", "gccsa_name_2021": "Rest of Vic.", "state_code_2021": "2", "state_name_2021": "Victoria", "aus_code_2021": "AUS", "aus_name_2021": "Australia", "area_albers_sqkm": 1505.8895, "asgs_loci_uri_2021": "http://linked.data.gov.au/dataset/asgsed3/SA2/217031476", "shape_Length": 2.3913816614769909, "shape_Area": 0.15581645057211396 }, "geometry": { "type": "MultiPolygon", "coordinates": [ [ [ [ 143.946105883000087, -38.579417565999961 ], [ 143.837129883000102, -38.692745985999977 ], [ 143.681545493000044, -38.737486775999969 ], [ 143.666011673000071, -38.779379065999933 ], [ 143.61603084300009, -38.795508995999967 ], [ 143.554064023000024, -38.855694955999979 ], [ 143.510919123000122, -38.857580005999978 ], [ 143.429177153000069, -38.783690985999954 ], [ 143.373049933000061, -38.759713015999978 ], [ 143.287111053000103, -38.757535025999971 ], [ 143.250690003000045, -38.737219985999957 ], [ 143.259289003000049, -38.713210004999951 ], [ 143.247113983000077, -38.688324985999941 ], [ 143.279411013000072, -38.654297995999968 ], [ 143.262807013000042, -38.633514005999984 ], [ 143.292414023000106, -38.615096995999977 ], [ 143.266596993000121, -38.573417995999932 ], [ 143.348673993000034, -38.544410995999954 ], [ 143.362297983000076, -38.521024995999937 ], [ 143.345029653000097, -38.497256475999961 ], [ 143.364699833000032, -38.496159735999981 ], [ 143.373464983000076, -38.515258965999976 ], [ 143.3989480030001, -38.496901525999931 ], [ 143.451531473000045, -38.492606495999951 ], [ 143.453643143000022, -38.510827455999959 ], [ 143.487550073000079, -38.515148185999976 ], [ 143.502968143000089, -38.471012005999967 ], [ 143.557956053000112, -38.477516025999932 ], [ 143.584659453000086, -38.456532605999939 ], [ 143.639794413000118, -38.462161845999958 ], [ 143.641801083000018, -38.451619965999953 ], [ 143.64445678200002, -38.487507745999949 ], [ 143.741385093000076, -38.479285795999942 ], [ 143.731133993000071, -38.537539295999977 ], [ 143.773457783000026, -38.575525955999979 ], [ 143.824532382000029, -38.566587555999945 ], [ 143.946105883000087, -38.579417565999961 ] ] ], [ [ [ 143.402898983000114, -38.781405985999982 ], [ 143.402568143000053, -38.781106025999975 ], [ 143.402937853000026, -38.781116015999942 ], [ 143.402898983000114, -38.781405985999982 ] ] ] ] } },
{ "type": "Feature", "properties": { "objectid": 1163, "sa2_code_2021": "217041477", "sa2_name_2021": "Moyne - East", "change_flag_2021": "0", "change_label_2021": "No change", "sa3_code_2021": "21704", "sa3_name_2021": "Warrnambool", "sa4_code_2021": "217", "sa4_name_2021": "Warrnambool and South West", "gccsa_code_2021": "2RVIC", "gccsa_name_2021": "Rest of Vic.", "state_code_2021": "2", "state_name_2021": "Victoria", "aus_code_2021": "AUS", "aus_name_2021": "Australia", "area_albers_sqkm": 3275.7989, "asgs_loci_uri_2021": "http://linked.data.gov.au/dataset/asgsed3/SA2/217041477", "shape_Length": 4.6728778469005059, "shape_Area": 0.33644030844630124 }, "geometry": { "type": "Polygon", "coordinates": [ [ [ 142.41437802300004, -38.093038995999962 ], [ 142.390435993000096, -38.033537985999942 ], [ 142.41999102300008, -38.018167005999942 ], [ 142.427504003000081, -37.992217995999965 ], [ 142.384435023000037, -37.979772985999944 ], [ 142.389051003000077, -37.95991599599995 ], [ 142.365980993000107, -37.947216985999944 ], [ 142.328912973000115, -37.947599995999951 ], [ 142.328697993000105, -37.933132995999983 ], [ 142.413603013000056, -37.932233005999933 ], [ 142.409000003000074, -37.898161995999942 ], [ 142.450134003000016, -37.918430985999976 ], [ 142.466685993000056, -37.834926005999932 ], [ 142.449779883000019, -37.826023045999932 ], [ 142.469205873000078, -37.822078975999943 ], [ 142.473998323000046, -37.798996415999966 ], [ 142.525267683000038, -37.821063565999964 ], [ 142.529743063000069, -37.798525975999951 ], [ 142.673109693000015, -37.816553055999975 ], [ 142.664825323000059, -37.829999545999954 ], [ 142.701735913000107, -37.83470925599994 ], [ 142.757734583000115, -37.812741435999953 ], [ 142.839685802000076, -37.82213887599994 ], [ 142.842223173000093, -37.807864625999969 ], [ 142.861405233000028, -37.806452155999978 ], [ 142.879466493000109, -37.808444865999945 ], [ 142.879400463000025, -37.836583305999966 ], [ 143.007239012000014, -37.765551005999953 ], [ 143.013064013000076, -37.786908995999966 ], [ 143.035258023000097, -37.792774995999935 ], [ 143.031377123000084, -37.814525575999937 ], [ 143.076225002000115, -37.81565799599997 ], [ 143.105820372000039, -37.833547865999947 ], [ 143.07953726300002, -37.863836355999979 ], [ 143.101232353000114, -37.882964345999937 ], [ 143.073854763000099, -37.886117665999961 ], [ 143.097755803000041, -37.907147595999959 ], [ 143.074053653000078, -37.929005145999952 ], [ 143.083015903000046, -37.947304305999978 ], [ 143.051859573000115, -37.963436755999965 ], [ 143.036483943000121, -37.991388495999956 ], [ 143.050430123000069, -38.004899335999937 ], [ 143.013416673000052, -38.045809145999954 ], [ 143.026159663000044, -38.058077075999961 ], [ 142.992143603000045, -38.07975666599998 ], [ 143.019375663000119, -38.136003045999985 ], [ 142.94104345300002, -38.12856159599994 ], [ 142.942815893000102, -38.171174005999944 ], [ 142.896870713000112, -38.167476305999969 ], [ 142.890724373000012, -38.194360555999936 ], [ 142.788514003000046, -38.197754995999958 ], [ 142.782723973000088, -38.22769296599995 ], [ 142.796895023000047, -38.253160955999931 ], [ 142.884700923000082, -38.280041995999966 ], [ 142.87892618300009, -38.295510035999939 ], [ 142.890408943000011, -38.298340015999941 ], [ 142.854698873000075, -38.311625975999959 ], [ 142.844902933000071, -38.367352965999942 ], [ 142.85632896300001, -38.381977975999973 ], [ 142.835335003000068, -38.412822985999981 ], [ 142.846096003000071, -38.487347005999936 ], [ 142.811093164000113, -38.49160597599996 ], [ 142.807206023000049, -38.510822005999955 ], [ 142.837296984000091, -38.523766985999941 ], [ 142.832913993000034, -38.538484995999966 ], [ 142.869474983000032, -38.566972005999958 ], [ 142.878086723000024, -38.609873725999933 ], [ 142.787657643000102, -38.569124175999946 ], [ 142.620063334000065, -38.457225025999946 ], [ 142.624986013000012, -38.415128995999964 ], [ 142.647765004000121, -38.40004999599995 ], [ 142.688683993000041, -38.404894995999939 ], [ 142.694310023000071, -38.369844995999983 ], [ 142.61169501300003, -38.350497985999937 ], [ 142.604390014000046, -38.363342995999972 ], [ 142.542495033000023, -38.354431055999953 ], [ 142.522621584000035, -38.336220885999978 ], [ 142.55007502300009, -38.318317995999962 ], [ 142.493182033000039, -38.305590995999978 ], [ 142.48975942300001, -38.268145645999937 ], [ 142.408567983000012, -38.266930985999977 ], [ 142.415740013000118, -38.23967999599995 ], [ 142.369962853000061, -38.238070045999962 ], [ 142.369391993000022, -38.180248005999943 ], [ 142.350904013000104, -38.180388985999969 ], [ 142.350655993000032, -38.166006995999965 ], [ 142.369152154000062, -38.165830005999965 ], [ 142.368462003000104, -38.108817005999981 ], [ 142.41437802300004, -38.093038995999962 ] ] ] } },
{ "type": "Feature", "properties": { "objectid": 1164, "sa2_code_2021": "217041478", "sa2_name_2021": "Moyne - West", "change_flag_2021": "0", "change_label_2021": "No change", "sa3_code_2021": "21704", "sa3_name_2021": "Warrnambool", "sa4_code_2021": "217", "sa4_name_2021": "Warrnambool and South West", "gccsa_code_2021": "2RVIC", "gccsa_name_2021": "Rest of Vic.", "state_code_2021": "2", "state_name_2021": "Victoria", "aus_code_2021": "AUS", "aus_name_2021": "Australia", "area_albers_sqkm": 2037.7626, "asgs_loci_uri_2021": "http://linked.data.gov.au/dataset/asgsed3/SA2/217041478", "shape_Length": 2.8311222025206626, "shape_Area": 0.20946201617251209 }, "geometry": { "type": "MultiPolygon", "coordinates": [ [ [ [ 141.985276174000091, -38.30163186599998 ], [ 141.869558434000055, -38.26431303499993 ], [ 141.869588583000109, -38.210719535999942 ], [ 141.850943764000021, -38.211160764999931 ], [ 141.850864083000033, -38.174396765999973 ], [ 141.850914124000042, -38.122809035999978 ], [ 141.869380903000092, -38.113102745999981 ], [ 141.846048893000102, -38.077431804999947 ], [ 141.858951023000031, -38.074842995999973 ], [ 141.871027013000116, -38.026320984999984 ], [ 141.833537424000042, -38.013233955999965 ], [ 141.846838063000064, -37.961302795999984 ], [ 141.973189233000085, -37.986037255999975 ], [ 142.01657298300006, -37.980284995999966 ], [ 142.022302033000074, -37.963816995999935 ], [ 142.074528013000076, -37.962181985999962 ], [ 142.084774003000121, -37.947355995999942 ], [ 142.133860993000098, -37.956512995999958 ], [ 142.216883013000029, -37.934434005999947 ], [ 142.217422013000032, -37.975007005999942 ], [ 142.231701983000107, -37.997508995999965 ], [ 142.250234013000068, -37.997307995999961 ], [ 142.280184963000011, -37.984625815999948 ], [ 142.273648003000062, -37.933728985999949 ], [ 142.328697993000105, -37.933132995999983 ], [ 142.328912973000115, -37.947599995999951 ], [ 142.365980993000107, -37.947216985999944 ], [ 142.389051003000077, -37.95991599599995 ], [ 142.384435023000037, -37.979772985999944 ], [ 142.427504003000081, -37.992217995999965 ], [ 142.41999102300008, -38.018167005999942 ], [ 142.390435993000096, -38.033537985999942 ], [ 142.41437802300004, -38.093038995999962 ], [ 142.368462003000104, -38.108817005999981 ], [ 142.369152154000062, -38.165830005999965 ], [ 142.350655993000032, -38.166006995999965 ], [ 142.350904013000104, -38.180388985999969 ], [ 142.369391993000022, -38.180248005999943 ], [ 142.369962853000061, -38.238070045999962 ], [ 142.415740013000118, -38.23967999599995 ], [ 142.408567983000012, -38.266930985999977 ], [ 142.48975942300001, -38.268145645999937 ], [ 142.483813504000068, -38.304565044999947 ], [ 142.464925813000036, -38.306258455999966 ], [ 142.461112953000111, -38.328052085999957 ], [ 142.438127983000072, -38.327990995999983 ], [ 142.43710898300003, -38.343584005999958 ], [ 142.404627413000071, -38.362720194999952 ], [ 142.372204933000035, -38.349417955999968 ], [ 142.309370663000095, -38.356321544999957 ], [ 142.252003534000096, -38.36959438599996 ], [ 142.24505083300005, -38.396426695999935 ], [ 142.188801523000052, -38.394742365999946 ], [ 142.145505003000039, -38.391381855999953 ], [ 141.985276174000091, -38.30163186599998 ] ] ], [ [ [ 142.014170633000049, -38.412306455999953 ], [ 141.998761023000043, -38.425484795999978 ], [ 141.993480934000104, -38.417371734999961 ], [ 142.014170633000049, -38.412306455999953 ] ] ] ] } },
{ "type": "Feature", "properties": { "objectid": 1165, "sa2_code_2021": "217041479", "sa2_name_2021": "Warrnambool - North", "change_flag_2021": "0", "change_label_2021": "No change", "sa3_code_2021": "21704", "sa3_name_2021": "Warrnambool", "sa4_code_2021": "217", "sa4_name_2021": "Warrnambool and South West", "gccsa_code_2021": "2RVIC", "gccsa_name_2021": "Rest of Vic.", "state_code_2021": "2", "state_name_2021": "Victoria", "aus_code_2021": "AUS", "aus_name_2021": "Australia", "area_albers_sqkm": 62.4199, "asgs_loci_uri_2021": "http://linked.data.gov.au/dataset/asgsed3/SA2/217041479", "shape_Length": 0.4739578109738804, "shape_Area": 0.0064324842221592845 }, "geometry": { "type": "Polygon", "coordinates": [ [ [ 142.436677333000034, -38.355454435999945 ], [ 142.438127983000072, -38.327990995999983 ], [ 142.461112953000111, -38.328052085999957 ], [ 142.464925813000036, -38.306258455999966 ], [ 142.484960994000062, -38.297359995999955 ], [ 142.547338323000076, -38.314210815999957 ], [ 142.521302183000103, -38.344120775999954 ], [ 142.557255993000012, -38.355038995999962 ], [ 142.553892003000101, -38.372259995999968 ], [ 142.503180983000107, -38.386542995999946 ], [ 142.436677333000034, -38.355454435999945 ] ] ] } },
{ "type": "Feature", "properties": { "objectid": 1166, "sa2_code_2021": "217041480", "sa2_name_2021": "Warrnambool - South", "change_flag_2021": "0", "change_label_2021": "No change", "sa3_code_2021": "21704", "sa3_name_2021": "Warrnambool", "sa4_code_2021": "217", "sa4_name_2021": "Warrnambool and South West", "gccsa_code_2021": "2RVIC", "gccsa_name_2021": "Rest of Vic.", "state_code_2021": "2", "state_name_2021": "Victoria", "aus_code_2021": "AUS", "aus_name_2021": "Australia", "area_albers_sqkm": 120.1957, "asgs_loci_uri_2021": "http://linked.data.gov.au/dataset/asgsed3/SA2/217041480", "shape_Length": 0.90395550150615944, "shape_Area": 0.012394024224670966 }, "geometry": { "type": "Polygon", "coordinates": [ [ [ 142.452808173000108, -38.391272595999965 ], [ 142.404627413000071, -38.362720194999952 ], [ 142.414261913000018, -38.345811654999977 ], [ 142.436500013000114, -38.344165995999958 ], [ 142.438422213000081, -38.359469725999929 ], [ 142.502824014000112, -38.38652699599993 ], [ 142.553892003000101, -38.372259995999968 ], [ 142.559357003000059, -38.353867005999973 ], [ 142.694310023000071, -38.369844995999983 ], [ 142.688683993000041, -38.404894995999939 ], [ 142.647765004000121, -38.40004999599995 ], [ 142.624986013000012, -38.415128995999964 ], [ 142.619879223000112, -38.457296805999931 ], [ 142.534311113000058, -38.408656605999965 ], [ 142.452808173000108, -38.391272595999965 ] ] ] } },
{ "type": "Feature", "properties": { "objectid": 1167, "sa2_code_2021": "297979799", "sa2_name_2021": "Migratory - Offshore - Shipping (Vic.)", "change_flag_2021": "0", "change_label_2021": "No change", "sa3_code_2021": "29797", "sa3_name_2021": "Migratory - Offshore - Shipping (Vic.)", "sa4_code_2021": "297", "sa4_name_2021": "Migratory - Offshore - Shipping (Vic.)", "gccsa_code_2021": "29799", "gccsa_name_2021": "Migratory - Offshore - Shipping (Vic.)", "state_code_2021": "2", "state_name_2021": "Victoria", "aus_code_2021": "AUS", "aus_name_2021": "Australia", "area_albers_sqkm": null, "asgs_loci_uri_2021": "http://linked.data.gov.au/dataset/asgsed3/SA2/297979799", "shape_Length": 0.0, "shape_Area": 0.0 }, "geometry": null },
{ "type": "Feature", "properties": { "objectid": 1168, "sa2_code_2021": "299999499", "sa2_name_2021": "No usual address (Vic.)", "change_flag_2021": "0", "change_label_2021": "No change", "sa3_code_2021": "29999", "sa3_name_2021": "No usual address (Vic.)", "sa4_code_2021": "299", "sa4_name_2021": "No usual address (Vic.)", "gccsa_code_2021": "29499", "gccsa_name_2021": "No usual address (Vic.)", "state_code_2021": "2", "state_name_2021": "Victoria", "aus_code_2021": "AUS", "aus_name_2021": "Australia", "area_albers_sqkm": null, "asgs_loci_uri_2021": "http://linked.data.gov.au/dataset/asgsed3/SA2/299999499", "shape_Length": 0.0, "shape_Area": 0.0 }, "geometry": null }
]
}
